{
	"bm_w_akm_gold"   : "Золотой AKMS",
	"bm_w_contraband" : "H&K HK417 с подствольным гранатометом M203",

	"bm_w_jowi"         : "Акимбо Glock 26",
	"bm_w_x_1911"       : "Акимбо 1911 Lightweight Operator",
	"bm_w_x_b92fs"      : "Акимбо Beretta 92FS Centurion",
	"bm_w_x_deagle"     : "Акимбо IMI Desert Eagle Mark XIX",
	"bm_w_x_g17"        : "Акимбо Glock 17",
	"bm_w_x_g22c"       : "Акимбо Glock 22C",
	"bm_w_x_usp"        : "Акимбо H&K USP45 Tactical",
	"bm_w_x_packrat"    : "Акимбо H&K P30L",
	"bm_w_x_chinchilla" : "Акимбо Smith & Wesson Model 29",

	"bm_w_x_sr2"   : "Акимбо TsNIITochMash SR-2M Veresk",
	"bm_w_x_mp5"   : "Акимбо H&K MP5",
	"bm_w_x_akmsu" : "Акимбо Izhmash AKMSU",

	"bm_w_gre_m79"          : "Гранатомет M79",
	"bm_w_saw"              : "Пила OVE9000",
	"bm_w_m134"             : "Миниган M134",
	"bm_w_m32"              : "Гранатомет Milkor MGL Mk 1L",
	"bm_w_flamethrower_mk2" : "Огнемент",
	"bm_w_long"             : "Английский лук",

	"bm_w_hunter"  : "Пистолет-арбалет Amur Falcon",
	"bm_w_china"   : "Гранатомет China Lake",
	"bm_w_ray"     : "Ракетная установка M202 FLASH",

	"bm_melee_model24"     : "Ручная граната М-24",
	"bm_melee_becker"      : "Мачете KA-BAR Becker",
	"bm_melee_bullseye"    : "Топорик S&W Bullseye",
	"bm_melee_fairbair"    : "Боевой нож Fairbairn-Sykes",
	"bm_melee_taser"       : "Шокер ZAP 1M-Volt",
	"bm_melee_nin"         : "Гвоздомет PASLODE IM360CI 90MM",
	"bm_melee_kabar_tanto" : "Нож Танто KA-BAR",
	"bm_melee_ballistic"   : "Американские баллистические ножи",
	"bm_melee_tomahawk"    : "Томагавк Gerber Downrange",
	"bm_melee_bayonet"     : "Штык-нож АКМ",
	"bm_melee_dingdong"    : "Молот Gerber Ding Dong",
	"bm_melee_oldbaton"    : "Дубинка Monadnock PR-24",
	"bm_melee_cqc"         : "Кунаи",
	"bm_melee_buck"        : "Щит \"Железный Кулак\"",
	"bm_melee_beardy"      : "Нордический длиннобородый топор",
	"bm_melee_great"       : "Цвайхендер",
	"bm_melee_topaz"       : "Ледоруб Black Diamond Cobra",
	"bm_melee_wing"        : "Нож-бабочка",
	"bm_melee_cs"          : "Бензопила Homelite Super 2",

	"bm_melee_weapon_info"        : "",
	"bm_melee_fists_info"         : "",
	"bm_melee_kabar_info"         : "",
	"bm_melee_rambo_info"         : "",
	"bm_melee_gerber_info"        : "",
	"bm_melee_kampfmesser_info"   : "",
	"bm_melee_tomahawk_info"      : "",
	"bm_melee_baton_info"         : "",
	"bm_melee_shovel_info"        : "",
	"bm_melee_becker_info"        : "",
	"bm_melee_moneybundle_info"   : "",
	"bm_melee_baseballbat_info"   : "",
	"bm_melee_x46_info"           : "",
	"bm_melee_dingdong_info"      : "",
	"bm_melee_bayonet_info"       : "",
	"bm_melee_bullseye_info"      : "",
	"bm_melee_bat_info"           : "",
	"bm_melee_cleaver_info"       : "",
	"bm_melee_fireaxe_info"       : "",
	"bm_melee_machete_info"       : "",
	"bm_melee_briefcase_info"     : "",
	"bm_melee_kabar_tanto_info"   : "",
	"bm_melee_toothbrush_info"    : "",
	"bm_melee_chef_info"          : "",
	"bm_melee_fairbair_info"      : "",
	"bm_melee_freedom_info"       : "",
	"bm_melee_model24_info"       : "",
	"bm_melee_swagger_info"       : "",
	"bm_melee_alien_maul_info"    : "",
	"bm_melee_shillelagh_info"    : "",
	"bm_melee_boxing_gloves_info" : "",
	"bm_melee_meat_cleaver_info"  : "",
	"bm_melee_hammer_info"        : "",
	"bm_melee_whiskey_info"       : "",
	"bm_melee_fork_info"          : "",
	"bm_melee_poker_info"         : "",
	"bm_melee_spatula_info"       : "",
	"bm_melee_tenderizer_info"    : "",
	"bm_melee_scalper_info"       : "",
	"bm_melee_mining_pick_info"   : "",
	"bm_melee_branding_iron_info" : "",
	"bm_melee_bowie_info"         : "",
	"bm_melee_microphone_info"    : "",
	"bm_melee_detector_info"      : "",
	"bm_melee_micstand_info"      : "",
	"bm_melee_oldbaton_info"      : "",
	"bm_melee_hockey_info"        : "",
	"bm_melee_switchblade_info"   : "",
	"bm_melee_taser_info"         : "",
	"bm_melee_slot_lever_info"    : "",
	"bm_melee_croupier_rake_info" : "",
	"bm_melee_fight_info"         : "",
	"bm_melee_tiger_info"         : "",
	"bm_melee_cqc_info"           : "",
	"bm_melee_twins_info"         : "",
	"bm_melee_sandsteel_info"     : "",
	"bm_melee_great_info"         : "",
	"bm_melee_beardy_info"        : "",
	"bm_melee_buck_info"          : "",
	"bm_melee_morning_info"       : "",
	"bm_melee_boltcutter_info"    : "",
	"bm_melee_topaz_info"         : "",
	"bm_melee_selfie_info"        : "",
	"bm_melee_gator_info"         : "",
	"bm_melee_pugio_info"         : "",
	"bm_melee_boxcutter_info"     : "",
	"bm_melee_shawn_info"         : "",
	"bm_melee_pitchfork_info"     : "",
	"bm_melee_stick_info"         : "",
	"bm_melee_scoutknife_info"    : "",
	"bm_melee_nin_info"           : "",
	"bm_melee_ballistic_info"     : "",
	"bm_melee_zeus_info"          : "",
	"bm_melee_wing_info"          : "",
	"bm_melee_road_info"          : "",
	"bm_melee_ostry_info"         : "",
	"bm_melee_agave_info"         : "",
	"bm_melee_brick_info"         : "",
	"bm_melee_cs_info"            : "",
	"bm_melee_catch_info"         : "",
	"bm_melee_oxide_info"         : "",
	"bm_melee_sword_info"         : "",

	"menu_challenge_monthly_shadowraid_objective"  : "Завершите \"ТЕНЕВОЙ РЕЙД\" без навыков на сложности OVERKILL или выше, используя только карабин Colt Model 733, пистолет Glock 17 и костюм-двойку.",
	"menu_challenge_monthly_rats_objective"        : "Завершите \"КРЫСЫ\" без навыков на сложности OVERKILL или выше, используя только Colt Model 733, Glock 17 и костюм-двойку.",
	"menu_challenge_frog_1_objective"              : "Завершите \"СПАСЕНИЕ ХОКСТОНА\" без навыков на сложности OVERKILL или выше, используя золотую винтовку AKMS, пистолет-пулемет Thompson M1928A1 LTD и костюм-двойку.",
	"menu_challenge_monthly_firestarter_objective" : "Завершите \"ПОДЖИГАТЕЛЬ\" без навыков на сложности OVERKILL или выше, используя только карабин Colt Model 733, пистолет Glock 17 и костюм-двойку.",

	"menu_assault_rifle" : "Штурмовые винтовки",
	"menu_akimbo"        : "Акимбо",
	"menu_snp"           : "Снайперские винтовки",
	"menu_shotgun"       : "Дробовики",
	"menu_lmg"           : "Пулеметы",
	"menu_pistol"        : "Пистолеты",
	"menu_smg"           : "Пистолет-пулеметы"
}
