{
	"bm_w_akm_gold"   : "Golden AKMS",
	"bm_w_amcar"      : "Colt Model 733",
	"bm_w_ak74"       : "Izhmash AKS-74",
	"bm_w_m4"         : "Colt M4A1",
	"bm_w_aug"        : "Steyr AUG A2",
	"bm_w_akm"        : "Izhmash AKMS",
	"bm_w_g36"        : "H&K G36KV",
	"bm_w_m14"        : "M14 Designated Marksman Rifle",
	"bm_w_ak5"        : "Bofors Ak 5",
	"bm_w_m16"        : "Colt M16A4",
	"bm_w_s552"       : "SIG SG 552-2",
	"bm_w_scar"       : "FN SCAR-H STD",
	"bm_w_fal"        : "DSA SA58 FAL",
	"bm_w_famas"      : "FAMAS F1",
	"bm_w_galil"      : "IMI Galil ARM",
	"bm_w_g3"         : "H&K G3A3",
	"bm_w_l85a2"      : "Enfield L85A2",
	"bm_w_vhs"        : "HS Produkt VHS-D2",
	"bm_w_asval"      : "TsNIITochMash AS Val",
	"bm_w_sub2000"    : "Kel-Tec SUB-2000",
	"bm_w_tecci"      : "H&K HK416C",
	"bm_w_contraband" : "H&K HK417 with M203 PI Grenade Launcher",
	"bm_w_ak12"       : "Izhmash AK-12",
	"bm_w_ching"      : "M1 Garand",
	"bm_w_corgi"      : "FN F2000 Tactical TR",
	"bm_w_komodo"     : "IWI X95",

	"bm_w_spas12"   : "Franchi SPAS-12",
	"bm_w_b682"     : "CZ Redhead Deluxe O/U",
	"bm_w_r870"     : "Remington Model 870",
	"bm_w_saiga"    : "Izhmash Saiga-12K",
	"bm_w_huntsman" : "Stoeger/IGA",
	"bm_w_benelli"  : "Benelli M4 Super 90",
	"bm_w_ksg"      : "Kel-Tec KSG",
	"bm_w_aa12"     : "MPS AA-12 CQB",
	"bm_w_boot"     : "Winchester Model 1887",
	"bm_w_coach"	: "Remington Exposed Hammer SxS",

	"bm_w_jowi"         : "Akimbo Glock 26",
	"bm_w_x_1911"       : "Akimbo 1911 Lightweight Operator",
	"bm_w_x_b92fs"      : "Akimbo Beretta 92FS Centurion",
	"bm_w_x_deagle"     : "Akimbo IMI Desert Eagle Mark XIX",
	"bm_w_x_g17"        : "Akimbo Glock 17",
	"bm_w_x_g22c"       : "Akimbo Glock 22C",
	"bm_w_x_usp"        : "Akimbo H&K USP45 Tactical",
	"bm_w_x_packrat"    : "Akimbo H&K P30L",
	"bm_w_x_chinchilla" : "Akimbo Smith & Wesson Model 29",
	"bm_w_x_shrew"      : "Akimbo Colt Defender",
	"bm_w_x_rage"       : "Akimbo Taurus Raging Bull",
	"bm_w_x_pl14"       : "Akimbo Kalashnikov Concern PL-14 Lebedev",
	"bm_w_x_sparrow"    : "Akimbo IWI Jericho 941 PL",
	"bm_w_x_c96"        : "Akimbo Mauser C96",
	"bm_w_x_breech"     : "Akimbo Luger P08",
	"bm_w_x_hs2000"     : "Akimbo Springfield Armory XDM",
	"bm_w_x_g18c"       : "Akimbo Glock 18C",
	"bm_w_x_2006m"      : "Akimbo Mateba 2006M",
	"bm_w_x_p226"       : "Akimbo SIG-Sauer P226R",
	"bm_w_x_ppk"        : "Akimbo Walther PPK",
	"bm_w_x_legacy"		: "Akimbo H&K P7M13",
	
	"bm_w_x_basset"     : "Akimbo CBRPS Spike X1S Saiga-12K CQB",
	"bm_w_x_rota"       : "Akimbo Crye Precision SIX12",
	"bm_w_x_judge"      : "Akimbo Taurus 4510PLYFS",

	"bm_w_x_sr2"        : "Akimbo TsNIITochMash SR-2M Veresk",
	"bm_w_x_mp5"        : "Akimbo H&K MP5",
	"bm_w_x_akmsu"      : "Akimbo Izhmash AKMSU",
	"bm_w_x_hajk"       : "Akimbo CZ 805 BREN A1",
	"bm_w_x_mac10"      : "Akimbo Ingram MAC-11",
	"bm_w_x_cobray"     : "Akimbo Cobray M11/9",
	"bm_w_x_m1928"      : "Akimbo Thompson M1928A1 LTD",
	"bm_w_x_scorpion"   : "Akimbo Sa. Vz.61 Skorpion",
	"bm_w_x_baka"       : "Akimbo IMI Micro Uzi",
	"bm_w_x_mp9"        : "Akimbo Brügger & Thomet MP9",
	"bm_w_x_olympic"    : "Akimbo Olympic Arms K23B",
	"bm_w_x_schakal"    : "Akimbo H&K UMP45",
	"bm_w_x_erma"       : "Akimbo MP40",
	"bm_w_x_tec9"	    : "Akimbo Intratec TEC-9",
	"bm_w_x_p90"        : "Akimbo FN P90 TR",
	"bm_w_x_polymer"    : "Akimbo KRISS Vector",
	"bm_w_x_sterling"   : "Akimbo Sterling L2A3",
	"bm_w_x_uzi"        : "Akimbo IMI Uzi",
	"bm_w_x_m45"        : "Akimbo Carl Gustav M/45B",
	"bm_w_x_mp7"        : "Akimbo H&K MP7A2",
	"bm_w_x_coal"       : "Akimbo Izhmash PP-19 Bizon-2",
	"bm_w_x_shepheard"  : "Akimbo SIG-Sauer MPX",

	"bm_w_gre_m79"          : "M79 Grenade Launcher",
	"bm_w_saw"              : "OVE9000 Saw",
	"bm_w_m134"             : "M134 Minigun",
	"bm_w_m32"              : "Milkor MGL Mk 1L Grenade Launcher",
	"bm_w_flamethrower_mk2" : "Flamethrower",
	"bm_w_long"             : "English Bow",
	"bm_w_shuno"            : "Empty Shell LLC XM556 Microgun",
	"bm_w_system"			: "The Boring Company Not A Flamethrower",

	"bm_w_msr"            : "Remington MSR",
	"bm_w_r93"            : "Blaser R93 LRS2",
	"bm_w_m95"            : "Barrett M95",
	"bm_w_mosin"          : "Mosin Nagant M1907 Carbine",
	"bm_w_winchester1874" : "Winchester Model 1873",
	"bm_w_wa2000"         : "Walther WA 2000",
	"bm_w_model70"        : "Winchester Model 70",
	"bm_w_desertfox"      : "DTA Stealth Recon Scout A1",
	"bm_w_tti"            : "Taran Tactical Innovations TR-1 Ultra-light",
	"bm_w_siltstone"      : "SVD Dragunov",

	"bm_w_rpk"  : "Izhmash RPK",
	"bm_w_m249" : "FN M249 Para",
	"bm_w_hk21" : "H&K HK21E",
	"bm_w_mg42" : "MG 42",
	"bm_w_par"  : "FN M240G",

	"bm_w_usp"          : "H&K USP45 Tactical",
	"bm_w_g22c"         : "Glock 22C",
	"bm_wp_pis_g26"     : "Glock 26",
	"bm_w_glock_17"     : "Glock 17",
	"bm_w_colt_1911"    : "1911 Lightweight Operator",
	"bm_w_b92fs"        : "Beretta 92FS Centurion",
	"bm_w_raging_bull"  : "Taurus Raging Bull",
	"bm_w_glock_18c"    : "Glock 18C",
	"bm_w_deagle"       : "IMI Desert Eagle Mark XIX",
	"bm_w_ppk"          : "Walther PPK",
	"bm_w_p226"         : "SIG-Sauer P226R",
	"bm_w_c96"          : "Mauser C96",
	"bm_w_hs2000"       : "Springfield Armory XDM",
	"bm_w_peacemaker"   : "Ruger New Vaquero",
	"bm_w_mateba"       : "Mateba 2006M",
	"bm_w_sparrow"      : "IWI Jericho 941 PL",
	"bm_w_pl14"         : "Kalashnikov Concern PL-14 Lebedev",
	"bm_w_packrat"      : "H&K P30L",
	"bm_w_lemming"      : "FN Five-seveN FDE",
	"bm_w_breech"       : "Luger P08",
	"bm_w_shrew"        : "Colt Defender",
	"bm_w_chinchilla"   : "Smith & Wesson Model 29",
	"bm_w_legacy"		: "H&K P7M13",

	"bm_w_m1928"      : "Thompson M1928A1 LTD",
	"bm_w_mac10"      : "Ingram MAC-11",
	"bm_w_mp5"        : "H&K MP5",
	"bm_w_mp9"        : "Brügger & Thomet MP9",
	"bm_w_olympic"    : "Olympic Arms K23B",
	"bm_w_akmsu"      : "Izhmash AKMSU",
	"bm_w_p90"        : "FN P90 TR",
	"bm_w_m45"        : "Carl Gustav M/45B",
	"bm_w_mp7"        : "H&K MP7A2",
	"bm_w_scorpion"   : "Sa. Vz.61 Skorpion",
	"bm_w_tec9"       : "Intratec TEC-9",
	"bm_w_uzi"        : "IMI Uzi",
	"bm_w_sterling"   : "Sterling L2A3",
	"bm_w_cobray"     : "Cobray M11/9",
	"bm_w_polymer"    : "KRISS Vector",
	"bm_w_baka"       : "IMI Micro Uzi",
	"bm_w_sr2"        : "TsNIITochMash SR-2M Veresk",
	"bm_w_hajk"       : "CZ 805 BREN A1",
	"bm_w_schakal"    : "H&K UMP45",
	"bm_w_coal"       : "Izhmash PP-19 Bizon-2",
	"bm_w_erma"       : "MP40",
	"bm_w_shepheard"  : "SIG-Sauer MPX",

	"bm_w_judge"   : "Taurus 4510PLYFS",
	"bm_w_serbu"   : "Remington 870 Short-barreled",
	"bm_w_striker" : "Sentinel Arms Striker-12",
	"bm_w_m37"     : "Ithaca 37",
	"bm_w_rota"    : "Crye Precision SIX12",
	"bm_w_basset"  : "CBRPS Spike X1S Saiga-12K CQB Conversion",

	"bm_w_rpg7"    : "RPG-7",
	"bm_w_hunter"  : "Amur Falcon Pistol Crossbow",
	"bm_w_china"   : "China Lake Launcher",
	"bm_w_arbiter" : "H&K XM25",
	"bm_w_ray"     : "M202 FLASH Rocket Launcher",
	"bm_w_slap"    : "H&K M320",

	"bm_wp_upg_o_eotech"        : "EOTech Model 553",
	"bm_wp_upg_o_t1micro"       : "Aimpoint Weaver-Mounted Micro T-1",
	"bm_wp_upg_o_docter"        : "DOCTER Sight II Plus",
	"bm_wp_upg_o_acog"          : "Trijicon ACOG",
	"bm_wp_upg_o_aimpoint"      : "Aimpoint PRO Rifle Optic 12841",
	"bm_wp_upg_o_specter"       : "ELCAN Specter DR 1x/4x",
	"bm_wp_upg_o_cmore"         : "C-MORE Railway ARW",
	"bm_wp_upg_o_cs"            : "Aimpoint CS",
	"bm_wp_upg_o_eotech_xps"    : "EOTech Model EXPS3",
	"bm_wp_upg_o_reflex"        : "Generic Open Reflex Sight",
	"bm_wp_upg_o_rx01"          : "Trijicon RX01 Polarized Reflex Sight",
	"bm_wp_upg_o_rx30"          : "Trijicon RX30 Reflex Sight",
	"bm_wp_upg_o_ak_scopemount" : "K-VAR KV-045 Optic Mount",
	"bm_wp_fps_upg_o_45iron"    : "XTI Angle Mount Sight",
	"bm_wp_upg_o_leupold"       : "Leupold Mk 4 ER/T + BORS",
	"bm_wpn_fps_o_45rds"        : "Leupold DeltaPoint Pro",
	"bm_wpn_fps_upg_o_45rds_v2" : "Aimpoint Micro T-2 Angled Sight",
	"bm_wp_upg_o_box"           : "Pulsar Digisight LRF N960 N970 Night Vision Scope with Rangefinder",
	"bm_wpg_o_mbus_rear"        : "MBUS Front and Rear Sights",
	"bm_wp_upg_o_rmr"           : "Trijicon RM06 RMR Sight",
	"bm_wp_upg_o_spot"          : "NcSTAR Advanced Dual Optic Sight",

	"bm_wp_m4_m_straight" : "STANAG 22rnd Mag",
	"bm_wp_m4_uupg_m_std" : "STANAG 38rnd Mag",
	"bm_wp_m4_m_pmag"     : "Magpul PMAG",
	"bm_wp_upg_m4_m_quad" : "STANAG 60rnd Mag",
	"bm_wp_l85a2_m_emag"  : "Magpul EMAG",
	"bm_wp_upg_m4_m_l5"   : "L5AWM",
	"bm_wp_m4_m_quick"    : "Original Magpul 5.56 NATO",
	"bm_wp_sr2_m_quick"   : "Original Magpul 9mm Veresk Retrofit",

	"bm_wp_upg_o_sho_salvo_large"  : "SilencerCo Salvo 12 Suppressor",
	"bm_wp_upg_ns_sho_salvo_large" : "SilencerCo Salvo 12 Suppressor",
	"bm_wp_upg_ns_shot_thick"      : "Chigurh Suppressor",
	"bm_wp_upg_ns_ass_smg_medium"  : "SAI M80 Supressor Custom",
	"bm_wp_upg_ns_ass_smg_small"   : "GEMTECH HALO Suppressor",
	"bm_wp_upg_ns_ass_smg_firepig" : "Noveske KX3 Flash Suppressor",
	"bm_wp_upg_ns_ass_smg_stubby"  : "VFC Stinger Flash Hider",
	"bm_wp_upg_ns_ass_smg_large"   : "Generic Big Suppressor",
	"bm_wp_upg_ns_ass_pbs1"        : "PBS-1 Sound Suppressor",
	"bm_wp_upg_ns_medium_gem"      : "GEMTECH BLACKSIDE-45 Suppressor",
	"bm_wp_upg_ns_large_kac"       : "Knight's Armament Mk23 Suppressor",
	"bm_wp_upg_ns_pis_small"       : "Thompson Machine Poseidon Suppressor",
	"bm_wp_upg_ns_pis_large"       : "SilencerCo Osprey .45 Suppressor",
	"bm_wp_upg_ns_ass_filter"      : "Oil Filter Suppressor",
	"bm_wp_mosin_b_sniper"         : "Bramit Suppressor",
	"bm_wp_upg_ns_pis_jungle"      : "M1911A1 Custom Camouflaged Supressor",
	"bm_wp_upg_ns_pis_medium_slim" : "Chromed Suppressor",
	"bm_wp_sr2_ns_silencer"        : "9x39mm Suppressor",

	"bm_wp_upg_ass_ns_jprifles" : "JP Standard-Profile Compensator",
	"bm_wp_upg_ass_ns_linear"   : "KIES Blast Master Linear Compensator",
	"bm_wp_upg_ass_ns_surefire" : "SureFire MB556K Muzzle Brake",
	"bm_wp_ns_battle"           : "BattleComp 2.0 Melonite",
	"bm_wp_upg_ns_shot_shark"   : "Tromix Shark Brake Door Breacher",
	"bm_wp_upg_shot_ns_king"    : "King Armory 12ga Breacher",
	"bm_wp_upg_ns_meatgrinder"  : "WE Tech Tenderizer Compensator",
	"bm_wp_ns_duck"	            : "Paradigm SRP Gator Shotgun Spreader",

	"bm_wp_m4_s_standard"   : "Bushmaster LE Stock",
	"bm_wp_m4_s_pts"        : "Magpul PTS Stock",
	"bm_wp_m4_uupg_s_fold"  : "LR300 Folding Stock",
	"bm_wp_upg_m4_s_crane"  : "NSWC Crane Stock",
	"bm_wp_upg_m4_s_mk46"   : "NSWC Crane Stock Custom",
	"bm_wp_ak_s_folding"    : "Folding AK Stock",
	"bm_wp_ak_s_skfoldable" : "AKS-74 Stock",
	"bm_wp_upg_m4_s_ubr"    : "Magpul UBR Collapsible Buttstock Custom",

	"bm_wp_m4_g_ergo"      : "Command Arms UPG16 Grip",
	"bm_wp_m4_g_sniper"    : "Generic Weight-Balanced Synthetic Grip",
	"bm_wp_upg_m4_g_hgrip" : "Hogue OverMolded Soft Rubber Grip",
	"bm_wp_upg_m4_g_mgrip" : "Magpul MOE-K Grip",

	"bm_wp_upg_fl_ass_smg_sho_surefire"    : "Surefire Scout Light",
	"bm_wp_upg_fl_ass_smg_sho_peqbox"      : "Insight Technology AN/PEQ-5",
	"bm_wp_upg_fl_ass_smg_sho_peqbox_desc" : "The sight is mil-spec and projects a visible red dot. The unit is a civilian version of the larger AN-PEQ-2, which is only available for use by the U.S. Military.",
	"bm_wp_upg_fl_ass_laser"               : "Offset Laser Mount & Sight",
	"bm_wp_upg_fl_ass_peq15"               : "Insight Technology AN/PEQ-15",
	"bm_wp_upg_fl_ass_peq15_desc"          : "This is a lightweight, rugged, simple to use aiming system designed for use with or without a night vision device.\nRun Time: More than 6 hours.",
	"bm_wp_upg_fl_ass_utg"                 : "LT-ELP38 Laser/Light Combo",
	"bm_wp_upg_fl_ass_utg_desc"            : "This is the perfect accessory for gaining the tactical advantage. The flashlight can be used to quickly identify your target while minimizing your exposure at night. The laser allows you to quickly acquire your target making it easier to put your bullets on target in the heat of battle.\nLaser Lifetime: 6000 hours.",
	"bm_wp_upg_fl_pis_tlr1"                : "Streamlight TLR-1",
	"bm_wp_upg_fl_pis_tlr1_desc"           : "Intensely bright, virtually indestructible rail-mounted tactical light, attaches to almost any gun in seconds.\nRun Time: 2.5 hours.",
	"bm_wp_upg_fl_pis_laser"               : "CMR-201 RAIL MASTER Laser Sight",
	"bm_wp_upg_fl_pis_laser_desc"          : "This is a powerful and versatile laser sight designed to fit rail-equipped pistols, rifles and shotguns.\nRun Time: 4 hours.",
	"bm_wp_upg_fl_crimson"                 : "CN-201 RAIL MASTER Laser Sight",
	"bm_wp_upg_fl_x400v"                   : "SureFire X400V IRc LED Light and Laser Sight",
	"bm_wp_upg_fl_x400v_desc"              : "This is an highly versatile dual-spectrum light that also boasts an integral Class 1 infrared-laser sight for use with night vision devices.\nRun Time: 2.5 hours.",
	"bm_wp_upg_fl_pis_m3x"                 : "Insight Technology M3X Tactical Illuminator",
	"bm_wp_upg_fl_pis_m3x_desc"            : "This light was built to perform under the most rigorous conditions and survive the harshest environments. Because of this, it can go as deep as 66ft. and still remain waterproof.\nRun Time: 1 hour",

	"bm_wp_upg_i_singlefire" : "Single-Fire Lock",
	"bm_wp_upg_i_autofire"   : "Full-Auto Lock",

	"bm_wp_mg42_b_mg34" : "MG 34 Barrel",
	"bm_wp_mg42_b_vg38" : "DLT-19 Heavy Blaster Rifle Barrel",

	"bm_wp_ass_s552_fg_standard_green" : "OD Green Handguard",
	"bm_wp_ass_s552_fg_railed"         : "SIG SG 553 Railed Handguard",
	"bm_wp_ass_s552_b_long"            : "SIG SG 552 LB Kit",
	"bm_wp_ass_s552_g_standard_green"  : "OD Green Grip",
	"bm_wp_ass_s552_s_standard_green"  : "OD Green Stock",

	"bm_wp_aug_fg_a3"    : "AUG A3 Foregrip",
	"bm_wp_aug_body_f90" : "Thales EF88/F90 Receiver",
	"bm_wp_aug_b_short"  : "AUG Carbine 16 Inch Barrel",
	"bm_wp_aug_b_long"   : "AUG HBAR Barrel",

	"bm_wp_l85a2_fg_short" : "Daniel Defense Railed Foregrip",
	"bm_wp_l85a2_b_short"  : "L22 Prototype Barrel",
	"bm_wp_l85a2_b_long"   : "L86A1 Barrel",
	"bm_wp_l85a2_g_worn"   : "Worn Grip",

	"bm_wp_famas_b_suppressed" : "Integrally Suppressed Barrel",
	"bm_wp_famas_b_long"       : "G2 Civilian Barrel",
	"bm_wp_famas_b_short"      : "G2 Commando Barrel",
	"bm_wp_famas_b_sniper"     : "G2 Sniper Barrel",
	"bm_wp_famas_g_retro"      : "G2 Grip",

	"bm_wp_ak5_fg_ak5c" : "Bofors AK 5C Foregrip",
	"bm_wp_ak5_fg_fnc"  : "FN FNC Foregrip",
	"bm_wp_ak5_s_ak5b"  : "FFV AK 5B Stock",
	"bm_wp_ak5_s_ak5c"  : "Bofors AK 5C Stock",
	"bm_wp_ak5_b_short" : "Bofors AK 5C Barrel",

	"bm_wp_sub2000_fg_gen2"       : "Gen 2 Kit",
	"bm_wp_sub2000_fg_suppressed" : "GemTech MK-9K Suppressor",
	"bm_wp_sub2000_fg_railed"     : "Red Lion Precision Gen I SUB-2000 Foregrip",
	
	"bm_wp_tecci_b_long" : "LMG Barrel",

	"bm_wp_scar_s_sniper"        : "FN SSR Stock",
	"bm_wp_scar_b_short"         : "Mk17 CQC Kit",
	"bm_wp_scar_b_long"          : "Mk17 LB Kit",
	"bm_wp_scar_scar_fg_railext" : "PWS SRX Rail Extension",
	"bm_wp_scar_fg_railext"      : "Primary Weapon Systems SRX Rail Extension",

	"bm_wp_m14_body_ebr"         : "M1A SOPMOD Chassis",
	"bm_wp_m14_body_jae"         : "JAE-100 G3 Chassis Custom",
	"bm_wp_upg_o_m14_scopemount" : "Mk14 Chassis",

	"bm_wp_vhs_b_short"    : "VHS-K2 Barrel",
	"bm_wp_vhs_b_sniper"   : "Long Barrel",
	"bm_wp_vhs_b_silenced" : "Integral Suppressor",

	"bm_wp_upg_ass_m4_lower_reciever_core"		 : "CORE15 Lower Receiver",
	"bm_wp_m4_upper_reciever_edge"               : "VLTOR MUR-1A Upper Receiver",
	"bm_wp_upg_ass_m4_upper_reciever_ballos"	 : "2A-Arms BALIOS-Lite Upper Receiver",
	"bm_wp_upg_ass_m4_upper_reciever_core"		 : "CORE15 Upper Receiver",

	"bm_wp_m16_fg_railed"           : "Daniel Defense AR15 Lite Rail III Custom",
	"bm_wp_m16_fg_vietnam"          : "M16A1 Foregrip",
	"bm_wp_upg_ass_m16_fg_stag"     : "Diamondhead VRS-T Custom",
	"bm_wp_m4_upg_ass_m4_b_beowolf" : ".50 Beowulf Conversion Kit",
	"bm_wp_m4_uupg_b_short"         : "LR 300 Barrel",

	"bm_wp_m4_uupg_fg_lr300"   : "Z-M LR 300ML Foregrip",
	"bm_wp_upg_fg_jp"          : "JPHG3-1M Carbon Fibre Custom Foregrip",
	"bm_wp_upg_fg_smr"         : "Geissele SMR MKIII Foregrip",
	"bm_wp_upg_ass_m4_fg_lvoa" : "War Sport LVOA Foregrip Custom",
	"bm_wp_upg_ass_m4_fg_moe"  : "Magpul MOE SL Handguard",
	"bm_wp_m4_uupg_b_sd"       : "AAC Honey Badger Barrel",

	"bm_wp_upg_ak_b_draco"       : "Romanian AIMR Barrel",
	"bm_wp_upg_ak_b_ak105"       : "AK-105 Barrel",
	"bm_wp_upg_ass_ak_b_zastava" : "Zastava M76 Barrel",
	"bm_wp_akmsu_fg_rail"        : "Generic Railed Handguard",
	"bm_wp_upg_ak_fg_zenit"      : "RIS Handguard",

	"bm_wp_ak_fg_combo2"       : "Ultimak AK Optic Mount",
	"bm_wp_ak_fg_combo3"       : "Ultimak AK Modular Rail Forend System",
	"bm_wp_upg_ak_fg_tapco"    : "Tapco Intrafuse Handguard",
	"bm_wp_upg_fg_midwest"     : "Midwest Industries Quad Rail",
	"bm_wp_upg_ak_fg_krebs"    : "Krebs UFM Keymod System Handguard",
	"bm_wp_upg_ak_fg_trax"     : "Strike Industries TRAX Handguard",
	"bm_wp_saiga_fg_lowerrail" : "Ultimak AK-47 Multi-Rail Forend Custom Retrofit",
	"bm_wp_saiga_fg_holy"      : "Fuglystick Rail System, 'Cobra' Pattern",

	"bm_wp_upg_ak_g_hgrip" : "Hogue OverMolded AK Pistol Grip",
	"bm_wp_upg_ak_g_pgrip" : "US PALM Enhanced Pistol Grip",
	"bm_wp_upg_ak_g_wgrip" : "Wooden Grip",
	"bm_wp_upg_ak_g_rk3"   : "ZenitCo PK-3 Pistol Grip",

	"bm_wp_upg_ak_m_quad"   : "Concern Kalashnikov 60rnd Mag",
	"bm_wp_upg_ak_m_uspalm" : "US PALM AK30 30rnd Mag",
	"bm_wp_ak_m_quick"      : "Original Magpul AK Retrofit",

	"bm_wp_upg_ak_s_solidstock" : "AK-74 Stock",
	"bm_wp_ak_s_psl"            : "PSL Stock",

	"bm_wp_asval_b_proto" : "SR-3M Barrel",
	"bm_wp_asval_s_solid" : "VSS Vintorez Stock",

	"bm_wp_polymer_barrel_precision" : "CRB Barrel Shroud",
	"bm_wp_polymer_ns_silencer"      : "Defiance HPS 4GSK",

	"bm_wp_hk21_b_long"   : "HK23E Barrel",
	"bm_wp_hk21_fg_short" : "Short Handguard",

	"bm_wp_uzi_b_suppressed" : "SIONICS \"Whispering Death\" Retrofit Custom",
	"bm_wp_uzi_fg_rail"      : "K-Grip",
	"bm_wp_uzi_s_solid"      : "Original Wooden Buttstock",

	"bm_wp_cobray_ns_barrelext" : "Barrel Shroud",
	"bm_wp_cobray_ns_silencer"  : "SIONICS \"Whispering Death\"",
	"bm_wp_mac10_body_ris"      : "G&P CQB Tactical Rail Kit Retrofit",
	"bm_wp_mac10_m_extended"    : "32rnd Magazine",
	"bm_wp_mac10_m_quick"       : "32rnd Magpul Magazine",
	
	"bm_wp_baka_b_comp" : "Compensated Barrel",

	"bm_wp_sterling_b_e11"        : "E-11 Blaster Rifle Barrel",
	"bm_wp_sterling_b_suppressed" : "Sterling L34A1 Barrel",
	"bm_wp_sterling_b_short"      : "Sterling Mk 7 \"Para-Pistol\" Barrel",
	"bm_wp_sterling_m_short"      : "E-11 Blaster Rifle Magazine",
	"bm_wp_sterling_s_folded"     : "E-11 Blaster Rifle Stock",
	"bm_wp_sterling_b_long"       : "Barrel Extension",

	"bm_wp_mp5_fg_mp5a5"      : "Picatiny Tri-Rail Handguard",
	"bm_wp_mp5_fg_mp5sd"      : "MP5SD5 Barrel",
	"bm_wp_mp5_fg_m5k"        : "MP5K-N Barrel",
	"bm_wp_mp5_fg_flash"      : "Handguard with G&P CREE LED Flashlight",
	"bm_wp_mp5_fg_flash_desc" : "This tactical handguard is a direct replacement of the MP5 handguard.",
	"bm_wp_mp5_s_ring"        : "MP5K Stock",
	"bm_wp_mp5_s_adjust"      : "MP5A3 Stock",
	"bm_wp_mp5_s_folding"     : "MP5K PDW Stock",
	"bm_wp_mp5_m_straight"    : "MP5/10 Magazine",

	"bm_wp_mp7_b_suppressed" : "H&K MP7 QD Suppressor",

	"bm_wp_mp9_b_suppressed" : "MP9 QD Suppressor",
	"bm_wp_mp9_s_skel"       : "Steyr TMP Stock Retrofit",
	"bm_wp_mp9_m_extended"   : "30rnd Magazine",

	"bm_wp_p90_b_long"     : "PS90 Civilian Issue Barrel",
	"bm_wp_p90_b_civilian" : "Moerse Lekker Sales Barrel Shroud",
	"bm_wp_p90_b_ninja"    : "Custom Japanese Suppressor",
	"bm_wp_p90_m_strap"    : "P90 Magpul Magazine",

	"bm_wp_hajk_b_short"  : "CZ 805 BREN A2 Barrel",
	"bm_wp_hajk_b_medium" : "Standard Barrel",

	"bm_wp_scorpion_m_extended"   : "Quick-Swap Magazine",
	"bm_wp_scorpion_g_wood"       : "Original Wooden Grip",
	"bm_wp_scorpion_b_suppressed" : ".32 ACP Suppressor",

	"bm_wp_pis_g_laser"      : "Crimson Trace Glock Laser Grip",
	"bm_wp_pis_g_beavertail" : "Cytec Beavertail Grip",
	
	"bm_wp_g18c_s_stock"     : "FAB Defense GLR-440",
	"bm_wp_g18c_g_ergo" : "Hogue Handall Half-Size Universal Grip Sleeve",
	
	"bm_wp_pis_s_stock" : "FAB Defense GLR-440",
	
	"bm_wp_p14_b_comp" : "Ported Barrel Extension",

	"bm_wp_beretta_co_co1"       : "LA.RI.A AL-GI-MEC Compensator",
	"bm_wp_beretta_sl_brigadier" : "Brigadier 92FS Slide",
	"bm_wp_beretta_g_ergo"       : "Wooden Grip",
	"bm_wp_beretta_g_engraved"   : "Engraved Grip",

	"bm_wp_pis_ppk_b_long"       : "Stainless Walther PP Slide",
	
	"bm_wp_pis_usp_b_match"    : "Stainless Slide with Match Compensator",
	"bm_wp_pis_usp_m_big"      : "25rnd Magazine",
	"bm_wp_pis_usp_m_extended" : "21rnd Magazine",
	
	"bm_wp_g22c_b_long" : "Glock 35 Slide",
	
	"bm_wp_c96_b_long"     : "Carbine Barrel",
	"bm_wp_c96_m_extended" : "M72 Schnellfeuer Magazine",
	"bm_wp_c96_nozzle"     : "DL-44 Flash Hider",
	"bm_wp_c96_sight"      : "DL-44 Scope",
	
	"bm_wp_hs2000_sl_custom" : "XD-9 V10 4 Inch Barrel",
	"bm_wp_hs2000_sl_long"   : "XDM 5.25 Stainless Slide",
	
	"bm_wp_peacemaker_barrel_long"  : "Colt Buntline Special Barrel",
	"bm_wp_peacemaker_barrel_short" : "Colt SAA artillery 5.5 Inch Barrel",
	"bm_wp_peacemaker_rifle_stock"   : "Skeletal Stock",
	
	"bm_wp_sparrow_body_941" : "Jericho 941 F Kit",
	"bm_wp_sparrow_g_cowboy" : "Jericho 941 R Frame",

	"bm_wp_r93_body_wood" : "Blaser R93 Semi Weight Sporting Chassis",
	"bm_wp_r93_b_suppressed" : ".338 Lapua Suppressor",

	"bm_wp_m95_b_barrel_suppressed" : "QDL Suppressor + Camo Shroud",
	"bm_wp_m95_b_barrel_long"       : "Accuracy International AW50F Barrel",

	"bm_wp_upg_a_piercing_desc"       : "A flechette is a pointed steel projectile, with a vaned tail for stable flight. The name comes from French fléchette, \"little arrow\" or \"dart\".",
	"bm_wp_upg_a_slug_desc"           : "A shotgun slug is a heavy projectile made of lead, copper, or other material and fired from a shotgun.\nA shotgun slug is typically more massive than a rifle bullet.",
	"bm_wp_upg_a_slug2_desc"          : "A shotgun slug is a heavy projectile made of lead, copper, or other material and fired from a shotgun.\nA shotgun slug is typically more massive than a rifle bullet.",
	"bm_wp_upg_a_dragons_breath_desc" : "Dragon's breath is a special type of incendiary-effect round for a 12 gauge shotgun. Dragon's breath consists primarily of magnesium pellets. When the round is fired, sparks and flames can shoot out to about 100 feet.",
	
	"bm_wp_basset_fg_short"   : "Shortened Barrel and Rail",
	"bm_wp_basset_m_extended" : "SGM Tactical SAIGA Shotgun 12 Round Magazine",
	
	"bm_wp_ching_b_short"   : "T26 Carbine barrel",
	"bm_wp_ching_fg_railed" : "Fulton Armory Scout Rail, Gen III",
	"bm_wp_ching_s_pouch"   : "Olongapo Outfitters Garand Stock Pouch",
	
	"bm_wp_erma_s_folded" : "Folded Stock",
	
	"bm_wp_m1928_b_long"      : "M1927 Auto-Ordnance Barrel",
	"bm_wp_m1928_s_discrete"  : "Synthetic Stock",
	"bm_wp_m1928_g_discrete"  : "Synthetic Grip",
	"bm_wp_m1928_fg_discrete" : "Synthetic Foregrip",
	
	"bm_wp_tec9_b_standard" : "AB-10 Barrel",
	"bm_wp_tec9_ns_ext"     : "Barrel Extension",
	"bm_wp_tec9_s_unfolded" : "Unfolded Stock",
	
	"bm_wp_schakal_b_civil"     : "USC Barrel",
	"bm_wp_schakal_s_civil"     : "USC Stock",
	"bm_wp_schakal_vg_surefire" : "Surefire M900 Foregrip",
	"bm_wp_schakal_ns_silencer" : "GemTech UMP-45 Suppressor",
	
	"bm_wp_g36_s_kv"    : "Folding HK Stock",
	"bm_wp_g36_s_sl8"   : "SR8 Stock",
	"bm_wp_g36_fg_c"    : "G36C Foregrip",
	"bm_wp_g36_fg_ksk"  : "Knight Armaments G36 RAS Foregrip",
	"bm_wp_g36_fg_long" : "G36E Foregrip",
	"bm_wp_g36_m_quick" : "G36 Magpul Magazine",
	"bm_wp_g36_o_vintage" : "ZF 3x4°",
	
	"bm_wp_olympic_s_short"          : "K23P Stock",
	"bm_wp_olympic_fg_railed"        : "K23B Tactical Handguard",
	"bm_wp_m4_uupg_b_medium"         : "Mk 18 Mod 0 Barrel",
	"bm_wp_upg_smg_olympic_fg_lr300" : "Aftermarket Short Handguard",
	
	"bm_wp_fal_s_01"          : "SA58 OSW Stock",
	"bm_wp_fal_g_01"          : "SA58 OSW Grip",
	"bm_wp_fal_body_standard" : "SA58 OSW Foregrip",
	"bm_wp_fal_fg_03"         : "IMI Romat Foregrip",
	"bm_wp_fal_fg_04"         : "Imbel Custom Sniper Foregrip",
	"bm_wp_fal_s_03"          : "Magpul PRS2 Precision-Adjustable Stock",
	"bm_wp_fal_m_01"          : "STANAG 40rnd Magazine",
	
	"bm_wp_galil_fg_sar"     : "Galil SAR Foregrip",
	"bm_wp_galil_s_skeletal" : "Galil MAR Stock",
	"bm_wp_galil_fg_mar"     : "Galil MAR Foregrip",
	"bm_wp_galil_fg_fab"     : "FAB Defense VFR-GA Rail System",
	"bm_wp_galil_fg_sniper"  : "Galil 7.62 Foregrip",
	"bm_wp_galil_s_fab"      : "Micro Galil Custom FAB Defense Stock",
	"bm_wp_galil_s_plastic"  : "Original IMI Stock",
	"bm_wp_galil_s_sniper"   : "Galil Galatz Sniper Stock",
	
	"bm_wp_g3_b_sniper"         : "G3SG/1 Kit",
	"bm_wp_g3_fg_psg"           : "MSG90 Foregrip",
	"bm_wp_g3_g_sniper"         : "PSG1 Grip",
	"bm_wp_g3_s_sniper"         : "PSG1 Stock",
	"bm_wp_g3_s_wood"           : "CETME Stock",
	"bm_wp_g3_fg_retro"         : "CETME Foregrip",
	"bm_wp_g3_fg_retro_plastic" : "AK 4 Retrofit Handguard",
	"bm_wp_g3_fg_railed"        : "Railed Foregrip",
	
	"bm_wp_aa12_barrel_long" : "Regular AA-12 Barrel",
	"bm_wp_aa12_barrel_silenced" : "Integral Suppressor",
	
	"bm_wp_1911_g_ergo"     : "American Legend Pachmayr Grip",
	"bm_wp_1911_g_bling"    : "Wooden Grip",
	"bm_wp_1911_g_engraved" : "Engraved Grip",
	"bm_wp_1911_m_big"      : "ProMag 22rnd Magazine",
	"bm_wp_1911_b_vented"   : "Springfield Armory V-12 Vented Slide",
	"bm_wp_1911_b_long"     : "Springfield Armory V-16 Vented Long Slide",
	
	"bm_wp_rage_b_short" : "444 Multi-S/S Barrel",
	"bm_wp_rage_b_long"  : "444SS8 Barrel",
	
	"bm_wp_m249_b_long"  : "M249-E2 SAW Barrel",
	"bm_wp_m249_s_solid" : "M249-E2 SAW Stock",
	"bm_wp_m249_fg_mk46" : "MK46 Mod 0 Foregrip",
	
	"bm_wp_wa2000_b_long"       : "Gen 2 Barrel",
	"bm_wp_wa2000_b_suppressed" : "Integral Suppressor",
	"bm_wp_wa2000_g_walnut"     : "Walnut Furniture",
	"bm_wp_wa2000_g_light"      : "Lightweight Furniture",
	"bm_wp_wa2000_g_stealth"    : "Black Furniture",
	
	"bm_wp_siltstone_b_silenced"     : "7.62x54mm Suppressor",
	"bm_wp_siltstone_ns_variation_b" : "Custom Compensator",
	"bm_wp_siltstone_fg_polymer"     : "SVD Tiger Handguard",
	"bm_wp_siltstone_s_polymer"      : "SVD Tiger Stock",
	
	"bm_wp_desertfox_b_long"     : "Early Quad-Rail Handguard",
	"bm_wp_desertfox_b_silenced" : "DTSS .338 Suppressor",
	
	"bm_wp_tti_s_vltor"  : "VLTOR EMOD Stock",
	"bm_wp_tti_g_grippy" : "Hogue OverMolded Pistol Grip",
	"bm_wp_tti_ns_hex"   : "5.56x45mm Suppressor",
	
	"bm_wp_m134_barrel_extreme"   : "GAU-17/A Barrel",
	"bm_wp_m134_barrel_short"     : "Cut-Down Barrel",
	"bm_wp_m134_body_upper_light" : "Low Power Battery",
	
	"bm_wpn_fps_upg_o_xpsg33_magnifier" : "Aimpoint 3XMag Magnifier",
	
	"bm_wp_chinchilla_b_satan" : "Custom Kokusai Devil Barrel",
	"bm_wp_chinchilla_g_black" : "Synthetic Grip",
	
	"bm_wp_breech_b_reinforced" : "Sports Parabellum Mauser Barrel",
	
	"bm_wp_deagle_co_short"  : "Magnum Research DE50MB Compensator",
	"bm_wp_deagle_co_long"   : "Boondock Compensator",
	"bm_wp_pis_deagle_extra" : "Railed Scope Mount",
	"bm_wp_deagle_g_bling"   : "Ivory Grip",
	"bm_wp_deagle_b_long"    : "10 Inch Barrel",
	"bm_wp_deagle_b_modern"  : "Ported Barrel",
	
	"bm_wp_p226_b_equinox" : "P226 Equinox Slide",
	"bm_wp_p226_b_long"    : "P226 X-Six Slide",

	"bm_wp_shrew_g_ergo"   : "Hogue Officer M1911 Rubber Finger Grip",
	"bm_wp_shrew_g_bling"  : "Engraved Grip",
	
	"bm_wp_2006m_b_medium" : "4 Inch Barrel",
	"bm_wp_2006m_b_short"  : "3 Inch Barrel",
	"bm_wp_2006m_b_long"   : "6 Inch Barrel",
	"bm_wp_2006m_g_bling"  : "Synthetic Grip",
	
	"bm_wp_g26_b_custom"     : "Salient Arms Tier 1 Barrel",
	"bm_wp_g26_m_custom"     : "Salient Arms Tier 1 Magazine",
	"bm_wp_g26_body_salient" : "Salient Arms Tier 1 Frame",
		
	"bm_wp_m37_s_short" : "Sawed-Off Stock",
	"bm_wp_m37_b_short" : "Stakeout Barrel",
	
	"bm_wp_spas12_b_long"  : "Extended Magazine Tube",
	"bm_wp_spas12_s_solid" : "Fixed Stock",
	
	"bm_wp_rota_b_silenced" : "Integral Suppressor",
	
	"bm_wp_r870_s_folding"     : "Folding Stock",
	"bm_wp_r870_fg_wood"       : "Wooden Pump",
	"bm_wp_r870_m_extended"    : "Extended Magazine Tube",
	"bm_wp_r870_s_nostock_big" : "Scope Mount",
	"bm_wp_r870_s_solid_big"   : "Standard Stock with Scope Mount",
	
	"bm_wp_shorty_m_extended_short" : "Extended Magazine Tube",
	"bm_wp_serbu_s_solid_short"     : "Standard Stock with Scope Mount",
	"bm_wp_serbu_s_nostock_short"   : "Scope Mount",
	
	"bm_wp_coach_s_short" : "Sawed-Off Stock",
	
	"bm_wp_b682_s_ammopouch" : "Shell Carrier",
	"bm_wp_b682_s_short"     : "Sawed-Off Stock",
	
	"bm_wp_ben_b_short"     : "M4 NFA Barrel",
	"bm_wp_ben_fg_standard" : "M4 Tactical Stock",
	
	"bm_wp_ksg_b_short" : "KSG-12 Tactical Barrel",
	
	"bm_wp_snp_msr_ns_suppressor" : "TiTAN-QD .338 AAC Suppressor",
	
	"bm_wp_mosin_b_short"      : "M1907 M38 Carbine Barrel",
	"bm_wp_mosin_b_long"       : "M1907's M91/30 Barrel",
	"bm_wp_mosin_ns_bayonet"   : "Mosin Nagant Bayonet",
	"bm_wp_mosin_body_conceal" : "Synthetic Stock",
	
	"bm_wp_shepheard_body_short" : "MPX-K Handguard",
	"bm_wp_shepheard_s_no"       : "MPX-K Stock",
	
	"bm_wp_smg_m45_b_small"    : "Short Barrel",
	"bm_wp_smg_m45_b_green"    : "M/45B Swedish Green Barrel",
	"bm_wp_smg_m45_g_bling"    : "Ivory Grip",
	"bm_wp_smg_m45_g_ergo"     : "Black Grip",
	"bm_wp_smg_m45_body_green" : "M/45B Swedish Green Finish",

	"bm_wp_rpk_s_standard" : "RPK-74M Stock",

	"bm_wp_m32_barrel_short" : "Milkor Mark 14 Barrel",

	"bm_wp_mosin_ns_bayonet_desc" : "The Mosin Nagant bayonet is a spike bayonet, meaning unlike a knife-style bayonet, it is unable to be wielded by hand.\nMeasures 19 1/2 inches.",

	"bm_melee_model24"     : "Model 24 Stielhandgranate",
	"bm_melee_pugio"       : "Extrema Ratio EX314BL Pugio",
	"bm_melee_gerber"      : "Gerber DMF Auto Modified Clip Point",
	"bm_melee_gator"       : "Gerber Gator Machete Pro",
	"bm_melee_kampfmesser" : "Eickhorn-Solingen KM2000",
	"bm_melee_kabar"       : "KA-BAR USMC",
	"bm_melee_becker"      : "KA-BAR Becker TacTool",
	"bm_melee_bullseye"    : "S&W Bullseye Hatchet",
	"bm_melee_fairbair"    : "Fairbairn-Sykes Fighting Knife",
	"bm_melee_taser"       : "ZAP 1M-Volt Stun Baton",
	"bm_melee_tiger"       : "Tekko-Kagi",
	"bm_melee_brick"       : "Motorola DynaTAC 8000X",
	"bm_melee_nin"         : "PALSODE IM360CI 90MM Cordless Gas Framing Nailer",
	"bm_melee_kabar_tanto" : "KA-BAR Tanto Blade",
	"bm_melee_ballistic"   : "USA-Style Ballistic Knives",
	"bm_melee_tomahawk"    : "Gerber Downrange Tomahawk",
	"bm_melee_bayonet"     : "'60s 2nd Generation AKM Bayonet",
	"bm_melee_dingdong"    : "Gerber Ding Dong Breaching Tool",
	"bm_melee_oldbaton"    : "Monadnock PR-24 Baton",
	"bm_melee_cqc"         : "Kunai",
	"bm_melee_buck"        : "'Metal Fist' Buckler",
	"bm_melee_beardy"      : "Nordic Long-Bearded Axe",
	"bm_melee_great"       : "Zweihander",
	"bm_melee_topaz"       : "Black Diamond Cobra Ice Tool",
	"bm_melee_wing"        : "Balisong",
	"bm_melee_cs"          : "Homelite Super 2 Chainsaw",
	"bm_melee_rambo"       : "Bowie Knife",
	"bm_melee_x46"         : "Robson X46 Utility Survival Knife",

	"bm_melee_weapon_info"        : "",
	"bm_melee_fists_info"         : "",
	"bm_melee_kabar_info"         : "",
	"bm_melee_rambo_info"         : "",
	"bm_melee_gerber_info"        : "D.M.F., or Dual Multi Function, is an automatic knife that springs into action with either the right or left hand. The fully automatic S30V steel blade boasts superior corrosion resistance. The G10 handle offers a mix of strength and low weight.",
	"bm_melee_kampfmesser_info"   : "",
	"bm_melee_tomahawk_info"      : "",
	"bm_melee_baton_info"         : "",
	"bm_melee_shovel_info"        : "",
	"bm_melee_becker_info"        : "",
	"bm_melee_moneybundle_info"   : "",
	"bm_melee_baseballbat_info"   : "",
	"bm_melee_x46_info"           : "",
	"bm_melee_dingdong_info"      : "When ringing the doorbell isn't a reality but the need to get through a barrier is, the Ding Dong combines 3 essential breaching tools. Designed for MOLLE compatibility, this sledgehammer, battering ram, pry bar hybrid is all business.",
	"bm_melee_bayonet_info"       : "",
	"bm_melee_bullseye_info"      : "",
	"bm_melee_bat_info"           : "",
	"bm_melee_cleaver_info"       : "",
	"bm_melee_fireaxe_info"       : "",
	"bm_melee_machete_info"       : "",
	"bm_melee_briefcase_info"     : "",
	"bm_melee_kabar_tanto_info"   : "",
	"bm_melee_toothbrush_info"    : "",
	"bm_melee_chef_info"          : "",
	"bm_melee_fairbair_info"      : "",
	"bm_melee_freedom_info"       : "",
	"bm_melee_model24_info"       : "The Stielhandgranate was a German unique hand grenade design that was the standard issue of the German Empire during World War I, and later was the standard issue of Nazi Germany's armed forces (Wehrmacht) during World War II. The very distinctive appearance led to it being called a \"stick grenade\", or \"potato masher\" in British Army slang.",
	"bm_melee_swagger_info"       : "",
	"bm_melee_alien_maul_info"    : "",
	"bm_melee_shillelagh_info"    : "",
	"bm_melee_boxing_gloves_info" : "",
	"bm_melee_meat_cleaver_info"  : "",
	"bm_melee_hammer_info"        : "",
	"bm_melee_whiskey_info"       : "",
	"bm_melee_fork_info"          : "",
	"bm_melee_poker_info"         : "",
	"bm_melee_spatula_info"       : "",
	"bm_melee_tenderizer_info"    : "",
	"bm_melee_scalper_info"       : "",
	"bm_melee_mining_pick_info"   : "",
	"bm_melee_branding_iron_info" : "",
	"bm_melee_bowie_info"         : "",
	"bm_melee_microphone_info"    : "",
	"bm_melee_detector_info"      : "",
	"bm_melee_micstand_info"      : "",
	"bm_melee_oldbaton_info"      : "",
	"bm_melee_hockey_info"        : "",
	"bm_melee_switchblade_info"   : "",
	"bm_melee_taser_info"         : "",
	"bm_melee_slot_lever_info"    : "",
	"bm_melee_croupier_rake_info" : "",
	"bm_melee_fight_info"         : "",
	"bm_melee_tiger_info"         : "",
	"bm_melee_cqc_info"           : "",
	"bm_melee_twins_info"         : "",
	"bm_melee_sandsteel_info"     : "",
	"bm_melee_great_info"         : "",
	"bm_melee_beardy_info"        : "",
	"bm_melee_buck_info"          : "",
	"bm_melee_morning_info"       : "",
	"bm_melee_boltcutter_info"    : "",
	"bm_melee_topaz_info"         : "",
	"bm_melee_selfie_info"        : "",
	"bm_melee_gator_info"         : "This is the top of the Gerber machetes. The corrosion-resistant, multi-purpose blade can be used as an axe, machete or knife. The sheath is made of military-grade nylon and includes a sharpening stone.",
	"bm_melee_pugio_info"         : "This is a knife designed and used for killing. Period. \nThe pugio was intended as an auxiliary weapon, but its exact purpose to the soldier remains unknown. The pugio was a dagger used by Roman soldiers as a sidearm. The dagger was a common weapon of assassination and suicide; for example, the conspirators who stabbed Julius Caesar used pugiones.",
	"bm_melee_boxcutter_info"     : "",
	"bm_melee_shawn_info"         : "",
	"bm_melee_pitchfork_info"     : "",
	"bm_melee_stick_info"         : "",
	"bm_melee_scoutknife_info"    : "",
	"bm_melee_nin_info"           : "",
	"bm_melee_ballistic_info"     : "",
	"bm_melee_zeus_info"          : "",
	"bm_melee_wing_info"          : "",
	"bm_melee_road_info"          : "",
	"bm_melee_ostry_info"         : "",
	"bm_melee_agave_info"         : "",
	"bm_melee_brick_info"         : "The Motorola DynaTAC 8000X portable cellular phone received approval from the U.S. FCC on September 21, 1983. A full charge took roughly 10 hours, and it offered 30 minutes of talk time. It also offered a LED display for dialing or recall of one of 30 phone numbers. It was priced at $3,995 in 1984, its commercial release year, which is equivalent to $9,366 in 2017 dollars when adjusted for inflation. DynaTAC was an abbreviation of \"Dynamic Adaptive Total Area Coverage\".",
	"bm_melee_cs_info"            : "",
	"bm_melee_catch_info"         : "",
	"bm_melee_oxide_info"         : "",
	"bm_melee_sword_info"         : "",

	"bm_menu_barrel_ext"     : "Barrel Extension",
	"bm_menu_custom"         : "Internal Mod",
	"bm_menu_sight"          : "Optic",

	"bm_grenade_fir_com"                   : "M14 TH3 Incendiary Grenade",
	"bm_grenade_fir_com_desc"              : "A cylindrical grenade visually identical to the M8, the M14 is a purpose designed incendiary grenade. Working off the intense and violent reaction of the thermate filler, end result of the deployment of the M14 is molten iron. This means the M14 is primarily employed on material to be destroyed in a roughly secure environment and not as an offensive or defensive weapon. Since the thermate reaction uses iron oxide instead of oxygen for its oxidizing agent, the grenade can work under water.",
	"bm_grenade_frag_com"                  : "Community M67 Frag Grenade",
	"bm_grenade_frag_com_desc"             : "The M67 grenade is a fragmentation hand grenade used by the United States Military. The M67 is a further development of the M33 grenade, a replacement for the M26-series grenades used during the Korean and Vietnam Wars.",
	"bm_concussion"                        : "M84 Stun Grenade",
	"bm_concussion_desc"                   : "The M84, also known as a flashbang, is the currently-issued stun grenade of the United States Military. Upon detonation, it emits an intensely loud \"bang\" of 170-180 decibels and a blinding flash of more than one million candela within five feet of initiation, sufficient to cause immediate flash blindness, deafness, tinnitus, and inner ear disturbance. Exposed personnel experience disorientation, confusion and loss of coordination and balance.",
	"bm_grenade_frag"                      : "M67 Frag Grenade",
	"bm_grenade_frag_desc"                 : "The M67 grenade is a fragmentation hand grenade used by the United States Military. The M67 is a further development of the M33 grenade, a replacement for the M26-series grenades used during the Korean and Vietnam Wars.",
	"bm_grenade_molotov"                   : "Molotov Cocktail",
	"bm_grenade_molotov_desc"              : "A Molotov cocktail, also known as a petrol bomb, poor man's grenade and fire bomb is a generic name used for a variety of bottle-based improvised incendiary weapons. They are primarily intended to set targets ablaze rather than instantly destroy them.\n\nThe name \"Molotov cocktail\" was coined by the Finns during the Winter War. The name was an insulting reference to Soviet foreign minister Vjacheslav Michajlovich Molotov.",
	"bm_dynamite"                          : "Dynamite",
	"bm_dynamite_desc"                     : "Dynamite is an explosive material based on nitroglycerin, using diatomaceous earth or another adsorbent substance such as powdered shells or clay. Dynamite was invented by the Swedish chemist and engineer Alfred Nobel in Geesthacht, Germany, and patented in 1867.",
	"bm_wpn_prj_target"                    : "Tiger Thrower Throwing Knife",
	"bm_wpn_prj_hur"                       : "KitRae AirCobra KR0055 Throwing Axe",
	"bm_wpn_prj_hur_desc"                  : "Kit Rae is well known for his fantasy swords and blades, but Kit has also been an avid throwing knife and axe enthusiast for numerous years. The AirCobra is constructed of one solid piece of AUS-6 stainless steel. Features a balanced handle-to-blade design for perfect throwing, with rear blade spike. Leather wrapped grip.",
	"bm_ability_chico_injector"            : "Epinephrine Autoinjector",
	"bm_ability_chico_injector_desc"       : "An epinephrine autoinjector is a medical device for injecting a measured dose or doses of epinephrine (adrenaline).\n\nThe device contains a fixed dose of epinephrine and a spring-loaded needle that exits the tip or edge of the device and penetrates the recipient's skin, to deliver the medication via intramuscular injection.",
	"bm_grenade_smoke_screen_grenade"      : "M18 Smoke Grenade",
	"bm_grenade_smoke_screen_grenade_desc" : "The M18 Colored Smoke Grenade is an US Army grenade used as a signaling device, a target or landing zone marking device. The M18 replaced the World War II M16 which did not burn as long or as vividly. The M16 was available in the same colors as the M18, but also blue, orange, and black. The M18 initially were going to be produced in the same colors including white, but it was decided to limit it to four colors for simplicity. It was discovered in Vietnam that the green smoke drove away swarming bees.",

	"menu_challenge_monthly_shadowraid_objective"  : "Complete \"SHADOW RAID\" on OVERKILL or above using only Colt Model 733, Glock 17, the Two-piece Suit and no skills.",
	"menu_challenge_monthly_rats_objective"        : "Complete the \"RATS\" job on OVERKILL or above using only Colt Model 733, Glock 17, the Two-piece Suit and no skills.",
	"menu_challenge_frog_1_objective"              : "In the \"HOXTON BREAKOUT\" job, complete the heist on OVERKILL difficulty or above with each crew member using no skills, wearing Suits, wielding Golden AKMS rifles and Thompson M1928A1 LTD submachine guns.",
	"menu_challenge_monthly_firestarter_objective" : "Complete the \"FIRESTARTER\" job on OVERKILL or above using only Colt Model 733, Glock 17, the Two-piece Suit and no skills.",
	
	"menu_aru_job_2_obj_desc" : "Kill 50 enemies using the Luger P08",
	"menu_aru_job_3_obj_desc" : "Kill 100 enemies using the MP40",
	"menu_aru_job_4_obj_desc" : "Kill 200 enemies using the M1 Garand",

	"hud_carry_weapon"       : "Izhmash AKS-74",
	"hud_carry_weapon_scar"  : "FN SCAR-H",
	"hud_carry_weapon_glock" : "Glock 17",

	"menu_assault_rifle" : "Assault Rifles",
	"menu_akimbo"        : "Akimbo",
	"menu_snp"           : "Sniper Rifles",
	"menu_shotgun"       : "Shotguns",
	"menu_lmg"           : "Light Machine Guns",
	"menu_pistol"        : "Pistols",
	"menu_smg"           : "Sub-Machine Guns",
	
	"RWN_bm_w_c96" : "Broomstick Pistol",
	"RWN_bm_w_usp" : "Interceptor 45 Pistol",
	"RWN_bm_w_ppk" : "Gruber Kurz Pistol",
	"RWN_bm_w_1911" : "Crosskill Pistol",
	"RWN_bm_w_p226" : "Signature .40 Pistol",
	"RWN_bm_w_g22c" : "Chimano Custom Pistol",
	"RWN_bm_wp_pis_g26" : "Chimano 88 Pistol",
	"RWN_bm_w_b92fs" : "Bernetti 9 Pistol",
	"RWN_bm_w_packrat" : "Contractor Pistol",
	"RWN_bm_w_peacemaker" : "Peacemaker .45 Revolver",
	"RWN_bm_w_x_b92fs" : "Akimbo Bernetti 9 Pistols",

	"RWN_bm_wp_c96_nozzle" : "Damper.L 44 Nozzle",
	"RWN_bm_wp_c96_sight" : "Barrel Sight 44",
	"RWN_bm_wp_upg_o_spot" : "Reconnaissance Sight",
	"RWN_bm_wp_fps_upg_o_45rds" : "45 Degree Red Dot Sight",
	"RWN_bm_wp_ns_duck" : "Donald's Horizontal Leveller",

	"RWN_bm_w_akm_gold" : "Golden AK.762 Rifle",
	"RWN_bm_w_s552" : "Commando 553 Rifle",
	"RWN_bm_w_ak5" : "AK5 Rifle",
	"RWN_bm_w_aug" : "UAR Rifle",
	"RWN_bm_w_scar" : "Eagle Heavy Rifle",
	"RWN_bm_w_m4" : "CAR-4 Rifle",
	"RWN_bm_w_g3" : "Gewehr 3 Rifle",
	"RWN_bm_w_galil" : "Gecko 7.62 Rifle",
	"RWN_bm_w_famas" : "Clarion Rifle",
	"RWN_bm_w_ak74" : "AK Rifle",
	"RWN_bm_w_amcar" : "AMCAR Rifle",
	"RWN_bm_w_corgi" : "Union 5.56 Rifle",

	"RWN_bm_w_mp7" : "SpecOps Submachine Gun",
	"RWN_bm_w_m45" : "Swedish K Submachine Gun",
	"RWN_bm_w_p90" : "Kobus 90 Submachine Gun",
	"RWN_bm_w_m1928" : "Chicago Typewriter Submachine Gun",
	"RWN_bm_w_olympic" : "Para Submachine Gun",
	"RWN_bm_w_polymer" : "Kross Vertex Submachine Gun",
	"RWN_bm_w_schakal" : "Jackal Submachine Gun",
	"RWN_bm_w_coal" : "Tatonka Submachine Gun",

	"RWN_bm_w_msr" : "Rattlesnake Sniper Rifle",
	"RWN_bm_w_m95" : "Thanatos .50 cal Sniper Rifle",
	"RWN_bm_w_r93"  : "R93 Sniper Rifle",
	"RWN_bm_w_desertfox" : "Desertfox Sniper Rifle",
	"RWN_bm_w_mosin" : "Nagant Sniper Rifle",
	"RWN_bm_w_mode70" : "Platypus 70 Sniper Rifle",
	"RWN_bm_w_wa2000" : "Lebensauger .308 Sniper Rifle",

	"RWN_bm_w_serbu" : "Locomotive 12G Shotgun",
	"RWN_bm_w_judge" : "The Judge Shotgun",
	"RWN_bm_w_striker" : "Street Sweeper Shotgun",
	"RWN_bm_w_r870" : "Reinfeld 880 Shotgun",
	"RWN_bm_w_huntsman" : "Mosconi 12G Shotgun",
	"RWN_bm_w_saiga" : "Izhma 12G Shotgun",
	"RWN_bm_w_ksg" : "Raven Shotgun",
	"RWN_bm_w_benelli" : "M1014 Shotgun",

	"RWN_bm_w_mg42" : "Buzzsaw 42 Light Machine Gun",

	"RWN_bm_dynamite" : "Dynamite",
	"RWN_bm_wpn_prj_jav" : "Javelin",
	"RWN_bm_wpn_prj_target" : "Throwing Knife",
	"RWN_bm_wpn_prj_four" : "Shuriken",

	"RWN_bm_w_m134" : "Vulcan Minigun",
	"RWN_bm_w_gre_m79" : "GL40 Grenade Launcher",
	"RWN_bm_w_rpg7" : "HRL-7 Rocket Launcher",
	"RWN_bm_w_m32" : "Piglet Grenade Launcher",
	"RWN_bm_w_saw" : "OVE9000 Saw",
	"RWN_bm_w_arbiter" : "Arbiter Grenade Launcher",
	"RWN_bm_w_ray" : "Commando 101 Rocket Launcher",
	"RWN_bm_w_slap" : "Compact 40mm Grenade Launcher",

	"RWN_bm_melee_baton" : "Telescopic Baton",
	"RWN_bm_melee_shovel"  : "K.L.A.S. Shovel",
	"RWN_bm_melee_dingdong"  : "Ding Dong Breaching Tool",
	"RWN_bm_melee_bat"  : "Baseball Bat",
	"RWN_bm_melee_toothbrush" : "Nova's Shank",
	"RWN_bm_melee_fairbair" : "Trench Knife",
	"RWN_bm_melee_boxing_gloves" : "OVERKILL Boxing Gloves",
	"RWN_bm_melee_fork"  : "The Motherforker",
	"RWN_bm_melee_great" : "Great Sword",
	"RWN_bm_melee_moneybundle"  : "Money Bundle",
	"RWN_bm_melee_taser"  : "Buzzer",
	"RWN_bm_melee_zeus"  : "Electrical Brass Knuckles",
	"RWN_bm_melee_clean" : "Alabama Razor"
}
