{
    "bm_melee_agave_info": "",
    "bm_melee_alien_maul_info": "",
    "bm_melee_ballistic": "Американские баллистические ножи",
    "bm_melee_ballistic_info": "",
    "bm_melee_baseballbat_info": "",
    "bm_melee_bat_info": "",
    "bm_melee_baton_info": "",
    "bm_melee_bayonet": "Штык-нож АКМ",
    "bm_melee_bayonet_info": "",
    "bm_melee_beardy": "Нордический длиннобородый топор",
    "bm_melee_beardy_info": "",
    "bm_melee_becker": "Мачете KA-BAR Becker",
    "bm_melee_becker_info": "",
    "bm_melee_boltcutter_info": "",
    "bm_melee_bowie_info": "",
    "bm_melee_boxcutter_info": "",
    "bm_melee_boxing_gloves_info": "",
    "bm_melee_branding_iron_info": "",
    "bm_melee_brick_info": "Motorola DynaTAC 8000X - портативный телефон, который был одобрен комиссией комуникацией США 21 сентября в 1983 году. Полного заряда хватает на 10 часов и на 30 минут звонков. Также имеет светодиодный дисплей для набора номера и перезвона до 30 штук. Стоимость в 1984 релизном году составляла $3,995, что эквивалентно $9,366 в 2017 году с учетом инфляции. DynaTAC - аббревиатура \"Динамический Адаптивный Полный Контроль Области Действия\".",
    "bm_melee_briefcase_info": "",
    "bm_melee_buck": "Щит \"Железный Кулак\"",
    "bm_melee_buck_info": "",
    "bm_melee_bullseye": "Топорик S&W Bullseye",
    "bm_melee_bullseye_info": "",
    "bm_melee_catch_info": "",
    "bm_melee_chef_info": "",
    "bm_melee_cleaver_info": "",
    "bm_melee_cqc": "Кунаи",
    "bm_melee_cqc_info": "",
    "bm_melee_croupier_rake_info": "",
    "bm_melee_cs": "Бензопила Homelite Super 2",
    "bm_melee_cs_info": "",
    "bm_melee_detector_info": "",
    "bm_melee_dingdong": "Молот Gerber Ding Dong",
    "bm_melee_dingdong_info": "Когда звонок в дверь невозможен, но очень нужно попасть внутрь, Ding Dong включает в себя 3 инструмента для проникновения. Цель этой кувалды - ломать барьеры.",
    "bm_melee_fairbair": "Боевой нож Fairbairn-Sykes",
    "bm_melee_fairbair_info": "",
    "bm_melee_fight_info": "",
    "bm_melee_fireaxe_info": "",
    "bm_melee_fists_info": "",
    "bm_melee_fork_info": "",
    "bm_melee_freedom_info": "",
    "bm_melee_gator_info": "Это - вершина среди мачете Gerber. Сопротивление коррозии, Лезвие может быть использовано как топор, мачете или нож. Ножны сделаны из военно нейлона и включает в себя точильный камень.",
    "bm_melee_gerber_info": "Д.М.Т или Двойной Мульти Тул - это нож, который приходит в боевое действие с левой или правой  is an automatic knife that springs into action with either the right or left hand. The fully automatic S30V steel blade boasts superior corrosion resistance. The G10 handle offers a mix of strength and low weight.",
    "bm_melee_great": "Цвайхендер",
    "bm_melee_great_info": "",
    "bm_melee_hammer_info": "",
    "bm_melee_hockey_info": "",
    "bm_melee_kabar_info": "",
    "bm_melee_kabar_tanto": "Нож Танто KA-BAR",
    "bm_melee_kabar_tanto_info": "",
    "bm_melee_kampfmesser_info": "",
    "bm_melee_machete_info": "",
    "bm_melee_meat_cleaver_info": "",
    "bm_melee_microphone_info": "",
    "bm_melee_micstand_info": "",
    "bm_melee_mining_pick_info": "",
    "bm_melee_model24": "Ручная граната М-24",
    "bm_melee_model24_info": "Stielhandgranate - ручная граната, используемая германскими войсками во время первой мировой войны и, позже, вермахтом во время второй мировой. Очень старые данные указывают, что ее называли \"граната на палочке\", или \"толкушка для картошки\" британские войска.",
    "bm_melee_moneybundle_info": "",
    "bm_melee_morning_info": "",
    "bm_melee_nin": "Гвоздомет PASLODE IM360CI 90MM",
    "bm_melee_nin_info": "",
    "bm_melee_oldbaton": "Дубинка Monadnock PR-24",
    "bm_melee_oldbaton_info": "",
    "bm_melee_ostry_info": "",
    "bm_melee_oxide_info": "",
    "bm_melee_pitchfork_info": "",
    "bm_melee_poker_info": "",
    "bm_melee_pugio_info": "Этот нож создан убивать. \n Пугио был задуман как дополнительное оружие, но его точное предназначение для солдат остается неизвестным. Пугио являлся ножом, используемый Римскими солдатами. Кинжал - обычное оружие для убийства и самоубийства; Например, заговорщики, которые закололи Юлия Цезаря, использовали Пугио",
    "bm_melee_rambo_info": "",
    "bm_melee_road_info": "",
    "bm_melee_sandsteel_info": "",
    "bm_melee_scalper_info": "",
    "bm_melee_scoutknife_info": "",
    "bm_melee_selfie_info": "",
    "bm_melee_shawn_info": "",
    "bm_melee_shillelagh_info": "",
    "bm_melee_shovel_info": "",
    "bm_melee_slot_lever_info": "",
    "bm_melee_spatula_info": "",
    "bm_melee_stick_info": "",
    "bm_melee_swagger_info": "",
    "bm_melee_switchblade_info": "",
    "bm_melee_sword_info": "",
    "bm_melee_taser": "Шокер ZAP 1M-Volt",
    "bm_melee_taser_info": "",
    "bm_melee_tenderizer_info": "",
    "bm_melee_tiger_info": "",
    "bm_melee_tomahawk": "Томагавк Gerber Downrange",
    "bm_melee_tomahawk_info": "",
    "bm_melee_toothbrush_info": "",
    "bm_melee_topaz": "Ледоруб Black Diamond Cobra",
    "bm_melee_topaz_info": "",
    "bm_melee_twins_info": "",
    "bm_melee_weapon_info": "",
    "bm_melee_whiskey_info": "",
    "bm_melee_wing": "Нож-бабочка",
    "bm_melee_wing_info": "",
    "bm_melee_x46_info": "",
    "bm_melee_zeus_info": ""
}