{
    "bm_melee_agave_info": "",
    "bm_melee_alien_maul_info": "",
    "bm_melee_ballistic": "USA-Style Ballistische Messer",
    "bm_melee_ballistic_info": "",
    "bm_melee_baseballbat_info": "",
    "bm_melee_bat_info": "",
    "bm_melee_baton_info": "",
    "bm_melee_bayonet_info": "",
    "bm_melee_beardy": "Nordische lange Bartaxt",
    "bm_melee_beardy_info": "",
    "bm_melee_becker_info": "",
    "bm_melee_boltcutter_info": "",
    "bm_melee_bowie_info": "",
    "bm_melee_boxcutter_info": "",
    "bm_melee_boxing_gloves_info": "",
    "bm_melee_branding_iron_info": "",
    "bm_melee_brick_info": "Das Motorola DynaTAC 8000X tragbare Mobiltelefon erhielt die Genehmigung von der U.S. FCC am 21. September 1983. Eine volle Ladung dauerte etwa 10 Stunden und hielt für 30 Minuten Sprechzeit an. Es bot auch eine LED-Anzeige zum Wählen oder Zurückrufen einer von 30 Telefonnummern an. Es wurde für 3995$ im Jahr 1984, seinem kommerziellen Verkaufsstart, was etwas entspricht 9366$ in 2017 Dollar, wenn die Inflation beachtet wird. DynaTAC war eine Abkürzung von \"Dynamic Adaptive Total Area Coverage\".",
    "bm_melee_briefcase_info": "",
    "bm_melee_buck_info": "",
    "bm_melee_bullseye_info": "",
    "bm_melee_catch_info": "",
    "bm_melee_chef_info": "",
    "bm_melee_cleaver_info": "",
    "bm_melee_cqc_info": "",
    "bm_melee_croupier_rake_info": "",
    "bm_melee_cs": "Homelite Super 2 Kettensäge",
    "bm_melee_cs_info": "",
    "bm_melee_detector_info": "",
    "bm_melee_dingdong_info": "",
    "bm_melee_fairbair_info": "",
    "bm_melee_fight_info": "",
    "bm_melee_fireaxe_info": "",
    "bm_melee_fists_info": "",
    "bm_melee_fork_info": "",
    "bm_melee_freedom_info": "",
    "bm_melee_gator_info": "Das ist die Beste der Gerber Macheten. Die korrosionsbeständige Mehrzweckklinge kann als Axt, Machete oder Messer verwendet werden. Die Scheide ist aus militärischem Nylon gefertigt und enthält einen schärfenden Stein.",
    "bm_melee_gerber_info": "D.M.F., oder auch Dual Multi Funktion, ist ein automatisches Messer, das in Aktion mit der rechten oder linken Hand springt. Die vollautomatische S30V Stahlklinge verfügt über eine überlegene Korrosionsbeständigkeit. Der G10 Griff bietet eine Mischung aus Kraft und geringem Gewicht.",
    "bm_melee_great_info": "",
    "bm_melee_hammer_info": "",
    "bm_melee_hockey_info": "",
    "bm_melee_kabar_info": "",
    "bm_melee_kabar_tanto": "KA-BAR Tanto Klinge",
    "bm_melee_kabar_tanto_info": "",
    "bm_melee_kampfmesser_info": "",
    "bm_melee_machete_info": "",
    "bm_melee_meat_cleaver_info": "",
    "bm_melee_microphone_info": "",
    "bm_melee_micstand_info": "",
    "bm_melee_mining_pick_info": "",
    "bm_melee_model24_info": "Die Stielhandgranate war ein deutsches, einzigartiges Handgranaten-Design, das die Standardausgabe des Deutschen Reiches während des Ersten Weltkrieges war und später auch die der Streitkräfte (Wehrmacht) Nazi-Deutschlands im Zweiten Weltkrieg war. Die sehr unverwechselbare Erscheinung führte dazu, dass es als \"Stabgranate\" oder \"Kartoffelstampfer\" im britischen Armee-Slang bezeichnet wurde.",
    "bm_melee_moneybundle_info": "",
    "bm_melee_morning_info": "",
    "bm_melee_nin": "PALSODE IM360CI 90MM kabellose Gasnagelpistole",
    "bm_melee_nin_info": "",
    "bm_melee_oldbaton_info": "",
    "bm_melee_ostry_info": "",
    "bm_melee_oxide_info": "",
    "bm_melee_pitchfork_info": "",
    "bm_melee_poker_info": "",
    "bm_melee_pugio_info": "Dies ist ein Messer, das zum Töten entworfen und verwendet wurde. Regelmäßig. \nDer Pugio war als Hilfswaffe gedacht, aber der genaue Nutzen für den Soldaten bleibt unbekannt. Der Pugio war ein Dolch, der von römischen Soldaten als Seitenarm benutzt wurde. Der Dolch war eine gemeinsame Waffe von Mord und Selbstmord; Zum Beispiel benutzten die Verschwörer, die Julius Cäsar erstochen haben, Pugiones.",
    "bm_melee_rambo": "Bowie Messer",
    "bm_melee_rambo_info": "",
    "bm_melee_road_info": "",
    "bm_melee_sandsteel_info": "",
    "bm_melee_scalper_info": "",
    "bm_melee_scoutknife_info": "",
    "bm_melee_selfie_info": "",
    "bm_melee_shawn_info": "",
    "bm_melee_shillelagh_info": "",
    "bm_melee_shovel_info": "",
    "bm_melee_slot_lever_info": "",
    "bm_melee_spatula_info": "",
    "bm_melee_stick_info": "",
    "bm_melee_swagger_info": "",
    "bm_melee_switchblade_info": "",
    "bm_melee_sword_info": "",
    "bm_melee_taser_info": "",
    "bm_melee_tenderizer_info": "",
    "bm_melee_tiger_info": "",
    "bm_melee_tomahawk_info": "",
    "bm_melee_toothbrush_info": "",
    "bm_melee_topaz_info": "",
    "bm_melee_twins_info": "",
    "bm_melee_weapon_info": "",
    "bm_melee_whiskey_info": "",
    "bm_melee_wing_info": "",
    "bm_melee_x46": "Robson X46 Überlebensmesser",
    "bm_melee_x46_info": "",
    "bm_melee_zeus_info": ""
}