{"bm_melee_agave_info": "", "bm_melee_alien_maul_info": "", "bm_melee_ballistic": "CUCHILLOS BALÍSTICOS AMERICANOS", "bm_melee_ballistic_info": "", "bm_melee_baseballbat_info": "", "bm_melee_bat_info": "", "bm_melee_baton_info": "", "bm_melee_bayonet": "BAYONETA DE AKM DE 2DA GENERACIÓN", "bm_melee_bayonet_info": "", "bm_melee_beardy": "HACHA LARGA NÓRDICA", "bm_melee_beardy_info": "", "bm_melee_becker": "KA-BAR BECKER TACTOOL", "bm_melee_becker_info": "", "bm_melee_boltcutter_info": "", "bm_melee_bowie_info": "", "bm_melee_boxcutter_info": "", "bm_melee_boxing_gloves_info": "", "bm_melee_branding_iron_info": "", "bm_melee_brick": "MOTOROLA DYNATAC 8000X", "bm_melee_brick_info": "El teléfono celular portátil Motorola DynaTAC 8000X recibió la aprobación de la FCC de EE.UU. el 21 de septiembre de 1983. Una carga completa tomaba aproximadamente 10 horas y ofrecía 30 minutos de tiempo de conversación. También ofrecía una pantalla LED para marcar o recuperar uno de 30 números de teléfono. Tenía un precio de 3,995 $ en 1984, su año de lanzamiento comercial. DynaTAC era una abreviatura de \"Dynamic Adaptive Total Area Coverage (Cobertura de área total adaptativa dinámica)\".", "bm_melee_briefcase_info": "", "bm_melee_buck": "ESCUDO METÁLICO", "bm_melee_buck_info": "", "bm_melee_bullseye": "HACHA S&W BULLSEYE", "bm_melee_bullseye_info": "", "bm_melee_catch_info": "", "bm_melee_chef_info": "", "bm_melee_cleaver_info": "", "bm_melee_cqc": "KUNAI", "bm_melee_cqc_info": "", "bm_melee_croupier_rake_info": "", "bm_melee_cs": "MOTOSIERRA HOMELITE SUPER 2", "bm_melee_cs_info": "", "bm_melee_detector_info": "", "bm_melee_dingdong": "MARTILLO DE BRECHA GERBER DING DONG", "bm_melee_dingdong_info": "", "bm_melee_fairbair": "CUCHILLO DE COMBATE FAIRBAIRN-SYKES", "bm_melee_fairbair_info": "", "bm_melee_fight_info": "", "bm_melee_fireaxe_info": "", "bm_melee_fists_info": "", "bm_melee_fork_info": "", "bm_melee_freedom_info": "", "bm_melee_gator": "MACHETE GERBER GATOR PRO", "bm_melee_gator_info": "Este es el mejor de los machetes Gerber. La hoja multiusos resistente a la corrosión se puede utilizar como hacha, machete o cuchillo. La funda está hecha de nailon de grado militar e incluye una piedra de afilar.", "bm_melee_gerber": "NAVAJA PLEGABLE GERBER DMF AUTO", "bm_melee_gerber_info": "D.M.F. o la Dual Multi Function, es una navaja automática que se prepara con la mano derecha o izquierda. La cuchilla de acero S30V totalmente automática cuenta con una resistencia superior a la corrosión. El mango G10 ofrece una combinación de resistencia y bajo peso.", "bm_melee_great": "ZWEIHANDER", "bm_melee_great_info": "", "bm_melee_hammer_info": "", "bm_melee_hockey_info": "", "bm_melee_kabar": "KA-BAR USMC", "bm_melee_kabar_info": "", "bm_melee_kabar_tanto": "DAGA KA-BAR", "bm_melee_kabar_tanto_info": "", "bm_melee_kampfmesser": "EICKHORN-SOLINGEN KM2000", "bm_melee_kampfmesser_info": "", "bm_melee_machete_info": "", "bm_melee_meat_cleaver_info": "", "bm_melee_microphone_info": "", "bm_melee_micstand_info": "", "bm_melee_mining_pick_info": "", "bm_melee_model24": "STIELHANDGRANATE MODELO 24", "bm_melee_model24_info": "La Stielhandgranate fue un diseño de granada de mano exclusivo de Alemania que fue el estándar del Imperio Alemán durante la Primera Guerra Mundial, y más tarde fue el estándar de las fuerzas armadas de la Alemania nazi (Wehrmacht) durante la Segunda Guerra Mundial. La apariencia muy distintiva llevó a que se le llamara \"granada de palo\" o \"machacador de papas\" en la jerga del ejército británico.", "bm_melee_moneybundle_info": "", "bm_melee_morning_info": "", "bm_melee_nin": "PISTOLA DE CLAVOS PALSODE IM360CI", "bm_melee_nin_info": "", "bm_melee_oldbaton": "PORRA MONADNOCK PR-24", "bm_melee_oldbaton_info": "", "bm_melee_ostry_info": "", "bm_melee_oxide_info": "", "bm_melee_pitchfork_info": "", "bm_melee_poker_info": "", "bm_melee_pugio": "PUGIO EXTREMA RATIO EX314BL", "bm_melee_pugio_info": "Este es un cuchillo diseñado y utilizado para matar. Punto. \nEl pugio fue pensado como un arma auxiliar, pero se desconoce su propósito exacto para el soldado. El pugio era una daga utilizada por los soldados romanos como arma de mano. La daga era un arma común de asesinato y suicidio; por ejemplo, los conspiradores que apuñalaron a Julio César utilizaron pugiones.", "bm_melee_rambo": "CUCHILLO BOWIE", "bm_melee_rambo_info": "", "bm_melee_road_info": "", "bm_melee_sandsteel_info": "", "bm_melee_scalper_info": "", "bm_melee_scoutknife_info": "", "bm_melee_selfie_info": "", "bm_melee_shawn_info": "", "bm_melee_shillelagh_info": "", "bm_melee_shovel_info": "", "bm_melee_slot_lever_info": "", "bm_melee_spatula_info": "", "bm_melee_stick_info": "", "bm_melee_swagger_info": "", "bm_melee_switchblade_info": "", "bm_melee_sword_info": "", "bm_melee_taser": "BASTÓN ATURDIDOR ZAP 1M-VOLT", "bm_melee_taser_info": "", "bm_melee_tenderizer_info": "", "bm_melee_tiger": "TEKKO-KAGI", "bm_melee_tiger_info": "", "bm_melee_tomahawk": "TOMAHAWK GERBER DOWNRANGE", "bm_melee_tomahawk_info": "", "bm_melee_toothbrush_info": "", "bm_melee_topaz": "GANCHO DE HIELO BLACK DIAMOND COBRA", "bm_melee_topaz_info": "", "bm_melee_twins_info": "", "bm_melee_weapon_info": "", "bm_melee_whiskey_info": "", "bm_melee_wing": "BALISONG", "bm_melee_wing_info": "", "bm_melee_x46": "CUCHILLO ROBSON X46 UTILITY", "bm_melee_x46_info": "", "bm_melee_zeus_info": ""}