{
    "bm_melee_agave_info": "",
    "bm_melee_alien_maul_info": "",
    "bm_melee_ballistic": "Couteaux Ballistiques USA-Style",
    "bm_melee_ballistic_info": "",
    "bm_melee_baseballbat_info": "",
    "bm_melee_bat_info": "",
    "bm_melee_baton_info": "",
    "bm_melee_bayonet": "'60s AKM Bayonet de seconde génération",
    "bm_melee_bayonet_info": "",
    "bm_melee_beardy": "Hache Nordique Long-Bearded",
    "bm_melee_beardy_info": "",
    "bm_melee_becker_info": "",
    "bm_melee_boltcutter_info": "",
    "bm_melee_bowie_info": "",
    "bm_melee_boxcutter_info": "",
    "bm_melee_boxing_gloves_info": "",
    "bm_melee_branding_iron_info": "",
    "bm_melee_brick_info": "Le Motorola DynaTAC 8000X téléphone céllulaire à reçu l'approvation de l'U.S. FCC le 21 septembre, 1983. Avec une charge totale d'en gros 10 heures, et qui offrait 30 minutes d'appel. Il était aussi fourni avec un affichage LED pour appeler ou rappeler l'un des 30 numéros téléphoniques.Il était vendu à 3,995$ en 1984, l'année de sa commercialisation, ce qui est équivalent à 9,366$ en dollars actuels avec l'inflation. DynaTAC était l'abrévation de \"Dynamic Adaptive Total Area Coverage\".",
    "bm_melee_briefcase_info": "",
    "bm_melee_buck_info": "",
    "bm_melee_bullseye": "Hachette S&W Bullseye",
    "bm_melee_bullseye_info": "",
    "bm_melee_catch_info": "",
    "bm_melee_chef_info": "",
    "bm_melee_cleaver_info": "",
    "bm_melee_cqc_info": "",
    "bm_melee_croupier_rake_info": "",
    "bm_melee_cs": "Tronçonneuse Homelite Super 2",
    "bm_melee_cs_info": "",
    "bm_melee_detector_info": "",
    "bm_melee_dingdong_info": "Lorsque sonner à la porte n'est pas une réalité mais que le besoin de franchir une barrière l'est, le Ding Dong combine 3 outils essentiels pour percer la porte. Conçu pour la compatibilité MOLLE, ce marteau de forgeron, bélier et levier hybride est tout à fait professionnel.",
    "bm_melee_fairbair": "Couteau de combat Fairbairn-Sykes",
    "bm_melee_fairbair_info": "",
    "bm_melee_fight_info": "",
    "bm_melee_fireaxe_info": "",
    "bm_melee_fists_info": "",
    "bm_melee_fork_info": "",
    "bm_melee_freedom_info": "",
    "bm_melee_gator_info": "C'est le top des machêtes Gerber. Sa résistance à la corrosion, sa polivalence permettant de l'utiliser comme d'une hache,machete ou couteau. Son fourreau est fait de nylon de qualitée militaire et inclut une pierre d'affaffûtage.",
    "bm_melee_gerber_info": "D.M.F., ou Dual Multi Function, est un couteau automatique qui peut être utilisé dans l'action avec la main gauche ou droite. Le tout automatique S30V steel blade offre une protection supérieur contre la corrosion. Le manche G10 offrait un mix entre solidité et légèreté.",
    "bm_melee_great_info": "",
    "bm_melee_hammer_info": "",
    "bm_melee_hockey_info": "",
    "bm_melee_kabar_info": "",
    "bm_melee_kabar_tanto": "Lame KA-BAR Tanto",
    "bm_melee_kabar_tanto_info": "",
    "bm_melee_kampfmesser_info": "",
    "bm_melee_machete_info": "",
    "bm_melee_meat_cleaver_info": "",
    "bm_melee_microphone_info": "",
    "bm_melee_micstand_info": "",
    "bm_melee_mining_pick_info": "",
    "bm_melee_model24_info": "La Stielhandgranate était une grenade à design unique Allemand qui était un standard dans l'empire Allemand durant la Première Guerre Mondiale, puis fût plus tard, un standard dans les forces armées nazies (Wehrmacht) durant la Seconde Guerre Mondiale. Son apparence très distinctive à laissée à se faire appelée une \"grenade à baton\", ou un \"écraseur de patates\" dans le jargon de l'armée Britannique.",
    "bm_melee_moneybundle_info": "",
    "bm_melee_morning_info": "",
    "bm_melee_nin": "Pistolet à clous PALSODE IM360CI 90MM",
    "bm_melee_nin_info": "",
    "bm_melee_oldbaton": "Baton Monadnock PR-24",
    "bm_melee_oldbaton_info": "",
    "bm_melee_ostry_info": "",
    "bm_melee_oxide_info": "",
    "bm_melee_pitchfork_info": "",
    "bm_melee_poker_info": "",
    "bm_melee_pugio_info": "C'est un couteau désigné et utilisé pour tuer. Période.\nLe pugio etait prévu en tant qu'arme subsidiaire, mais son exact usage pour les soldats reste inconnu. Le pugio était une dague utilisé par les soldats romains en tant qu'arme secondaire. La dague était une arme courante lors d'assasinats ou de suicide; par exemple, les conspirateurs qui tuont Julius Caesar ont utilisés des pugios.",
    "bm_melee_rambo": "Couteau Bowie",
    "bm_melee_rambo_info": "",
    "bm_melee_road_info": "",
    "bm_melee_sandsteel_info": "",
    "bm_melee_scalper_info": "",
    "bm_melee_scoutknife_info": "",
    "bm_melee_selfie_info": "",
    "bm_melee_shawn_info": "",
    "bm_melee_shillelagh_info": "",
    "bm_melee_shovel_info": "",
    "bm_melee_slot_lever_info": "",
    "bm_melee_spatula_info": "",
    "bm_melee_stick_info": "",
    "bm_melee_swagger_info": "",
    "bm_melee_switchblade_info": "",
    "bm_melee_sword_info": "",
    "bm_melee_taser": "Matraque électrique ZAP 1M-Volt",
    "bm_melee_taser_info": "",
    "bm_melee_tenderizer_info": "",
    "bm_melee_tiger_info": "",
    "bm_melee_tomahawk_info": "",
    "bm_melee_toothbrush_info": "",
    "bm_melee_topaz": "Outil d'alpiniste Black Diamond Cobra",
    "bm_melee_topaz_info": "",
    "bm_melee_twins_info": "",
    "bm_melee_weapon_info": "",
    "bm_melee_whiskey_info": "",
    "bm_melee_wing": "Couteau Papillon",
    "bm_melee_wing_info": "",
    "bm_melee_x46": "Couteau utilitaire de survie Robson X46",
    "bm_melee_x46_info": "",
    "bm_melee_zeus_info": ""
}