{"bm_melee_agave_info": "", "bm_melee_alien_maul_info": "", "bm_melee_aziz_info": "", "bm_melee_ballistic": "美式弹道刀", "bm_melee_ballistic_info": "", "bm_melee_baseballbat_info": "", "bm_melee_bat_info": "", "bm_melee_baton_info": "", "bm_melee_bayonet": "60年代 第二代 AKM 刺刀", "bm_melee_bayonet_info": "", "bm_melee_beardy": "北欧长须斧", "bm_melee_beardy_info": "", "bm_melee_becker": "KA-BAR Becker 战术工具", "bm_melee_becker_info": "", "bm_melee_boltcutter_info": "", "bm_melee_bowie_info": "", "bm_melee_boxcutter_info": "", "bm_melee_boxing_gloves_info": "", "bm_melee_branding_iron_info": "", "bm_melee_brass_knuckles_info": "", "bm_melee_brick": "摩托罗拉 DynaTAC 8000X", "bm_melee_brick_info": "摩托罗拉 DynaTAC 8000X 移动电话在 1983年 9月 21日被美国联邦通信委员会所批准生产。此设备充满电大概需要10小时左右，充满电之后可以提供30分钟的通话时间。该设备具有用于拨打电话或储存最多30个电话号码的LED显示屏。它在1984年发售时定价3995美元，相对于在2017年经过一系列通货膨胀之后的9366美元。DynaTAC 的全称是 \"动态自适应全区域覆盖\".", "bm_melee_briefcase_info": "", "bm_melee_buck": "'铁拳' 小圆盾", "bm_melee_buck_info": "", "bm_melee_bullseye": "S&W Bullseye 短柄斧", "bm_melee_bullseye_info": "", "bm_melee_catch_info": "", "bm_melee_chef_info": "", "bm_melee_clean_info": "", "bm_melee_cleaver_info": "", "bm_melee_cqc": "苦无", "bm_melee_cqc_info": "", "bm_melee_croupier_rake_info": "", "bm_melee_cs": "Homelite Super 2 电锯", "bm_melee_cs_info": "", "bm_melee_detector_info": "", "bm_melee_dingdong": "戈博 “叮咚” 突入工具", "bm_melee_dingdong_info": "“叮咚” 突入工具结合了 3 种基础突入工具，可与 MOLLE 系统兼容。大锤、破门锤、撬棍能干的事，它都能干。当按门铃行不通但需要破门而入时，就选它吧。", "bm_melee_fairbair": "费尔贝恩-赛克斯战斗刀", "bm_melee_fairbair_info": "", "bm_melee_fight_info": "", "bm_melee_fireaxe_info": "", "bm_melee_fists_info": "", "bm_melee_fork_info": "", "bm_melee_freedom_info": "", "bm_melee_gator": "戈博 短吻鳄砍刀 Pro", "bm_melee_gator_info": "这款砍刀是戈博系列砍刀的巅峰之作。它的耐腐蚀，多用途刀刃可当做斧子、砍刀或匕首使用。它的刀鞘由军用级尼龙纤维制成，并附带一个磨刀石。", "bm_melee_gerber": "戈博 DMF Modified Clip Point 弹簧刀", "bm_melee_gerber_info": "D.M.F.，也称作“对称多功能”，是一款左手或右手都可以展开刀刃的弹簧刀。它的由 S30V 不锈钢制成的刀刃具有十分出色的耐腐蚀性，G10 握柄在具有足够强度的情况下降低了重量", "bm_melee_great": "双手剑", "bm_melee_great_info": "", "bm_melee_grip_info": "", "bm_melee_hammer_info": "", "bm_melee_happy_info": "", "bm_melee_hauteur_info": "", "bm_melee_hockey_info": "", "bm_melee_kabar": "KA-BAR USMC", "bm_melee_kabar_info": "", "bm_melee_kabar_tanto": "KA-BAR '短刃'匕首", "bm_melee_kabar_tanto_info": "", "bm_melee_kampfmesser": "索林根 KM2000", "bm_melee_kampfmesser_info": "", "bm_melee_machete_info": "", "bm_melee_meat_cleaver_info": "", "bm_melee_meter_info": "", "bm_melee_microphone_info": "", "bm_melee_micstand_info": "", "bm_melee_mining_pick_info": "", "bm_melee_model24": "24型柄状手榴弹", "bm_melee_model24_info": "柄式手榴弹是一种外形独特的德国手榴弹。它曾在一战期间作为德意志帝国的制式手雷，后来在二战时期的作为纳粹德国国防军的制式手雷。因该手榴弹外形独特，它被称作\"木柄手榴弹\" 或在英军俚语中称为\"土豆捣碎器\"。", "bm_melee_moneybundle_info": "", "bm_melee_morning_info": "", "bm_melee_nin": "PALSODE IM360CI 90毫米 无线气动钉枪", "bm_melee_nin_info": "", "bm_melee_oldbaton": "Monadnock PR-24 警棍", "bm_melee_oldbaton_info": "", "bm_melee_ostry_info": "", "bm_melee_oxide_info": "", "bm_melee_pitchfork_info": "", "bm_melee_poker_info": "", "bm_melee_pugio": "Extrema Ratio EX314BL 匕首", "bm_melee_pugio_info": "这款匕首是设计初衷大概是用来杀戮的。\n匕首一般情况下是当做辅助武器使用的，但对于士兵来说的具体用途尚不明确。罗马匕首是罗马士兵当做副武器使用的匕首。匕首同时也是用于刺杀或自尽的常有武器。举个例子：凯撒大帝是被同谋者用匕首刺杀的。", "bm_melee_rambo": "鲍伊刀", "bm_melee_rambo_info": "", "bm_melee_road_info": "", "bm_melee_sandsteel_info": "", "bm_melee_scalper_info": "", "bm_melee_scoutknife_info": "", "bm_melee_selfie_info": "", "bm_melee_shawn_info": "", "bm_melee_shillelagh_info": "", "bm_melee_shock_info": "", "bm_melee_shovel_info": "", "bm_melee_slot_lever_info": "", "bm_melee_spatula_info": "", "bm_melee_stick_info": "", "bm_melee_swagger_info": "", "bm_melee_switchblade_info": "", "bm_melee_sword_info": "", "bm_melee_taser": "ZAP 1M-Volt 电击警棍", "bm_melee_taser_info": "", "bm_melee_tenderizer_info": "", "bm_melee_tiger": "手甲钩", "bm_melee_tiger_info": "", "bm_melee_tomahawk": "戈博 Downrange 战斧", "bm_melee_tomahawk_info": "", "bm_melee_toothbrush_info": "", "bm_melee_topaz": "Black Diamond Cobra 破冰镐", "bm_melee_topaz_info": "", "bm_melee_twins_info": "", "bm_melee_weapon_info": "", "bm_melee_whiskey_info": "", "bm_melee_wing": "蝴蝶刀", "bm_melee_wing_info": "", "bm_melee_x46": "Robson X46 多用途求生匕首", "bm_melee_x46_info": "", "bm_melee_zeus_info": ""}