{"bm_melee_agave_info": "", "bm_melee_alien_maul_info": "", "bm_melee_ballistic": "Coltelli Balistici USA-Style", "bm_melee_ballistic_info": "", "bm_melee_baseballbat_info": "", "bm_melee_bat_info": "", "bm_melee_baton_info": "", "bm_melee_bayonet": "Baionetta Anni 60 AKM 2a Generazione", "bm_melee_bayonet_info": "", "bm_melee_beardy": "Ascia Nordica Barbuta", "bm_melee_beardy_info": "", "bm_melee_becker_info": "", "bm_melee_boltcutter_info": "", "bm_melee_bowie_info": "", "bm_melee_boxcutter_info": "", "bm_melee_boxing_gloves_info": "", "bm_melee_branding_iron_info": "", "bm_melee_brick": "Motorola DynaTAC 8000X", "bm_melee_brick_info": "Il telefono cellulare portatile ricevette l'approvazione dalla Commissione Federale delle Comunicazioni (FCC) statiunitense il 21 Settembre del 1983. Una ricarica completa richiedeva approssimativamente 10 ore, e offriva 30 minuti di chiamate. Aveva anche un display a LED per comporre o richiamare uno dei 30 numeri di telefono. Veniva venduto al prezzo di 3,995$ nel 1984, nell'anno d'uscita, che è l'equivalente di 9,366$ nel 2017 per l'inflazione. DynaTAC è l'abbreviazione di \"Dynamic Adaptive Total Area Coverage\".", "bm_melee_briefcase_info": "", "bm_melee_buck_info": "", "bm_melee_bullseye": "Accetta S&W Bullseye", "bm_melee_bullseye_info": "", "bm_melee_catch_info": "", "bm_melee_chef_info": "", "bm_melee_cleaver_info": "", "bm_melee_cqc_info": "", "bm_melee_croupier_rake_info": "", "bm_melee_cs": "Motosega Homelite Super 2", "bm_melee_cs_info": "", "bm_melee_detector_info": "", "bm_melee_dingdong": "Attrezzo per Irruzione Gerber Ding Dong", "bm_melee_dingdong_info": "Quando suonare il campanello non è un'opzione, ma sfondare una barriera lo è, il Ding Dong combina 3 strumenti di apertura essenziali. Progettato per la compatibilità MOLLE, questo ibrido tra martello da carpentiere, ariete e piede di porco non scherza.", "bm_melee_fairbair": "Coltello da combattimento Fairbairn-Sykes", "bm_melee_fairbair_info": "", "bm_melee_fight_info": "", "bm_melee_fireaxe_info": "", "bm_melee_fists_info": "", "bm_melee_fork_info": "", "bm_melee_freedom_info": "", "bm_melee_gator_info": "Questo è il miglior machete di Gerber. La lama resistente alla corrosione e multi-uso può essere utilizzata come ascia, machete o coltello. La guaina è fatta di nylon di livello militare ed include una pietra per affilare.", "bm_melee_gerber_info": "Il D.M.F., o Dual Multi Function, è un coltello automatico che può essere impugnato sia con la mano sinistra che con la mano destra. La lama d'acciaio completamente automatica S30V vanta una grande resistenza alla corrosione. L'impugnatura G10 offre un compromesso tra forza e peso ridotto.", "bm_melee_great_info": "", "bm_melee_hammer_info": "", "bm_melee_hockey_info": "", "bm_melee_kabar_info": "", "bm_melee_kabar_tanto": "Lama Tanto KA-BAR", "bm_melee_kabar_tanto_info": "", "bm_melee_kampfmesser_info": "", "bm_melee_machete_info": "", "bm_melee_meat_cleaver_info": "", "bm_melee_microphone_info": "", "bm_melee_micstand_info": "", "bm_melee_mining_pick_info": "", "bm_melee_model24": "Stielhandgranate Modello 24", "bm_melee_model24_info": "La Stielhandgranate fu una granata dal design unico in dotazione all'Esercito Tedesco durante la Prima Guerra Mondiale, e successivamente in dotazione alle forze armate della Germania Nazista (Wehrmacht) durante La Seconda Guerra Mondiale. L'aspetto distintivo di questa granata l'ha portato ad essere chiamata \"granata a bastone\" o, nello slang dell'Esercito Britannico, \"schiacciapatate\".", "bm_melee_moneybundle_info": "", "bm_melee_morning_info": "", "bm_melee_nin": "Sparachiodi PALSODE IM360CI 90MM", "bm_melee_nin_info": "", "bm_melee_oldbaton": "Bastone Monadnock PR-24", "bm_melee_oldbaton_info": "", "bm_melee_ostry_info": "", "bm_melee_oxide_info": "", "bm_melee_pitchfork_info": "", "bm_melee_poker_info": "", "bm_melee_pugio_info": "Questo è un coltello designato per uccidere. Punto. \nIl pugio fu inteso come arma ausiliaria, ma a cosa possa servire ad un soldato rimane ignoto. Il pugio fu un pugnale utilizzato dai soldati Romani come arma da fianco. Il pugnale fu di uso comune per assassini e suicidi; ad esempio, i cospiratori che accoltellarono Giulio Cesare utilizzarono dei pugiones.", "bm_melee_rambo": "Coltello Bowie", "bm_melee_rambo_info": "", "bm_melee_road_info": "", "bm_melee_sandsteel_info": "", "bm_melee_scalper_info": "", "bm_melee_scoutknife_info": "", "bm_melee_selfie_info": "", "bm_melee_shawn_info": "", "bm_melee_shillelagh_info": "", "bm_melee_shovel_info": "", "bm_melee_slot_lever_info": "", "bm_melee_spatula_info": "", "bm_melee_stick_info": "", "bm_melee_swagger_info": "", "bm_melee_switchblade_info": "", "bm_melee_sword_info": "", "bm_melee_taser": "Bastone Stordente ZAP 1M-Volt", "bm_melee_taser_info": "", "bm_melee_tenderizer_info": "", "bm_melee_tiger_info": "", "bm_melee_tomahawk": "Tomahawk (Accetta) Gerber Downrange", "bm_melee_tomahawk_info": "", "bm_melee_toothbrush_info": "", "bm_melee_topaz": "Piccozza da Ghiaccio Black Diamond Cobra", "bm_melee_topaz_info": "", "bm_melee_twins_info": "", "bm_melee_weapon_info": "", "bm_melee_whiskey_info": "", "bm_melee_wing_info": "", "bm_melee_x46": "Coltello da Sopravvivenza Robson X46", "bm_melee_x46_info": "", "bm_melee_zeus_info": ""}