{"bm_menu_barrel_ext": "Lauferweiterung", "bm_menu_custom": "Interne Modifikation", "bm_menu_sight": "Visier", "bm_wp_1911_b_long": "Springfield Armory V-16 Belüfteter Langer Schlitten", "bm_wp_1911_b_vented": "Springfield Armory V-12 Belüfteter Schlitten", "bm_wp_1911_g_bling": "Holzgriff", "bm_wp_1911_g_engraved": "Gravierter Griff", "bm_wp_1911_g_ergo": "American Legend Pachmayr Griff", "bm_wp_1911_m_big": "ProMag 22rnd Magazin", "bm_wp_2006m_b_long": "6 Zoll Lauf", "bm_wp_2006m_b_medium": "4 Zoll Lauf", "bm_wp_2006m_b_short": "3 Zoll Lauf", "bm_wp_2006m_g_bling": "Synthetischer Griff", "bm_wp_aa12_barrel_long": "Regulärer AA-12 Lauf", "bm_wp_aa12_barrel_silenced": "Integrierter Schalldämpfer", "bm_wp_ak5_b_short": "Bofors AK 5C Lauf", "bm_wp_ak5_fg_ak5c": "Bofors Ak 5C Frontgriff", "bm_wp_ak5_fg_fnc": "FN FNC Frontgriff", "bm_wp_ak5_s_ak5b": "FFV Ak 5B Schaft", "bm_wp_ak5_s_ak5c": "Bofors Ak 5C Schaft", "bm_wp_ak_fg_combo2": "Ultimak AK Visierbefestigung", "bm_wp_ak_fg_combo3": "Ultimak AK modulares Schienensystem", "bm_wp_ak_m_quick": "Original Magpul AK Nachrüstung", "bm_wp_ak_s_folding": "Faltbarer AK Schaft", "bm_wp_ak_s_psl": "PSL Schaft", "bm_wp_ak_s_skfoldable": "Faltbarer  AK Schaft", "bm_wp_ak_upg_dh_zenitco": "Zenitco RP-1 Durchladehebel", "bm_wp_ak_upg_fg_zenitco": "Zenitco B-31L Handschutz", "bm_wp_ak_upg_ns_zenitco": "Zenitco DTK-1 Mündungsbremse", "bm_wp_ak_upg_s_zenitco": "Zenitco PT-5 Teleskopschaft", "bm_wp_ak_upper_zenitco": "Zenitco B-33 Staubschutz", "bm_wp_akmsu_fg_rail": "Handschutz mit Schienen", "bm_wp_ass_s552_fg_railed": "SIG SG 553 Handschutz mit Schiene", "bm_wp_ass_s552_fg_standard_green": "OD Grüner Handschutz", "bm_wp_ass_s552_g_standard_green": "OD Grüner Griff", "bm_wp_ass_s552_s_standard_green": "OD Grüner Schaft", "bm_wp_asval_b_proto": "SR-3M Lauf", "bm_wp_asval_s_solid": "VSS Vintorez Schaft", "bm_wp_aug_b_long": "AUG HBAR Lauf", "bm_wp_aug_b_short": "AUG 16 Zoll Karabinerlauf", "bm_wp_aug_body_f90": "Thales EF88/F90 Verschlussgehäuse", "bm_wp_aug_fg_a3": "AUG A3 Frontgriff", "bm_wp_b682_s_ammopouch": "Patronenhalter", "bm_wp_b682_s_short": "Abgesägter Schaft", "bm_wp_baka_b_comp": "Lauf mit Kompensator", "bm_wp_basset_fg_short": "Verkürzter Lauf und Schiene", "bm_wp_basset_m_extended": "SGM Tactical SAIGA Shotgun 12 Schuss Magazin", "bm_wp_beer_b_robo": "\"RoboCop\"-Lauf", "bm_wp_beer_g_lux": "Hölzerner Griff", "bm_wp_beer_g_robo": "\"RoboCop\"-Griff", "bm_wp_beer_m_extended": "Erweitertes Magazin", "bm_wp_beer_s_std": "Drahtrahmenschaft", "bm_wp_ben_b_short": "M4 NFA Lauf", "bm_wp_ben_fg_standard": "M4 Tactical Schaft", "bm_wp_beretta_co_co1": "LA.RI.A AL-GI-MEC Kompensator", "bm_wp_beretta_g_engraved": "Gravierter Griff", "bm_wp_beretta_g_ergo": "Holzgriff", "bm_wp_beretta_sl_brigadier": "Brigadier 92FS Schlitten", "bm_wp_breech_b_reinforced": "Sports Parabellum Mauser Lauf", "bm_wp_c96_b_long": "Karabinerlauf", "bm_wp_c96_m_extended": "M72 Schnellfeuer Magazin", "bm_wp_c96_nozzle": "DL-44 Mündungsfeuerdämpfer", "bm_wp_c96_sight": "DL-44 Visier", "bm_wp_chinchilla_b_satan": "Angepasster Kokusai Devil Lauf", "bm_wp_chinchilla_g_black": "Synthetischer Griff", "bm_wp_ching_b_short": "T26 Karabinerlauf", "bm_wp_ching_s_pouch": "Olongapo Outfitters Garand Schafttasche", "bm_wp_coach_s_short": "Abgesägter Schaft", "bm_wp_contender_foregrip_long": "Erweiterter Handschutz", "bm_wp_contender_grip_m4": "Choate G2 Schaftadapter", "bm_wp_contender_stock_m4": "Choate G2 Schaft", "bm_wp_contender_suppressor": "Air Wolf Schalldämpfer", "bm_wp_czech_b_long": "Lauferweiterung", "bm_wp_czech_g_luxury": "Hölzerner Griff", "bm_wp_czech_g_sport": "Angepasster Griff", "bm_wp_czech_m_extended": "Erweitertes Magazin", "bm_wp_czech_s_standard": "Drahtrahmenschaft", "bm_wp_deagle_b_long": "10 Zoll Lauf", "bm_wp_deagle_b_modern": "Belüfteter Lauf", "bm_wp_deagle_co_long": "Boondock Kompensator", "bm_wp_deagle_co_short": "Magnum Research DE50MB Kompensator", "bm_wp_deagle_g_bling": "Elfenbeingriff", "bm_wp_desertfox_b_long": "Early Quad-Rail Handschutz", "bm_wp_desertfox_b_silenced": "DTSS .338 Schalldämpfer", "bm_wp_erma_s_folded": "Eingeklappter Schaft", "bm_wp_fal_body_standard": "SA58 OSW Frontgriff", "bm_wp_fal_fg_03": "IMI Romat Frontgriff", "bm_wp_fal_fg_04": "Imbel Angepasster Scharfschützenfrontgriff", "bm_wp_fal_g_01": "SA58 OSW Griff", "bm_wp_fal_m_01": "STANAG 40rnd Magazin", "bm_wp_fal_s_01": "SA58 OSW Schaft", "bm_wp_fal_s_03": "Magpul PRS2 Einstellbarer Schaft", "bm_wp_famas_b_long": "G2 Ziviler Lauf", "bm_wp_famas_b_short": "G2 Kommando Lauf", "bm_wp_famas_b_sniper": "G2 Scharfschützenlauf", "bm_wp_famas_b_suppressed": "Lauf mit integriertem Schalldämpfer", "bm_wp_famas_g_retro": "G2 Griff", "bm_wp_fmg9_grip_tape": "Angepasster Griff", "bm_wp_fmg9_m_speed": "Magpul-artiges Magazin", "bm_wp_fmg9_stock_padded": "Schaftpolster", "bm_wp_fps_upg_o_45iron": "XTI abgewinkeltes Visier", "bm_wp_g18c_g_ergo": "Hogue Handall Half-Size Universal Griff", "bm_wp_g22c_b_long": "Glock 35 Schlitten", "bm_wp_g26_b_custom": "Salient Arms Tier 1 Lauf", "bm_wp_g26_body_salient": "Salient Arms Tier 1 Rahmen", "bm_wp_g26_m_custom": "Salient Arms Tier 1 Magazin", "bm_wp_g36_fg_c": "G36C Frontgriff", "bm_wp_g36_fg_ksk": "Knight Armaments G36 RAS Frontgriff", "bm_wp_g36_fg_long": "G36E Frontgriff", "bm_wp_g36_m_quick": "G36 Schnelllade-Magazin", "bm_wp_g36_s_kv": "Faltbarer H&K Schaft", "bm_wp_g36_s_sl8": "SR8 Schaft", "bm_wp_g3_b_sniper": "G3SG/1 Lauf", "bm_wp_g3_fg_psg": "MSG90 Frontgriff", "bm_wp_g3_fg_railed": "Frontgriff mit Schienen", "bm_wp_g3_fg_retro": "CETME Frontgriff", "bm_wp_g3_fg_retro_plastic": "AK 4 Handschutznachrüstung", "bm_wp_g3_g_sniper": "PSG1 Griff", "bm_wp_g3_s_sniper": "PSG1 Schaft", "bm_wp_g3_s_wood": "CETME Schaft", "bm_wp_galil_fg_fab": "FAB Defense VFR-GA Schienensystem", "bm_wp_galil_fg_mar": "Galil MAR Frontgriff", "bm_wp_galil_fg_sar": "Galil SAR Frontgriff", "bm_wp_galil_fg_sniper": "Galil 7.62 Frontgriff", "bm_wp_galil_s_fab": "Micro Galil Custom FAB Defense Schaft", "bm_wp_galil_s_plastic": "Original IMI Schaft", "bm_wp_galil_s_skeletal": "Galil MAR Schaft", "bm_wp_galil_s_sniper": "Galil Galatz Scharfschützenschaft", "bm_wp_groza_b_suppressed": "Angepasster Schalldämpfer", "bm_wp_groza_m_speed": "Schnelllade-Magazin", "bm_wp_hajk_b_medium": "Standard Lauf", "bm_wp_hajk_b_short": "CZ 805 BREN A2 Lauf", "bm_wp_hcar_barrel_dmr": "DMR Lauf", "bm_wp_hcar_barrel_short": "16 Zoll lauf", "bm_wp_hcar_conversionkit": "Zukunfts-Kit", "bm_wp_hcar_magazine_drum": "Trommelmagazin", "bm_wp_hcar_magazine_stick": "Stangemagazin", "bm_wp_hcar_suppressor": ".30-06 Schalldämpfer", "bm_wp_hk21_b_long": "HK23E Lauf", "bm_wp_hk21_fg_short": "Kurzer Handschutz", "bm_wp_hk51b_b_fluted": "Langer Rillenlauf", "bm_wp_hk51b_fg_railed": "Tri-rail Handschutz", "bm_wp_hk51b_s_extended": "Ausgefalteter Schaft", "bm_wp_holt_g_bling": "Angepasster Griff", "bm_wp_holt_g_ergo": "Ergonomischer Griff", "bm_wp_holt_m_extended": "Erweitertes Magazin", "bm_wp_hs2000_sl_custom": "XD-9 V10 4 Inch Lauf", "bm_wp_hs2000_sl_long": "XDM 5.25 Rostfreier Schlitten", "bm_wp_korth_b_railed": "Super Sport STX Lauf", "bm_wp_korth_conversionkit": "Super Sport STX Umrüstungskit", "bm_wp_korth_g_ergo": "Nill Korth National Standard Griff", "bm_wp_korth_g_houge": "Hogue Black Overmolded Griff", "bm_wp_korth_m_6": "NXR Sechsschüssige Trommel", "bm_wp_ksg_b_short": "KSG-12 Tactical Lauf", "bm_wp_l85a2_b_long": "L86A1 Lauf", "bm_wp_l85a2_b_short": "L22 Prototypenlauf", "bm_wp_l85a2_fg_short": "Daniel Defense Frontgriff mit Schienen", "bm_wp_l85a2_g_worn": "Abgenutzter Griff", "bm_wp_m134_barrel_extreme": "GAU-17/A Lauf", "bm_wp_m134_barrel_short": "Abgesägter Lauf", "bm_wp_m134_body_upper_light": "Schwache Batterie", "bm_wp_m14_body_ebr": "M1A SOPMOD Gehäuse", "bm_wp_m14_body_jae": "JAE-100 G3 angepasstes Gehäuse", "bm_wp_m14_body_ruger": "Ruger AC556 Gehäuse", "bm_wp_m16_fg_vietnam": "M16A1 Frontgriff", "bm_wp_m1897_b_long": "\"Field Gun\" Lauf", "bm_wp_m1897_b_short": "Hitzeschild", "bm_wp_m1897_s_short": "Abgesägter Schaft", "bm_wp_m1911_sl_hardballer": "AMT Javelina 10mm Schlitten", "bm_wp_m1911_sl_match": "Series 70 National Match Schlitten mit Bo-Mar Visier", "bm_wp_m1928_b_long": "M1927 Auto-Ordnance Lauf", "bm_wp_m1928_fg_discrete": "Synthetischer Frontgriff", "bm_wp_m1928_g_discrete": "Synthetischer Griff", "bm_wp_m1928_s_discrete": "Synthetisher Schaft", "bm_wp_m249_b_long": "M249-E2 SAW Lauf", "bm_wp_m249_fg_mk46": "MK46 Mod 0 Frontgriff", "bm_wp_m249_s_solid": "M249-E2 SAW Schaft", "bm_wp_m32_barrel_short": "Milkor Mark 14 Lauf", "bm_wp_m37_b_short": "Stakeout Lauf", "bm_wp_m37_s_short": "Abgesägter Schaft", "bm_wp_m4_g_billet": "JL Billet Skeletal Griff", "bm_wp_m4_g_ergo": "Command Arms UPG16 Griff", "bm_wp_m4_g_sniper": "H&K PSG1 Griff", "bm_wp_m4_lower_radian": "Radian AX556 unteres Verschlussgehäuse", "bm_wp_m4_m_straight": "M16 20rnd Magazin", "bm_wp_m4_s_pts": "Magpul PTS Schaft", "bm_wp_m4_s_standard": "Bushmaster LE Schaft", "bm_wp_m4_upper_radian": "Radian M1 oberes Verschlussgehäuse", "bm_wp_m4_uupg_b_long": ".50 Beowulf Umrüstungskit", "bm_wp_m4_uupg_b_medium": "Mk 18 Mod 0 Lauf", "bm_wp_m4_uupg_b_sd": "AAC Honey Badger Lauf", "bm_wp_m4_uupg_b_short": "LR 300 Lauf", "bm_wp_m4_uupg_fg_lr300": "Z-M LR 300ML Frontgriff", "bm_wp_m4_uupg_fg_radian": "Radian M1 Handschutz", "bm_wp_m4_uupg_m_std": "STANAG 38rnd Magazin", "bm_wp_m4_uupg_m_strike": "Strike Industries Magazin", "bm_wp_m4_uupg_s_fold": "LR300 faltbarer  Schaft", "bm_wp_m4_uupg_s_zulu": "ODIN Works Zulu Schaft", "bm_wp_m590_b_long": "Erweiterter Lauf und Röhrenmagazin", "bm_wp_m590_body_rail": "Black Aces Tactical Picatinny vierfach Schiene", "bm_wp_m60_b_short": "M60-E3 Lauf", "bm_wp_m60_fg_tactical": "Mk 43 Mod 0/1 Handschutz", "bm_wp_m60_fg_tropical": "M60 Handschutz mit Tropentarnung", "bm_wp_m95_b_barrel_long": "Accuracy International AW50F Lauf", "bm_wp_m95_b_barrel_suppressed": "QDL Schalldämpfer + Tarnummantelung", "bm_wp_mac10_body_ris": "G&P CQB taktisches Schienen-Kit Nachrüstung", "bm_wp_mac10_m_extended": "32rnd Magazin", "bm_wp_mac10_m_quick": "32rnd Magpul Magazin", "bm_wp_maxim9_b_long": "Erweiterter Schalldämpfer", "bm_wp_maxim9_b_marksman": "Verstärkter Kompensator", "bm_wp_maxim9_m_ext": "Erweitertes Magazin", "bm_wp_mg42_b_mg34": "MG 34 Lauf", "bm_wp_mg42_b_vg38": "DLT-19 Heavy Blaster Gewehrlauf", "bm_wp_model3_b_long": "Modifizierter 8 Zoll Lauf", "bm_wp_model3_b_short": "3 Zoll Lauf", "bm_wp_model3_g_bling": "Elfenbeingriff", "bm_wp_mosin_b_long": "M1907's M91/30 Lauf", "bm_wp_mosin_b_short": "M1907 M38 Karabinerlauf", "bm_wp_mosin_b_sniper": "Bramit Schalldämpfer", "bm_wp_mosin_body_conceal": "Synthetischer Schaft", "bm_wp_mosin_ns_bayonet_desc": "Das Mosin Nagant Bajonett ist ein Stachelbajonett, was bedeutet, im Gegensatz zu einem Messerbajonett, ist es nicht in der Lage, von Hand benutzt zu werden.\nEs misst 19,5 Zoll(49,5cm).", "bm_wp_mp5_fg_flash": "Handschutz mit G&P CREE LED Lampe", "bm_wp_mp5_fg_flash_desc": "Dieser taktische Handschutz ist ein direkter Ersatz des vorderen MP5 Handschutzes.", "bm_wp_mp5_fg_m5k": "MP5K-N Lauf", "bm_wp_mp5_fg_mp5a5": "Picatiny Tri-Rail Handschutz", "bm_wp_mp5_fg_mp5sd": "MP5SD5 Lauf", "bm_wp_mp5_m_straight": "MP5/10 Magazin", "bm_wp_mp5_s_adjust": "MP5A3 Schaft", "bm_wp_mp5_s_folding": "MP5K PDW Schaft", "bm_wp_mp5_s_ring": "MP5K Schaft", "bm_wp_mp7_b_suppressed": "H&K MP7 QD Schalldämpfer", "bm_wp_mp9_b_suppressed": "MP9 QD Schalldämpfer", "bm_wp_mp9_m_extended": "30rnd Magazin", "bm_wp_mp9_s_skel": "Steyr TMP Schaft Nachrüstung", "bm_wp_ms3gl_b_standard_long": "Lauf des Zweiten Modells", "bm_wp_ms3gl_body_modern": "Gehäuse mit \"UCP\" Tarnung", "bm_wp_ms3gl_s_modern": "Angepasster Schaft", "bm_wp_ns_duck": "Paradigm SRP Gator Schrotspreizer", "bm_wp_olympic_fg_railed": "K23B Taktischer Handschutz", "bm_wp_olympic_s_short": "K23P Schaft", "bm_wp_p14_b_comp": "Gelochte Lauferweiterung", "bm_wp_p226_b_equinox": "P226 Equinox Schlitten", "bm_wp_p226_b_long": "P226 X-Six Schlitten", "bm_wp_p90_b_civilian": "Moerse Lekker Sales umantelter Lauf", "bm_wp_p90_b_long": "PS90 ziviler Lauf", "bm_wp_p90_b_ninja": "Angepasster japanischer Schalldämpfer", "bm_wp_p90_m_strap": "P90 Magpul Magazin", "bm_wp_peacemaker_barrel_long": "Colt Buntline Special Lauf", "bm_wp_peacemaker_barrel_short": "Colt SAA artillery 5.5 Zoll Lauf", "bm_wp_peacemaker_rifle_stock": "Skelettschaft", "bm_wp_pis_deagle_extra": "Visierbefestigung mit Schienen", "bm_wp_pis_g_beavertail": "Cytec Beavertail Griff", "bm_wp_pis_g_laser": "Crimson Trace Glock Laser Griff", "bm_wp_pis_ppk_b_long": "Rostfreier Walther PP Schlitten", "bm_wp_pis_ppk_g_laser": "Crimson Trace LG-480 Lasergriff", "bm_wp_pis_usp_b_match": "Rostfreier Schlitten mit \"Match\" Kompensator", "bm_wp_pis_usp_m_big": "25rnd Magazin", "bm_wp_pis_usp_m_extended": "21rnd Magazin", "bm_wp_pm9_b_short": "Keine Flammensperre", "bm_wp_pm9_g_wood": "Holzgriff", "bm_wp_pm9_m_quick": "Schnelllade-Magazin", "bm_wp_pm9_s_tactical": "Angepasster Schaft", "bm_wp_polymer_barrel_precision": "CRB umantelter Lauf", "bm_wp_qbu88_b_long": "Langer Lauf", "bm_wp_qbu88_b_short": "Kurzer Lauf", "bm_wp_qbu88_m_extended": "Erweitertes Magazin", "bm_wp_qbu88_o_standard": "QBU-88 Kimme und Korn", "bm_wp_r700_b_medium": "16.5 Inch Lauf mit integriertem Schalldämpfer", "bm_wp_r700_b_short": "16.5 Inch Lauf", "bm_wp_r700_s_military": "Magpul Hunter 700 Schaft", "bm_wp_r870_fg_wood": "Hölzerner Frontgriff", "bm_wp_r870_m_extended": "Erweitertes Magazin", "bm_wp_r870_s_folding": "Faltschaft", "bm_wp_r870_s_nostock_big": "Visierbefestigung", "bm_wp_r870_s_solid_big": "Standardschaft mit Visierbefestigung", "bm_wp_r93_b_suppressed": ".338 Lapua Schalldämpfer", "bm_wp_r93_body_wood": "Blaser R93 leichtgewichtige Sportvariante", "bm_wp_rage_b_long": "444SS8 Lauf", "bm_wp_rage_b_short": "444 Multi-S/S Lauf", "bm_wp_rota_b_silenced": "Integrierter Schalldämpfer", "bm_wp_rpk_s_standard": "RPK-74M Schaft", "bm_wp_rsh12_b_comp": "angepasste Mündungsbremse", "bm_wp_rsh12_b_short": "Kurzer Lauf", "bm_wp_rsh12_g_wood": "Hölzerner Griff", "bm_wp_saiga_fg_holy": "Fuglystick Schienen System, 'Cobra' Pattern", "bm_wp_saiga_fg_lowerrail": "Ultimak AK-47 angepasste Mehrschienen-Nachrüstung", "bm_wp_sbl_b_long": "Langer Lauf mit Mündungsbremse", "bm_wp_sbl_b_short": "Angepasster Handschutz mit Schalldämpfer", "bm_wp_sbl_o_standard": "Kimme und Korn", "bm_wp_sbl_s_saddle": "Patronenhalter mit lederner Wangenauflage", "bm_wp_scar_fg_railext": "Primary Weapon Systems SRX Schienenerweiterung", "bm_wp_scar_s_sniper": "FN SSR Schaft", "bm_wp_scar_scar_fg_railext": "PWS SRX Schienenerweiterung", "bm_wp_schakal_b_civil": "USC Lauf", "bm_wp_schakal_ns_silencer": "GemTech UMP-45 Schalldämpfer", "bm_wp_schakal_s_civil": "USC Schaft", "bm_wp_schakal_vg_surefire": "SureFire M900 Frontgriff", "bm_wp_scorpion_b_suppressed": ".32 ACP Schalldämpfer", "bm_wp_scorpion_g_wood": "Originaler Holzgriff", "bm_wp_scorpion_m_extended": "Schnelllade-Magazin", "bm_wp_scout_bolt_speed": "Polierter Hochleistungsverschluss", "bm_wp_scout_exlusive": "Hölzerner Rahmen", "bm_wp_scout_m_extended": "Steyr Erweitertes Magazin", "bm_wp_scout_ns_suppressor": ".308 Schalldämpfer", "bm_wp_scout_o_iron_up": "Kimme und Korn", "bm_wp_scout_s_pads_none": "Ohne Schaftpolster", "bm_wp_scout_s_pads_one": "Nur mit einem Schaftpolster", "bm_wp_serbu_s_nostock_short": "Visierbefestigung", "bm_wp_serbu_s_solid_short": "Standardschaft mit Visierbefestigung", "bm_wp_shak12_body_vks": "VSSK Vykhlop Rahmen", "bm_wp_shak12_ns_muzzle": "ShAK-12 Mündungsbremse", "bm_wp_shak12_ns_suppressor": "ShAK-12 Schalldämpfer", "bm_wp_shak12_o_carry_dummy": "Montiere Visier auf dem Tragegriff", "bm_wp_shepheard_body_short": "MPX-K Handschutz", "bm_wp_shepheard_s_no": "MPX-K Schaft", "bm_wp_shorty_m_extended_short": "Erweitertes Magazin", "bm_wp_shrew_g_bling": "Gravierter Griff", "bm_wp_shrew_g_ergo": "Hogue Officer M1911 Gummigriff", "bm_wp_siltstone_b_silenced": "7.62x54mm Schalldämpfer", "bm_wp_siltstone_fg_polymer": "SVD Tiger Handschutz", "bm_wp_siltstone_ns_variation_b": "Angepasster Kompensator", "bm_wp_siltstone_s_polymer": "SVD Tiger Schaft", "bm_wp_sko12_b_short": "SKO-12 Shorty Lauf", "bm_wp_sko12_conversion": "\"Digital Desert\" Tarnung", "bm_wp_sko12_fg_railed": "Frontgriff mit Schiene", "bm_wp_sko12_grip": "SKO-12 Griff", "bm_wp_sko12_stock": "SKO-12 Schaft", "bm_wp_smg_m45_b_green": "M/45B Swedish Green Lauf", "bm_wp_smg_m45_b_small": "Kurzer Lauf", "bm_wp_smg_m45_body_green": "M/45B Swedish Green Lackierung", "bm_wp_smg_m45_g_bling": "Elfenbeingriff", "bm_wp_smg_m45_g_ergo": "Schwarzer Griff", "bm_wp_snp_msr_ns_suppressor": "TiTAN-QD .338 AAC Schalldämpfer", "bm_wp_sparrow_body_941": "Jericho 941 F Kit", "bm_wp_sparrow_g_cowboy": "Jericho 941 R Rahmen", "bm_wp_spas12_b_long": "Erweitertes Magazin", "bm_wp_spas12_s_solid": "Fester Schaft", "bm_wp_sr2_ns_silencer": "9x39mm Schalldämpfer", "bm_wp_stech_b_long": "Lauferweiterung", "bm_wp_stech_g_luxury": "Angepasster Holzgriff", "bm_wp_stech_g_tactical": "Angepasster Gummigriff", "bm_wp_stech_m_extended": "Erweitertes Magazin", "bm_wp_stech_s_standard": "Hölzerner Schaft", "bm_wp_sterling_b_e11": "E-11 Blaster Gewehrlauf", "bm_wp_sterling_b_short": "Sterling Mk 7 \"Para-Pistol\" Lauf", "bm_wp_sterling_b_suppressed": "Sterling L34A1 Lauf", "bm_wp_sterling_m_short": "E-11 Blaster Gewehrmagazin", "bm_wp_sterling_s_folded": "E-11 Blaster Gewehrschaft", "bm_wp_sub2000_fg_suppressed": "GemTech MK-9K Schalldämpfer", "bm_wp_tec9_b_standard": "AB-10 Lauf", "bm_wp_tec9_ns_ext": "Erweiterter Lauf", "bm_wp_tec9_s_unfolded": "Ausgefalteter Schaft", "bm_wp_tkb_body_pouch": "Magazintasche", "bm_wp_tkb_conversion": "Apokalyptisches Kit", "bm_wp_tkb_dh_rp4": "Zenitco RP-4 Durchladehebel", "bm_wp_tkb_m_bakelite": "Bakelite Magazin", "bm_wp_tkb_o_tritium": "Tritium Visier", "bm_wp_tkb_o_tt01": "Tactica Tula TT01 Visier", "bm_wp_tkb_s_tigr": "Wangenauflage", "bm_wp_tti_g_grippy": "Hogue OverMolded Pistolengriff", "bm_wp_tti_ns_hex": "5.56x45mm Schalldämpfer", "bm_wp_tti_s_vltor": "VLTOR EMOD Schaft", "bm_wp_type54_b_long": "Erweiterter Lauf", "bm_wp_type54_m_ext": "Erweitertes Magazin", "bm_wp_type54_underbarrel": "20ga Munition", "bm_wp_ultima_body_rack": "Patronenhalter", "bm_wp_ultima_s_light": "Drahtrahmenschaft", "bm_wp_upg_a_dragons_breath_desc": "Drachenatem ist eine besondere Art von Brand-Effekt-Munition für 12-Gauge-Schrotflinten. Drachenatem besteht hauptsächlich aus Magnesiumpellets. Wenn die Munition gefeuert wird, können Funken und Flammen auf etwa 100 Fuß treffen.", "bm_wp_upg_a_grenade_launcher_hornet": "Beehive Anti-Personnengeschoss", "bm_wp_upg_a_grenade_launcher_poison": "Giftmunition", "bm_wp_upg_a_piercing_desc": "Eine Flechette ist ein spitzes Stahlprojektil mit einem Flügelschwanz für stabilen Flug. Der Name kommt vom französischen Wort Fléchette, \"kleiner Pfeil\" oder \"Pfeil\".", "bm_wp_upg_a_rip": "Giftmunition", "bm_wp_upg_a_slug2_desc": "Ein Slug ist ein schweres Geschoss aus Blei, Kupfer oder anderem Material und aus einer Schrotflinte gefeuert.\nDas Geschoss ist typischerweise massiver als ein Gewehrkugel.", "bm_wp_upg_a_slug_desc": "Ein Slug ist ein schweres Geschoss aus Blei, Kupfer oder anderem Material und aus einer Schrotflinte gefeuert.\nDas Geschoss ist typischerweise massiver als eine Gewehrkugel.", "bm_wp_upg_ak_b_ak105": "AK-105 Lauf", "bm_wp_upg_ak_b_draco": "Romänischer AIMR Lauf", "bm_wp_upg_ak_fg_krebs": "Krebs UFM Keymod System Handschutz", "bm_wp_upg_ak_fg_tapco": "Tapco Intrafuse Handschutz", "bm_wp_upg_ak_fg_trax": "Strike Industries TRAX Handschutz", "bm_wp_upg_ak_fg_zenit": "RIS Handschutz", "bm_wp_upg_ak_g_hgrip": "Hogue OverMolded AK Pistolengriff", "bm_wp_upg_ak_g_pgrip": "US PALM Enhanced Pistolengriff", "bm_wp_upg_ak_g_rk3": "Zenitco PK-3 Pistolgriffriff", "bm_wp_upg_ak_g_wgrip": "Hölzerner Griff", "bm_wp_upg_ak_m_quad": "Concern Kalashnikov 60rnd Magazin", "bm_wp_upg_ak_m_uspalm": "US PALM AK30 30rnd Magazin", "bm_wp_upg_ak_ns_jmac": "JMac Customs MTC-1 Kompensator", "bm_wp_upg_ak_ns_tgp": "Combat Union DTK TGP-A Schalldämpfer", "bm_wp_upg_ak_s_solidstock": "AK-74 Schaft", "bm_wp_upg_ass_ak_b_zastava": "Zastava M76 Lauf", "bm_wp_upg_ass_m16_fg_stag": "Diamondhead VRS-T Custom", "bm_wp_upg_ass_m4_fg_lvoa": "War Sport LVOA angepasster Frontgriff", "bm_wp_upg_ass_m4_fg_moe": "Magpul MOE SL Handschutz", "bm_wp_upg_ass_ns_jprifles": "JP Standard-Profile Kompensator", "bm_wp_upg_ass_ns_linear": "KIES Blast Master Linear Kompensator", "bm_wp_upg_ass_ns_surefire": "SureFire MB556K Mündungsbremse", "bm_wp_upg_fg_jp": "JPHG3-1M angepasster Kohlefaserfrontgriff", "bm_wp_upg_fg_midwest": "Midwest Industries vierfach Schiene", "bm_wp_upg_fg_smr": "Geissele SMR MKIII Frontgriff", "bm_wp_upg_fl_ass_peq15_desc": "Es ist ein leichtes, robustes, einfach zu bedienendes Zielsystem für den Einsatz mit oder ohne Nachtsichtgerät.\nLaufzeit: Mehr als 6 Stunden.", "bm_wp_upg_fl_ass_smg_sho_peqbox_desc": "Das Visier erfüllt Militär-Spezifikation und projeziert einen sichtbaren roten Punkt. Es ist eine zivile Version des größeren AN-PEQ-2, welches nur für das U.S. Militär verfügbar ist.", "bm_wp_upg_fl_ass_utg_desc": "Dies ist das perfekte Accessoire, um den taktischen Vorteil zu erlangen. Die Taschenlampe kann verwendet werden, um Ihr Ziel schnell zu identifizieren und gleichzeitig Ihre Sichtbarkeit in der Nacht zu minimieren. Der Laser ermöglicht es Ihnen, schnell Ihr Ziel zu erfassen und macht es einfacher, Ihr Ziel in der Hitze des Kampfes zu treffen.\nLaserlebensdauer: 6000 Stunden.", "bm_wp_upg_fl_crimson": "CN-201 RAIL MASTER Laservisier", "bm_wp_upg_fl_pis_laser": "CMR-201 RAIL MASTER Laservisier", "bm_wp_upg_fl_pis_laser_desc": "Dies ist ein leistungsstarkes und vielseitiges Laservisier, die für Pistolen, Gewehre und Schrotflinten mit Zubehörschiene geeignet ist.\nLaufzeit: 4 Stunden.", "bm_wp_upg_fl_pis_m3x_desc": "Dieses Licht wurde gebaut, um unter den strengsten Bedingungen zu funktionieren und die härtesten Umgebungen zu überleben. Aus diesem Grund kann es 66 Fuß tief tauchen und noch wasserdicht bleiben.\nLaufzeit: 1 Stunde", "bm_wp_upg_fl_pis_tlr1_desc": "Intensiv helles, praktisch unzerstörbares, schienengebundenes taktisches Licht, lässt sich an fast jeder Waffe in Sekunden anbringen.\nLaufzeit: 2,5 Stunden.", "bm_wp_upg_fl_x400v": "SureFire X400V IRc Licht and Laservisier", "bm_wp_upg_fl_x400v_desc": "Dies ist ein vielseitig einsetzbares Dual-Spektrum-Licht, das auch ein integrierte Klasse 1 Infrarot-Laservisier für den Einsatz mit Nachtsichtgeräten bietet.\nLaufzeit: 2,5 Stunden.", "bm_wp_upg_g_m4_surgeon": "Tactical Dynamics Griff", "bm_wp_upg_i_autofire": "Automatischfeuersperre", "bm_wp_upg_i_singlefire": "Einzelfeuersperre", "bm_wp_upg_m4_g_hgrip": "Hogue OverMolded Weichgummigriff", "bm_wp_upg_m4_g_mgrip": "Magpul MOE-K Griff", "bm_wp_upg_m4_s_crane": "NSWC Crane Schaft", "bm_wp_upg_m4_s_mk46": "NSWC Crane angepasster Schaft", "bm_wp_upg_m4_s_ubr": "Magpul UBR Zusammenklappbarer angepasster Schaft", "bm_wp_upg_ns_ass_filter": "Öl Filter Schalldämpfer", "bm_wp_upg_ns_ass_pbs1": "PBS-1 Schalldämpfer", "bm_wp_upg_ns_ass_smg_firepig": "Noveske KX3 Mündungsfeuerdämpfer", "bm_wp_upg_ns_ass_smg_medium": "SAI M80 angepasster Schalldämpfer", "bm_wp_upg_ns_ass_smg_small": "GEMTECH HALO Schalldämpfer", "bm_wp_upg_ns_ass_smg_stubby": "VFC Stinger Mündungsfeuerdämpfer", "bm_wp_upg_ns_ass_smg_v6": "V6 Industries Mündungsbremse", "bm_wp_upg_ns_large_kac": "Knight's Armament Mk23 angepasster Schalldämpfer", "bm_wp_upg_ns_meatgrinder": "WE Tech Tenderizer Kompensator", "bm_wp_upg_ns_medium_gem": "GEMTECH BLACKSIDE-45 Schalldämpfer", "bm_wp_upg_ns_pis_jungle": "M1911A1 getarnter Schalldämpfer", "bm_wp_upg_ns_pis_large": "SilencerCo Osprey .45 Schalldämpfer", "bm_wp_upg_ns_pis_medium_slim": "Verchromter Schalldämpfer", "bm_wp_upg_ns_pis_putnik": "ZDTK-T Putnik Schalldämpfer", "bm_wp_upg_ns_pis_small": "Thompson Machine Poseidon angepasster Schalldämpfer", "bm_wp_upg_ns_sho_salvo_large": "SilencerCo Salvo 12 Schalldämpfer", "bm_wp_upg_ns_shot_shark": "Tromix Shark Brake Türbrecher", "bm_wp_upg_ns_shot_thick": "Chigurh Schalldämpfer", "bm_wp_upg_ns_typhoon": "Tandemkross Game Changer Kompensator", "bm_wp_upg_o_aimpoint": "Aimpoint PRO Patrol Gewehrvisier", "bm_wp_upg_o_ak_scopemount": "K-VAR KV-04S Visierbefestigung", "bm_wp_upg_o_atibal": "Atibal MROC Visier", "bm_wp_upg_o_box": "Pulsar Digisight LRF N960 N970 Nachtsichtzielfernrohr mit Reichweitenmesser", "bm_wp_upg_o_docter": "DOCTER Visier II Plus", "bm_wp_upg_o_ironsight": "Kimme und Korn", "bm_wp_upg_o_m14_scopemount": "Mk14 Gehäuse", "bm_wp_upg_o_mbus_pro_rail": "Magpul MBUS Pro Kimme und Korn", "bm_wp_upg_o_mbus_rear": "MBUS Kimme und Korn", "bm_wp_upg_o_northtac": "Northtac 1-4x28 Zielfernrohr", "bm_wp_upg_o_poe": "PO 4X24 P Visier", "bm_wp_upg_o_reflex": "Sightmark Sure Shot", "bm_wp_upg_o_rmr": "Trijicon RM06 RMR Visier", "bm_wp_upg_o_rx01": "Trijicon RX01 Reflexvisier", "bm_wp_upg_o_rx30": "Trijicon RX30 Reflexvisier", "bm_wp_upg_o_sho_salvo_large": "SilencerCo Salvo 12 Schalldämpfer", "bm_wp_upg_o_tf90": "Tech Force TF90 Visier", "bm_wp_upg_shot_ns_king": "King Armory 12ga Brecher", "bm_wp_upg_smg_olympic_fg_lr300": "Aftermarket kurzer Handgriff", "bm_wp_uzi_b_suppressed": "SIONICS \"Whispering Death\" angepasste Nachrüstung", "bm_wp_uzi_fg_rail": "FAB Defense Schiene mit KAC Griff", "bm_wp_uzi_s_solid": "Originaler Holzschaft", "bm_wp_vhs_b_short": "VHS-K2 Lauf", "bm_wp_vhs_b_silenced": "Integrierter Schalldämpfer", "bm_wp_vhs_b_sniper": "Langer Lauf", "bm_wp_victor_g_mod3": "BCMGUNFIGHTER Griff", "bm_wp_victor_ns_omega": "SilencerCo Omega Schalldämpfer", "bm_wp_victor_o_standard": "Kimme und Korn", "bm_wp_victor_s_mod0": "BCMGUNFIGHTER Schaft", "bm_wp_vityaz_b_long": "16,25 Zoll Lauf", "bm_wp_vityaz_b_supressed": "Asura Dynamics PP19 Schalldämpfer", "bm_wp_vityaz_s_short": "Kein Schaft", "bm_wp_wa2000_b_long": "Gen 2 Lauf", "bm_wp_wa2000_b_suppressed": "Integrierter Schalldämpfer", "bm_wp_wa2000_g_light": "Leichter Schaft", "bm_wp_wa2000_g_stealth": "Schwarzer Schaft", "bm_wp_wa2000_g_walnut": "Walnuss Schaft", "bm_wpn_fps_upg_o_45rds_v2": "Aimpoint Micro T-2 abgewinkeltes Visier", "bm_wpn_fps_upg_o_45steel": "Diamondhead USA D-45 Kimme und Korn", "bm_wpn_fps_upg_o_hamr": "Leupold Mark 4 HAMR Visier", "bm_wpn_fps_upg_o_sig": "Sig Sauer Juliet3 3x24mm Vergrößerer", "bm_wpn_fps_upg_o_xpsg33_magnifier": "Aimpoint 3XMag Vergrößerer", "wpn_fps_upg_ak_g_edg": "EDG Custom Textured Griff", "wpn_fps_upg_ak_g_gradus": "FAB Defense GRADUS Griff", "wpn_fps_upg_ak_g_rk9": "Zenitco RK-9 Griff"}