{
    "bm_menu_barrel_ext": "Estensione della Canna",
    "bm_menu_bipod": "Bipiede",
    "bm_menu_custom": "Modifica Interna",
    "bm_menu_sight": "Optic",
    "bm_wp_1911_b_long": "Carrello Lungo Ventilato Springfield Armory V-16",
    "bm_wp_1911_b_vented": "Carrello Ventilato Springfield Armory V-12",
    "bm_wp_1911_g_bling": "Impugnatura in Legno",
    "bm_wp_1911_g_engraved": "Impugnatura Scolpita",
    "bm_wp_1911_g_ergo": "Impugnatura American Legend Pachmayr",
    "bm_wp_1911_m_big": "Caricatore ProMag 22rnd",
    "bm_wp_2006m_b_long": "Canna 6 Pollici",
    "bm_wp_2006m_b_medium": "Canna 4 Pollici",
    "bm_wp_2006m_b_short": "Canna 3 Pollici",
    "bm_wp_2006m_g_bling": "Impugnatura Sintetica",
    "bm_wp_aa12_barrel_long": "Canna Regolare AA-12",
    "bm_wp_aa12_barrel_silenced": "Silenziatore Integrale",
    "bm_wp_ak5_b_short": "Canna Bofors AK 5c",
    "bm_wp_ak5_fg_ak5c": "Impugnatura anteriore AK 5c",
    "bm_wp_ak5_fg_fnc": "Impugnatura anteriore FN FNC",
    "bm_wp_ak5_s_ak5b": "Calcio FFV AK 5B",
    "bm_wp_ak5_s_ak5c": "Calcio Bofors AK 5c",
    "bm_wp_ak_fg_combo2": "Supporto Ottico Ultimak AK",
    "bm_wp_ak_fg_combo3": "Sistema Modulare con Slitta Frontale Ultimak AK",
    "bm_wp_ak_s_folding": "Calcio pieghevole AK",
    "bm_wp_ak_s_psl": "Calcio PSL",
    "bm_wp_ak_s_skfoldable": "Calcio pieghevole AKS-74",
    "bm_wp_akmsu_fg_rail": "Handguard Generico con Slitta",
    "bm_wp_ass_s552_b_long": "Kit SIG SG 552 LB",
    "bm_wp_ass_s552_fg_railed": "Impugnatura anteriore con slitta del SIG SG 553",
    "bm_wp_ass_s552_fg_standard_green": "Impugnatura anteriore verde oliva",
    "bm_wp_ass_s552_g_standard_green": "Impugnatura verde oliva",
    "bm_wp_ass_s552_s_standard_green": "Calcio verde oliva",
    "bm_wp_asval_b_proto": "Canna SR-3M",
    "bm_wp_asval_s_solid": "Calcio VSS Vintorez",
    "bm_wp_aug_b_long": "Canna AUG HBAR",
    "bm_wp_aug_b_short": "Canna 16 pollici AUG Carbine",
    "bm_wp_aug_body_f90": "Castello Thales EF88/F90",
    "bm_wp_aug_fg_a3": "Impugnatura anteriore AUG A3",
    "bm_wp_b682_s_ammopouch": "Custodia per Munizioni",
    "bm_wp_b682_s_short": "Calcio accorciato",
    "bm_wp_baka_b_comp": "Canna con Compensatore",
    "bm_wp_basset_fg_short": "Canna e Slitta Accorciati",
    "bm_wp_basset_m_extended": "Caricatore 12 colpi SGM Tactical SAIGA",
    "bm_wp_beer_b_robo": "Canna RoboCop",
    "bm_wp_beer_g_lux": "Impugnatura in Legno",
    "bm_wp_beer_g_robo": "Impugnatura RoboCop",
    "bm_wp_beer_m_extended": "Caricatore Esteso",
    "bm_wp_beer_s_std": "Calcio in Filo Metallico",
    "bm_wp_ben_b_short": "Canna M4 NFA",
    "bm_wp_ben_fg_standard": "Calcio M4 Tactical",
    "bm_wp_beretta_co_co1": "Compensatore LA.RI.A AL-GI-MEC",
    "bm_wp_beretta_g_engraved": "Impugnatura Incisa",
    "bm_wp_beretta_g_ergo": "Impugnatura in Legno",
    "bm_wp_beretta_sl_brigadier": "Carrello Brigadier 92FS",
    "bm_wp_breech_b_reinforced": "Canna Sports Parabellum Mauser",
    "bm_wp_c96_b_long": "Canna per Carabina",
    "bm_wp_c96_m_extended": "Caricatore M72 Schnellfeuer",
    "bm_wp_c96_nozzle": "Rompifiamma DL-44",
    "bm_wp_c96_sight": "Ottica DL-44",
    "bm_wp_chinchilla_b_satan": "Canna Personalizzata Kokusai Devil",
    "bm_wp_chinchilla_g_black": "Impugnatura Sintetica",
    "bm_wp_ching_b_short": "Canna T26 Carbine",
    "bm_wp_ching_fg_railed": "Slitta Fulton Armory Scout, Gen III",
    "bm_wp_coach_s_short": "Calcio Accorciato",
    "bm_wp_cobray_ns_barrelext": "Canna Rivestita",
    "bm_wp_cobray_ns_silencer": "SIONICS \"Morte Sussurrante\"",
    "bm_wp_czech_b_long": "Estensione della Canna",
    "bm_wp_czech_g_luxury": "Impugnatura in Legno",
    "bm_wp_czech_g_sport": "Impugnatura Personalizzata",
    "bm_wp_czech_m_extended": "Caricatore Esteso",
    "bm_wp_czech_s_standard": "Calcio in Filo Metallico",
    "bm_wp_deagle_b_long": "Canna 10 Pollici",
    "bm_wp_deagle_b_modern": "Canna Modificata",
    "bm_wp_deagle_co_long": "Compensatore Boondock",
    "bm_wp_deagle_co_short": "Compensatore Magnum Research DE50MB",
    "bm_wp_deagle_g_bling": "Impugnatura in Avorio",
    "bm_wp_desertfox_b_silenced": "Silenziatore DTSS .338",
    "bm_wp_erma_s_folded": "Calcio Pieghevole",
    "bm_wp_fal_body_standard": "Impugnatura Anteriore SA58 OSW",
    "bm_wp_fal_fg_03": "Impugnatura Anteriore IMI Romat",
    "bm_wp_fal_fg_04": "Impugnatura Anteriore per Fucili di Precisione Personalizzata Imbel",
    "bm_wp_fal_g_01": "Impugnatura SA58 OSW",
    "bm_wp_fal_m_01": "Caricatore STANAG 40rnd",
    "bm_wp_fal_s_01": "Calcio SA58 OSW",
    "bm_wp_fal_s_03": "Calcio Regolabile Magpul PRS2",
    "bm_wp_famas_b_long": "Canna civile G2",
    "bm_wp_famas_b_short": "Canna del G2 Commando",
    "bm_wp_famas_b_sniper": "Canna di precisione G2",
    "bm_wp_famas_b_suppressed": "Canna con silenziatore integrato",
    "bm_wp_famas_g_retro": "Impugnatura G2",
    "bm_wp_fps_upg_o_45iron": "Supporto ottico XTI Angle",
    "bm_wp_g18c_g_ergo": "Coversione PDW Hogue Handall",
    "bm_wp_g22c_b_long": "Carrello Glock 35",
    "bm_wp_g26_b_custom": "Canna Salient Arms Tier 1",
    "bm_wp_g26_body_salient": "Telaio Salient Arms Tier 1",
    "bm_wp_g26_m_custom": "Caricatore Salient Arms Tier 1",
    "bm_wp_g36_fg_c": "Impugnatura Anteriore G36C",
    "bm_wp_g36_fg_ksk": "Impugnatura Anteriore Knight Armaments G36 RAS",
    "bm_wp_g36_fg_long": "Impugnatura Anteriore G36E",
    "bm_wp_g36_m_quick": "Caricatore Magpul G36",
    "bm_wp_g36_s_kv": "Calcio Pieghevole HK",
    "bm_wp_g36_s_sl8": "Calcio SR8",
    "bm_wp_g3_b_sniper": "Kit G3SG/1",
    "bm_wp_g3_fg_psg": "Impugnatura Anteriore MSG90",
    "bm_wp_g3_fg_railed": "Impugnatura Anteriore con Slitta",
    "bm_wp_g3_fg_retro": "Impugnatura Anteriore CETME",
    "bm_wp_g3_fg_retro_plastic": "Handguard AK 4",
    "bm_wp_g3_g_sniper": "Impugnatura PSG1",
    "bm_wp_g3_s_sniper": "Calcio PSG1",
    "bm_wp_g3_s_wood": "Calcio CETME",
    "bm_wp_galil_fg_fab": "Slitta FAB Defense VFR-GA",
    "bm_wp_galil_fg_mar": "Impugnatura Anteriore Galil MAR",
    "bm_wp_galil_fg_sar": "Impugnatura Anteriore Galil SAR",
    "bm_wp_galil_fg_sniper": "Impugnatura Anteriore Galil 7.62",
    "bm_wp_galil_s_fab": "Calcio Galil Custom FAB Defense",
    "bm_wp_galil_s_plastic": "Calcio Originale IMI",
    "bm_wp_galil_s_skeletal": "Calcio Galil MAR",
    "bm_wp_galil_s_sniper": "Calcio da Cecchino Galil Galatz",
    "bm_wp_hajk_b_medium": "Canna Standard",
    "bm_wp_hajk_b_short": "Canna del CZ 805 BREN A2",
    "bm_wp_hk21_b_long": "Canna HK23E",
    "bm_wp_hk21_fg_short": "Handguard Corta",
    "bm_wp_holt_g_bling": "Impugnatura Personalizzata",
    "bm_wp_holt_g_ergo": "Impugnatura Ergonomica",
    "bm_wp_holt_m_extended": "Caricatore Esteso",
    "bm_wp_hs2000_sl_custom": "Canna 4 Pollici XD-9 V10",
    "bm_wp_hs2000_sl_long": "Carrello Inossidabile XDM 5.25",
    "bm_wp_ksg_b_short": "Canna KSG-12 Tactical",
    "bm_wp_l85a2_b_long": "Canna L86A1",
    "bm_wp_l85a2_b_short": "Canna prototipo L22",
    "bm_wp_l85a2_fg_short": "Impugnatura anteriore con slitta Daniel Defense",
    "bm_wp_l85a2_g_worn": "Impugnatura consumata",
    "bm_wp_l85a2_m_emag": "Caricatore Magpul EMAG",
    "bm_wp_m134_barrel_extreme": "Canna GAU-17/A",
    "bm_wp_m134_barrel_short": "Canna Accorciata",
    "bm_wp_m134_body_upper_light": "Batteria a Bassa Potenza",
    "bm_wp_m14_body_ebr": "Telaio M1A SOPMOD",
    "bm_wp_m14_body_jae": "Telaio personalizzato JAE-100 G3",
    "bm_wp_m14_body_ruger": "Telaio Ruger AC556",
    "bm_wp_m16_fg_railed": "Slitta personalizzata Daniel Defense AR15 Lite III",
    "bm_wp_m16_fg_vietnam": "Impugnatura anteriore M16A1",
    "bm_wp_m1928_b_long": "Canna M1927 Auto-Ordnance",
    "bm_wp_m1928_fg_discrete": "Impugnatura Anteriore Sintetica",
    "bm_wp_m1928_g_discrete": "Impignatura Sintetica",
    "bm_wp_m1928_s_discrete": "Calcio Sintetico",
    "bm_wp_m249_b_long": "Canna M249-E2 SAW",
    "bm_wp_m249_fg_mk46": "Impugnatura Anteriore MK46 Mod 0",
    "bm_wp_m249_s_solid": "Calcio M249-E2 SAW",
    "bm_wp_m32_barrel_short": "Canna Milkor Mark 14",
    "bm_wp_m37_b_short": "Canna Stakeout",
    "bm_wp_m37_s_short": "Calcio Accorciato",
    "bm_wp_m4_g_ergo": "Impugnatura Command Arms UPG16",
    "bm_wp_m4_g_sniper": "Impugnatura stile H&K PSG1",
    "bm_wp_m4_m_quick": "Magpul 5.56 NATO originale",
    "bm_wp_m4_m_straight": "Caricatore M16 20 Colpi",
    "bm_wp_m4_s_pts": "Calcio Magpul PTS",
    "bm_wp_m4_s_standard": "Calcio Bushmaster LE",
    "bm_wp_m4_upper_reciever_edge": "Castello superiore VLTOR MUR-1A",
    "bm_wp_m4_uupg_b_long": "Kit di conversione .50 Beowulf",
    "bm_wp_m4_uupg_b_medium": "Canna Mk 18 Mod 0",
    "bm_wp_m4_uupg_b_sd": "Canna AAC Honey Badger",
    "bm_wp_m4_uupg_b_short": "Canna LR 300",
    "bm_wp_m4_uupg_fg_lr300": "Impugnatura anteriore Z-M LR 300ML",
    "bm_wp_m4_uupg_m_std": "Caricatore STANAG 38rnd",
    "bm_wp_m4_uupg_s_fold": "Calcio pieghevole LR300",
    "bm_wp_m60_b_short": "Canna dell'M60-E3",
    "bm_wp_m60_fg_tactical": "Mk 43 Mod 0/1 Handguard",
    "bm_wp_m60_fg_tropical": "Impugnatura Anteriore M60 con Mimetizzazione Tropicale",
    "bm_wp_m95_b_barrel_long": "Canna Accuracy International AW50F",
    "bm_wp_m95_b_barrel_suppressed": "Silenziatore QDL + Rivestimento Mimetizzato",
    "bm_wp_mac10_body_ris": "Kit Slitta Tattica G&P CQB",
    "bm_wp_mac10_m_extended": "Caricatore 32rnd",
    "bm_wp_mac10_m_quick": "Caricatore Magpul 32rnd",
    "bm_wp_mg42_b_mg34": "Canna MG 34",
    "bm_wp_mg42_b_vg38": "Canna DLT-19 Heavy Blaster Rifle",
    "bm_wp_mosin_b_long": "Canna M1907's M91/30",
    "bm_wp_mosin_b_short": "Canna M1907 M38 Carbine",
    "bm_wp_mosin_b_sniper": "Silenziatore Bramit",
    "bm_wp_mosin_body_conceal": "Calcio Sintetico",
    "bm_wp_mosin_ns_bayonet": "Baionetta Mosin Nagant",
    "bm_wp_mosin_ns_bayonet_desc": "La baionetta Mosin Nagant è uno spuntone, ciò significa che non può essere tenuta in mano come un normale coltello\nMisura circa 50 centimetri.",
    "bm_wp_mp5_fg_flash": "Handguard con torcia a LED G&P CREE",
    "bm_wp_mp5_fg_flash_desc": "Questa impugnatura anteriore tattica rimpiazza l'impugnatura anteriore dell'MP5.",
    "bm_wp_mp5_fg_m5k": "Canna dell'MP5K-N",
    "bm_wp_mp5_fg_mp5a5": "Handguard Picatiny Tri-Rail",
    "bm_wp_mp5_fg_mp5sd": "Canna dell'MP5SD5",
    "bm_wp_mp5_m_straight": "Caricatore MP5/10",
    "bm_wp_mp5_s_adjust": "Calcio MP5A3",
    "bm_wp_mp5_s_folding": "Calcio MP5K PDW",
    "bm_wp_mp5_s_ring": "Calcio MP5K",
    "bm_wp_mp7_b_suppressed": "Silenziatore H&K MP7 QD",
    "bm_wp_mp9_b_suppressed": "Silenziatore MP9 QD",
    "bm_wp_mp9_m_extended": "Caricatore 30rnd",
    "bm_wp_mp9_s_skel": "Calcio Steyr TMP",
    "bm_wp_olympic_fg_railed": "Handguard Tattica K23B",
    "bm_wp_olympic_s_short": "Calcio K23P",
    "bm_wp_p14_b_comp": "Canna Estesa Modificata",
    "bm_wp_p226_b_equinox": "Carrello P226 Equinox",
    "bm_wp_p226_b_long": "Carrello P226 X-Six",
    "bm_wp_p90_b_civilian": "Canna Rivestita Moerse Lekker Sales",
    "bm_wp_p90_b_long": "Canna PS90 Dotazione Civile",
    "bm_wp_p90_b_ninja": "Silenziatore Giapponese Personalizzato",
    "bm_wp_p90_m_strap": "Caricatore Magpul P90",
    "bm_wp_peacemaker_barrel_long": "Canna Colt Buntline Special",
    "bm_wp_peacemaker_barrel_short": "Canna di Artiglieria 5.5 Pollici Colt SAA",
    "bm_wp_peacemaker_rifle_stock": "Calcio Scheletrico",
    "bm_wp_pis_deagle_extra": "Supporto per Mirino con Slitta",
    "bm_wp_pis_g_beavertail": "Impugnatura Cytec Beavertail",
    "bm_wp_pis_g_laser": "Impugnatura con puntatore laser Crimson Trace",
    "bm_wp_pis_ppk_b_long": "Carrello Inossidabile Walther PP",
    "bm_wp_pis_usp_b_match": "Carrello Inossidabile con Compensatore Match",
    "bm_wp_pis_usp_m_big": "Caricatore 25rnd",
    "bm_wp_pis_usp_m_extended": "Caricatore 21rnd",
    "bm_wp_polymer_barrel_precision": "Canna rivestita CRB",
    "bm_wp_r700_b_medium": "Canna 16.5 Pollici con Silenziatore Integrato",
    "bm_wp_r700_b_short": "Canna 16.5 Pollici",
    "bm_wp_r700_s_military": "Calcio Magpul Hunter 700",
    "bm_wp_r870_m_extended": "Caricatore Esteso",
    "bm_wp_r870_s_folding": "Calcio Pieghevole",
    "bm_wp_r870_s_nostock_big": "Supporto Ottico",
    "bm_wp_r870_s_solid_big": "Calcio Standard con Supporto Ottico",
    "bm_wp_r93_b_suppressed": "Silenziatore .338 Lapua",
    "bm_wp_rage_b_long": "Canna 444SS8 Barrel",
    "bm_wp_rage_b_short": "Canna 444 Multi-S/S",
    "bm_wp_rota_b_silenced": "Silenziatore Integrale",
    "bm_wp_rpk_s_standard": "Calcio RPK-74M",
    "bm_wp_saiga_fg_holy": "Slitta Fuglystick, Motivo 'Cobra'",
    "bm_wp_saiga_fg_lowerrail": "Slitta Anteriore Personalizzata Ultimak AK-47",
    "bm_wp_scar_b_long": "Kit Mk17 LB",
    "bm_wp_scar_b_short": "Kit Mk17 CQC",
    "bm_wp_scar_fg_railext": "Estensione Slitta Primary Weapon Systems SRX",
    "bm_wp_scar_s_sniper": "Calcio FN SSR",
    "bm_wp_scar_scar_fg_railext": "Estensione Slitta PWS SRX",
    "bm_wp_schakal_b_civil": "Canna USC",
    "bm_wp_schakal_ns_silencer": "Silenziatore GemTech UMP-45",
    "bm_wp_schakal_s_civil": "Calcio USC",
    "bm_wp_schakal_vg_surefire": "Impugnatura Anteriore Surefire M900",
    "bm_wp_scorpion_b_suppressed": "Silenziatore .32 ACP",
    "bm_wp_scorpion_g_wood": "Impugnatura Originale in Legno",
    "bm_wp_scorpion_m_extended": "Caricatore Quick-Swap",
    "bm_wp_serbu_s_nostock_short": "Supporto Ottico",
    "bm_wp_serbu_s_solid_short": "Calcio Standard con Supporto Ottico",
    "bm_wp_shepheard_body_short": "Handguard MPX-K",
    "bm_wp_shepheard_s_no": "Calcio MPX-K",
    "bm_wp_shorty_m_extended_short": "Caricatore Esteso",
    "bm_wp_shrew_g_bling": "Impugnatura Scolpita",
    "bm_wp_shrew_g_ergo": "Impugnatura in Gomma Hogue Officer M1911",
    "bm_wp_siltstone_b_silenced": "Silenziatore 7.62x54mm",
    "bm_wp_siltstone_fg_polymer": "Handguard SVD Tiger",
    "bm_wp_siltstone_ns_variation_b": "Compensatore Personalizzato",
    "bm_wp_siltstone_s_polymer": "Calcio SVD Tiger",
    "bm_wp_smg_m45_b_green": "Canna Verde M/45B",
    "bm_wp_smg_m45_b_small": "Canna Corta",
    "bm_wp_smg_m45_body_green": "Telaio Verde M/45B",
    "bm_wp_smg_m45_g_bling": "Impugnatura in Avorio",
    "bm_wp_smg_m45_g_ergo": "Impugnatura Nera",
    "bm_wp_snp_msr_ns_suppressor": "Silenziatore TiTAN-QD .338 AAC",
    "bm_wp_sparrow_body_941": "Kit Jericho 941 F",
    "bm_wp_sparrow_g_cowboy": "Telaio Jericho 941 R",
    "bm_wp_spas12_b_long": "Caricatore Esteso",
    "bm_wp_spas12_s_solid": "Calcio Fisso",
    "bm_wp_sr2_m_quick": "Magpul 9mm Veresk Retrofit originale",
    "bm_wp_sr2_ns_silencer": "Silenziatore 9x39mm",
    "bm_wp_stech_b_long": "Estensione della Canna",
    "bm_wp_stech_g_luxury": "Impugnatura Personalizzata in Legno",
    "bm_wp_stech_g_tactical": "Impugnatura Personalizzata in Gomma",
    "bm_wp_stech_m_extended": "Caricatore Esteso",
    "bm_wp_stech_s_standard": "Calcio in Legno",
    "bm_wp_sterling_b_e11": "Canna E-11 Blaster Rifle",
    "bm_wp_sterling_b_long": "Canna Allungata",
    "bm_wp_sterling_b_short": "Canna Sterling Mk 7 \"Para-Pistol\"",
    "bm_wp_sterling_b_suppressed": "Canna Sterling L34A1",
    "bm_wp_sterling_m_short": "Canna E-11 Blaster Rifle",
    "bm_wp_sterling_s_folded": "Calcio E-11 Blaster Rifle",
    "bm_wp_sub2000_fg_gen2": "Kit Gen 2",
    "bm_wp_sub2000_fg_railed": "Impugnatura anteriore Red Lion Precision Gen I SUB-2000",
    "bm_wp_sub2000_fg_suppressed": "Silenziatore GemTech MK-9K",
    "bm_wp_tec9_b_standard": "Canna AB-10",
    "bm_wp_tec9_ns_ext": "Canna Estesa",
    "bm_wp_tec9_s_unfolded": "Calcio Aperto",
    "bm_wp_tecci_b_long": "Canna Mitragliatrice Leggera",
    "bm_wp_tti_g_grippy": "Impugnatura per Pistole Hogue OverMolded",
    "bm_wp_tti_ns_hex": "Silenziatore 5.56x45mm",
    "bm_wp_tti_s_vltor": "Calcio VLTOR EMOD",
    "bm_wp_upg_a_dragons_breath_desc": "I Dragon's breath sono degli speciali colpi incendiari per fucili a pompa calibro 12. Un Dragon's breath consiste principalmente in pallettoni di magnesio. Quando il colpo viene sparato, scintille e fiamme possono propagarsi per circa 30 metri.",
    "bm_wp_upg_a_piercing_desc": "Una flechette è un proiettile d'acciaio appuntito, con una coda segnavento per dargli più stabilità. Il nome deriva dal francese fléchette, \"piccola freccia\" o \"dardo\".",
    "bm_wp_upg_a_slug2_desc": "Uno slug è un proiettile pesante fatto di piombo, rame ed altri materiali e sparato da un fucile a pompa.\nUno slug è tipicamente più massiccio di un normale proiettile.",
    "bm_wp_upg_a_slug_desc": "Uno slug è un proiettile pesante fatto di piombo, rame ed altri materiali e sparato da un fucile a pompa.\nUno slug è tipicamente più massiccio di un normale proiettile.",
    "bm_wp_upg_ak_b_ak105": "Canna AK-105",
    "bm_wp_upg_ak_b_draco": "Canna Romanian AIMR",
    "bm_wp_upg_ak_fg_krebs": "Impugnatura anteriore Krebs UFM Keymod System",
    "bm_wp_upg_ak_fg_tapco": "Impugnatura anteriore Tapco Intrafuse",
    "bm_wp_upg_ak_fg_trax": "Impugnatura anteriore Strike Industries TRAX",
    "bm_wp_upg_ak_fg_zenit": "Handguard RIS",
    "bm_wp_upg_ak_g_hgrip": "Impugnatura per pistole Hogue OverMolded",
    "bm_wp_upg_ak_g_pgrip": "Impugnatura per pistole US PALM Enhanced",
    "bm_wp_upg_ak_g_rk3": "Impugnatura ZenitCo PK-3 per pistole",
    "bm_wp_upg_ak_g_wgrip": "Impugnatura in legno",
    "bm_wp_upg_ak_m_quad": "Caricatore Concern Kalashnikov 60rnd",
    "bm_wp_upg_ak_m_uspalm": "Caricatore US PALM AK30 30rnd",
    "bm_wp_upg_ak_s_solidstock": "Calcio AK-74",
    "bm_wp_upg_ass_ak_b_zastava": "Canna Zastava M76",
    "bm_wp_upg_ass_m4_fg_lvoa": "Impugnatura anteriore personalizzata War Sport LVOA",
    "bm_wp_upg_ass_m4_fg_moe": "Impugnatura anteriore Magpul MOE SL",
    "bm_wp_upg_ass_m4_lower_reciever_core": "Castello inferiore CORE15",
    "bm_wp_upg_ass_m4_upper_reciever_ballos": "Castello superiore 2A-Arms BALIOS-Lite",
    "bm_wp_upg_ass_m4_upper_reciever_core": "Castello superiore CORE15",
    "bm_wp_upg_ass_ns_jprifles": "Compensatore JP Standard-Profile",
    "bm_wp_upg_ass_ns_linear": "Compensatore KIES Blast Master Linear",
    "bm_wp_upg_ass_ns_surefire": "Rompifiamma SureFire MB556K",
    "bm_wp_upg_fg_jp": "Impugnatura anteriore personalizzata in fibra di carbonio JPHG3-1M",
    "bm_wp_upg_fg_midwest": "Slitta Quadrupla Midwest Industries",
    "bm_wp_upg_fg_smr": "Impugnatura anteriore Geissele SMR MKIII",
    "bm_wp_upg_fl_ass_laser": "Supporto laterale per Puntatore Laser e Ottica",
    "bm_wp_upg_fl_ass_peq15_desc": "Questo è un sistema di puntamento leggero, robusto e facile da usare, designato per l'utilizzo con o senza visori notturni.\nAutonomia: Più di 6 ore.",
    "bm_wp_upg_fl_ass_smg_sho_peqbox_desc": "Il puntatore è un military standard e proietta un punto rosso visibile. È la versione civile del puntatore utilizzato dalle forze armate degli Stati Uniti AN/PEQ-2.",
    "bm_wp_upg_fl_ass_utg": "Torcia e puntatore laser LT-ELP38",
    "bm_wp_upg_fl_ass_utg_desc": "Questo è l'accessorio perfetto per ottenere un vantaggio tattico. La torcia può essere utilizzata per identificare velocemente il bersaglio senza esporsi troppo durante la notte. Il laser ti permette di acquisire velocemente il bersaglio permettendoti di mandare a segno i tuoi colpi nel bel mezzo della battaglia.\nDurata del laser: 6000 ore.",
    "bm_wp_upg_fl_crimson": "Puntatore laser CN-201 RAIL MASTER",
    "bm_wp_upg_fl_pis_laser": "Puntatore laser CMR-201 RAIL MASTER",
    "bm_wp_upg_fl_pis_laser_desc": "Questo puntatore laser è versatile quanto potente. Designato per poter essere montato su qualsiasi pistola, fucile o fucile a pompa dotati di una slitta.\nAutonomia: 4 ore.",
    "bm_wp_upg_fl_pis_m3x_desc": "Questa torcia è stata costruita per funzionare e sopravvivere tra gli ambienti e condizioni più rigidi. Per questi motivi può scendere sotto i 20m ed essere ancora resistente all'acqua.\nAutonomia: 1 ora",
    "bm_wp_upg_fl_pis_tlr1_desc": "Luminosità intensa, una torcia tattica praticamente indistruttibile, si monta su quasi tutte le armi in pochi secondi.\nAutonomia: 2.5 ore.",
    "bm_wp_upg_fl_x400v": "Torcia SureFire X400V IRc e puntatore laser",
    "bm_wp_upg_fl_x400v_desc": "Questa è una torcia a doppio spettro molto versatile che vanta anche un puntatore laser ad infrarossi di Classe 1 che può essere utilizzato con visori notturni.\nAutonomia: 2.5 ore.",
    "bm_wp_upg_g_m4_surgeon": "Impugnatura Scheletrica in Alluminio Surgeon CNC",
    "bm_wp_upg_i_autofire": "Modalità automatica",
    "bm_wp_upg_i_singlefire": "Modalità semiautomatica",
    "bm_wp_upg_m4_g_hgrip": "Impugnatura in gomma Hogue OverMolded",
    "bm_wp_upg_m4_g_mgrip": "Impugnatura Magpul MOE-K",
    "bm_wp_upg_m4_s_crane": "Calcio allungabile NSWC",
    "bm_wp_upg_m4_s_mk46": "Calcio allungabile personalizzato NSWC",
    "bm_wp_upg_m4_s_ubr": "Calcio pieghevole personalizzato Magpul UBR",
    "bm_wp_upg_ns_ass_filter": "Filtro dell'olio",
    "bm_wp_upg_ns_ass_pbs1": "Silenziatore PBS-1",
    "bm_wp_upg_ns_ass_smg_firepig": "Rompifiamma Noveske KX3",
    "bm_wp_upg_ns_ass_smg_large": "Silenziatore di grande dimensioni generico",
    "bm_wp_upg_ns_ass_smg_medium": "Silenziatore personalizzato SAI M80",
    "bm_wp_upg_ns_ass_smg_small": "Silenziatore GEMTECH HALO",
    "bm_wp_upg_ns_ass_smg_stubby": "Rompifiamma VFC Stinger",
    "bm_wp_upg_ns_large_kac": "Silenziatore Custom Knight's Armament Mk23",
    "bm_wp_upg_ns_meatgrinder": "Compensatore WE Tech Tenderizer",
    "bm_wp_upg_ns_medium_gem": "Silenziatore GEMTECH BLACKSIDE-45",
    "bm_wp_upg_ns_pis_jungle": "Silenziatore camuffato personalizzato M1911A1",
    "bm_wp_upg_ns_pis_large": "Silenziatore SilencerCo Osprey .45",
    "bm_wp_upg_ns_pis_medium_slim": "Silenziatore Cromato",
    "bm_wp_upg_ns_pis_small": "Silenziatore Custom Thompson Machine Poseidon",
    "bm_wp_upg_ns_sho_salvo_large": "Silenziatore SilencerCo Salvo 12",
    "bm_wp_upg_ns_shot_thick": "Silenziatore Chigurh",
    "bm_wp_upg_ns_typhoon": "Compensatore Tandemkross Game Changer",
    "bm_wp_upg_o_ak_scopemount": "Supporto ottico K-VAR KV-045",
    "bm_wp_upg_o_box": "Vis. notturno Pulsar Digisight LRF N960 N970 con Telemetro",
    "bm_wp_upg_o_docter": "Mirino DOCTER II Plus",
    "bm_wp_upg_o_m14_scopemount": "Telaio Mk14",
    "bm_wp_upg_o_rmr": "Mirino Trijicon RM06 RMR",
    "bm_wp_upg_o_rx01": "Mirino reflex polarizzato Trijicon RX01",
    "bm_wp_upg_o_rx30": "Mirino reflex Trijicon RX30",
    "bm_wp_upg_o_sho_salvo_large": "Silenziatore SilencerCo Salvo 12",
    "bm_wp_upg_o_spot": "Mirino NcSTAR Advanced Dual Optic",
    "bm_wp_upg_o_t1micro": "Aimpoint Micro T-1 su slitta Weaver",
    "bm_wp_upg_smg_olympic_fg_lr300": "Handguard Aftermarket Corta",
    "bm_wp_uzi_b_suppressed": "SIONICS \"Morte Sussurrante\" Personalizzato",
    "bm_wp_uzi_s_solid": "Calcio in Legno Originale",
    "bm_wp_vhs_b_short": "Canna VHS-K2",
    "bm_wp_vhs_b_silenced": "Silenziatore integrale",
    "bm_wp_vhs_b_sniper": "Canna lunga",
    "bm_wp_wa2000_b_long": "Canna Gen 2",
    "bm_wp_wa2000_b_suppressed": "Silenziatore Integrale",
    "bm_wp_upg_o_mbus_rear": "Mirini posteriori e anteriori MBUS",
    "bm_wpn_fps_upg_o_sig": "Ottica Sig Sauer Juliet3 3x24mm",
    "bm_wpn_fps_upg_o_xpsg33_magnifier": "Ingrandimento Aimpoint 3XMag"
}