{
    "bm_menu_barrel_ext": "Extension du Canon",
    "bm_menu_sight": "Optique",
    "bm_wp_1911_b_long": "Glissière longue ventilée Springfield Armory V-16",
    "bm_wp_1911_b_vented": "Glissière ventilée Springfield Armory V-12",
    "bm_wp_1911_g_bling": "Poignée en bois",
    "bm_wp_1911_g_engraved": "Poignée engravée",
    "bm_wp_1911_g_ergo": "Poignée American Legend Pachmayr",
    "bm_wp_1911_m_big": "Magasin de 22 cartouches ProMag",
    "bm_wp_2006m_b_long": "Canon de 6 pouces",
    "bm_wp_2006m_b_medium": "Canon de 4 pouces",
    "bm_wp_2006m_b_short": "Canon de 3 pouces",
    "bm_wp_2006m_g_bling": "Poignée synthétique",
    "bm_wp_aa12_barrel_long": "Canon Régulier AA-12",
    "bm_wp_aa12_barrel_silenced": "Integral Suppressor",
    "bm_wp_ak5_b_short": "Canon Bofors AK 5C",
    "bm_wp_ak5_fg_ak5c": "Poignée avant Bofors AK 5C",
    "bm_wp_ak5_fg_fnc": "Poignée avant FN FNC",
    "bm_wp_ak5_s_ak5c": "Crosse Bofors AK 5C",
    "bm_wp_ak_fg_combo2": "Monture optique Ultimak AK",
    "bm_wp_ak_fg_combo3": "Rail modulaire Ultimak AK Forend System",
    "bm_wp_ak_s_folding": "Crosse pliable AK",
    "bm_wp_ak_s_psl": "Crosse PSL",
    "bm_wp_ak_s_skfoldable": "Crosse AKS-74",
    "bm_wp_akmsu_fg_rail": "Poignée avant avec rail générique",
    "bm_wp_ass_s552_b_long": "Kit SIG SG 552 LB",
    "bm_wp_ass_s552_fg_railed": "Garde-main à rail SIG SG 553",
    "bm_wp_ass_s552_fg_standard_green": "Garde-main OD Green",
    "bm_wp_ass_s552_g_standard_green": "Poignée OD Green",
    "bm_wp_ass_s552_s_standard_green": "Crosse OD Green",
    "bm_wp_asval_b_proto": "Canon SR-3M",
    "bm_wp_asval_s_solid": "Crosse VSS Vintorez",
    "bm_wp_aug_b_long": "Canon AUG HBAR",
    "bm_wp_aug_b_short": "Canon 16 pouces  Carabine AUG",
    "bm_wp_aug_body_f90": "Boite de culasse Thales EF88/F90",
    "bm_wp_aug_fg_a3": "Poignée avant AUG A3",
    "bm_wp_b682_s_ammopouch": "Porte-cartouches",
    "bm_wp_b682_s_short": "Crosse Sawed-Off",
    "bm_wp_baka_b_comp": "Canon compensé",
    "bm_wp_basset_fg_short": "Canon raccourci avec rail",
    "bm_wp_basset_m_extended": "Magasin SGM Tactical SAIGA Shotgun 12 Round",
    "bm_wp_ben_b_short": "Canon M4 NFA",
    "bm_wp_ben_fg_standard": "Crosse tactique M4",
    "bm_wp_beretta_co_co1": "Compensateur LA.RI.A AL-GI-MEC",
    "bm_wp_beretta_g_engraved": "Poignée engravée",
    "bm_wp_beretta_g_ergo": "Poignée en bois",
    "bm_wp_beretta_sl_brigadier": "Glissière Brigadier 92FS",
    "bm_wp_breech_b_reinforced": "Canon Sport Parabellum Mauser",
    "bm_wp_c96_b_long": "Canon de carabine",
    "bm_wp_c96_m_extended": "Magasin M72 Schnellfeuer",
    "bm_wp_c96_nozzle": "Cache-flammes DL-44",
    "bm_wp_c96_sight": "Viseur DL-44",
    "bm_wp_chinchilla_b_satan": "Canon diabolique customisé Kokusai",
    "bm_wp_chinchilla_g_black": "Poignée synthétique",
    "bm_wp_ching_b_short": "Canon de Carabine T26",
    "bm_wp_ching_fg_raied": "Rail Fulton Armory Scout, Gen III",
    "bm_wp_ching_s_pouch": "Crosse pochette Olongapo Outfitters Garand",
    "bm_wp_coach_s_short": "Crosse Sawed-Off",
    "bm_wp_cobray_ns_barrelext": "Canon Shroud",
    "bm_wp_cobray_ns_silencer": "SIONICS \"Chuchotement Mortel\"",
    "bm_wp_deagle_b_long": "Canon de 10 pouces",
    "bm_wp_deagle_b_modern": "Canon porté",
    "bm_wp_deagle_co_long": "Compensateur Boondock",
    "bm_wp_deagle_co_short": "Compensateur Magnum Research DE50MB",
    "bm_wp_deagle_g_bling": "Poignée en ivoire",
    "bm_wp_desertfox_b_long": "Garde-main expérimental à qudruple rail",
    "bm_wp_desertfox_b_silenced": "Suppresseur DTSS .338",
    "bm_wp_erma_s_folded": "Crosse pliée",
    "bm_wp_fal_body_standard": "Poignée avant SA58 OSW",
    "bm_wp_fal_fg_03": "Poignée avant IMI Romat",
    "bm_wp_fal_fg_04": "Poignée avant de tir de précision Customisé Imbel",
    "bm_wp_fal_g_01": "Poignée SA58 OSW",
    "bm_wp_fal_m_01": "Magasin STANAG 40rnd",
    "bm_wp_fal_s_01": "Crosse SA58 OSW",
    "bm_wp_fal_s_03": "Crosse de précision ajustable Magpul PRS2",
    "bm_wp_famas_b_long": "Canon civil G2",
    "bm_wp_famas_b_short": "Canon G2 Commando",
    "bm_wp_famas_b_sniper": "Canon G2 de tir de précision",
    "bm_wp_famas_b_suppressed": "Canon entièrement surpressé ",
    "bm_wp_famas_g_retro": "Poignée G2",
    "bm_wp_fps_upg_o_45iron": "Monture d'angle XTI",
    "bm_wp_g18c_g_ergo": "Poignée gantée universelle Hogue Handall Half-Size",
    "bm_wp_g22c_b_long": "Glissière Glock 35",
    "bm_wp_g26_b_custom": "Canon Salient Arms Tier 1",
    "bm_wp_g26_body_salient": "Chassis Salient Arms Tier 1",
    "bm_wp_g26_m_custom": "Magasin Salient Arms Tier 1",
    "bm_wp_g36_fg_c": "Garde-main G36C",
    "bm_wp_g36_fg_ksk": "Garde-main Knight Armaments G36 RAS",
    "bm_wp_g36_fg_long": "Garde-main G36E",
    "bm_wp_g36_m_quick": "Magasin G36 Magpul",
    "bm_wp_g36_s_kv": "Crosse pliable HK",
    "bm_wp_g36_s_sl8": "Crosse SR8",
    "bm_wp_g3_b_sniper": "Kit G3SG/1",
    "bm_wp_g3_fg_psg": "Poignée avant MSG90",
    "bm_wp_g3_fg_railed": "Poignée avant avec rails",
    "bm_wp_g3_fg_retro": "Poignée avant CETME",
    "bm_wp_g3_fg_retro_plastic": "Garde-main AK 4 Retrofit",
    "bm_wp_g3_g_sniper": "Poignée PSG1",
    "bm_wp_g3_s_sniper": "Crosse PSG1",
    "bm_wp_g3_s_wood": "Crosse CETME",
    "bm_wp_galil_fg_fab": "Système de rail FAB Defense VFR-GA",
    "bm_wp_galil_fg_mar": "Poignée avant Galil MAR",
    "bm_wp_galil_fg_sar": "Poignée avant Galil SAR",
    "bm_wp_galil_fg_sniper": "Poignée avant Galil 7.62",
    "bm_wp_galil_s_fab": "Crosse customisée Micro Galil FAB Defense",
    "bm_wp_galil_s_plastic": "Crosse Original IMI",
    "bm_wp_galil_s_skeletal": "Crosse Galil MAR",
    "bm_wp_galil_s_sniper": "Crosse de tireur de précision Galil Galatz",
    "bm_wp_hajk_b_medium": "Canon standard",
    "bm_wp_hajk_b_short": "Canon CZ 805 BREN A2",
    "bm_wp_hk21_b_long": "Canon HK23E",
    "bm_wp_hk21_fg_short": "Poignée avant courte",
    "bm_wp_hs2000_sl_custom": "Canon 4 pouces XD-9 V10",
    "bm_wp_hs2000_sl_long": "Glissière inoxydable XDM 5.25",
    "bm_wp_ksg_b_short": "Canon tactique KSG-12",
    "bm_wp_l85a2_b_long": "Canon L86A1",
    "bm_wp_l85a2_b_short": "Canon Prototype L22",
    "bm_wp_l85a2_fg_short": "Poignée avant à rail Daniel Defense",
    "bm_wp_l85a2_g_worn": "Poignée abimée",
    "bm_wp_m134_barrel_extreme": "Canon GAU-17/A",
    "bm_wp_m134_barrel_short": "Canon réduit de moitié",
    "bm_wp_m134_body_upper_light": "Batterie à faible énérgie",
    "bm_wp_m14_body_ebr": "Chassis M1A SOPMOD",
    "bm_wp_m14_body_jae": "Chassis Customisé JAE-100 G3",
    "bm_wp_m16_fg_railed": "Rail léger Daniel Defense AR15 III customisé",
    "bm_wp_m16_fg_vietnam": "Poignée avant M16A1",
    "bm_wp_m1928_b_long": "Canon M1927 Auto-Ordnance",
    "bm_wp_m1928_fg_discrete": "Garde-main synthétique",
    "bm_wp_m1928_g_discrete": "Poignée synthétique",
    "bm_wp_m1928_s_discrete": "Crosse synthétique",
    "bm_wp_m249_b_long": "Canon M249-E2 SAW",
    "bm_wp_m249_fg_mk46": "Poignée avant MK46 Mod 0",
    "bm_wp_m249_s_solid": "Crosse M249-E2 SAW",
    "bm_wp_m32_barrel_short": "Canon Milkor Mark 14",
    "bm_wp_m37_b_short": "Canon de surveillance",
    "bm_wp_m37_s_short": "Crosse Sawed-Off",
    "bm_wp_m4_g_ergo": "Poignée Command Arms UPG16",
    "bm_wp_m4_g_sniper": "Poignée Générique en synthétique à Poids-balancé",
    "bm_wp_m4_m_quick": "Magpul 5.56 NATO Original",
    "bm_wp_m4_m_straight": "Magasin 22 cartouches STANAG",
    "bm_wp_m4_s_pts": "Crosse Magpul PTS",
    "bm_wp_m4_s_standard": "Crosse Bushmaster LE",
    "bm_wp_m4_upg_ass_m4_b_beowolf": "Kit de conversion .50 Beowulf",
    "bm_wp_m4_upper_reciever_edge": "Boite de culasse haute VLTOR MUR-1A",
    "bm_wp_m4_uupg_b_long": "Kit de conversion .50 Beowulf",
    "bm_wp_m4_uupg_b_medium": "Mk 18 Mod 0 Barrel",
    "bm_wp_m4_uupg_b_sd": "Canon AAC Honey Badger",
    "bm_wp_m4_uupg_b_short": "Canon LR 300",
    "bm_wp_m4_uupg_fg_lr300": "Poignée avant Z-M LR 300ML",
    "bm_wp_m4_uupg_m_std": "Magasin 38 cartouches STANAG",
    "bm_wp_m4_uupg_s_fold": "Crosse pliable LR300",
    "bm_wp_m95_b_barrel_long": "Canon Accuracy International AW50F",
    "bm_wp_m95_b_barrel_suppressed": "Suppresseur QDL + Camo Shroud",
    "bm_wp_mac10_body_ris": "Kit de rail tactique G&P CQB Retrofit",
    "bm_wp_mac10_m_extended": "Magasin de 32 cartouches",
    "bm_wp_mac10_m_quick": "Magasin de 32 cartouches Magpul",
    "bm_wp_mg42_b_mg34": "Canon MG 34",
    "bm_wp_mg42_b_vg38": "Canon de fusil DLT-19 Heavy Blaster",
    "bm_wp_mosin_b_long": "Canon M1907's M91/30",
    "bm_wp_mosin_b_short": "Canon de Carabine M1907 M38",
    "bm_wp_mosin_b_sniper": "Suppresseur Bramit",
    "bm_wp_mosin_body_conceal": "Crosse synthétique",
    "bm_wp_mosin_ns_bayonet": "Bayonette Mosin Nagant",
    "bm_wp_mosin_ns_bayonet_desc": "La baïonnette Mosin Nagant est une baïonnette à pointe, ce qui signifie que contrairement à une baïonnette de type couteau, elle ne peut pas être maniée à la main.\nMesure 19 pouces et demi.",
    "bm_wp_mp5_fg_flash": "Garde-main avec lampe LED G&P CREE",
    "bm_wp_mp5_fg_flash_desc": "Ce garde-main tactique est un replacement direct du garde-main du MP5.",
    "bm_wp_mp5_fg_m5k": "Canon MP5K-N",
    "bm_wp_mp5_fg_mp5a5": "Poignée avant à triple-rails Picatiny",
    "bm_wp_mp5_fg_mp5sd": "Canon MP5SD5",
    "bm_wp_mp5_m_straight": "Magasin MP5/10",
    "bm_wp_mp7_b_suppressed": "Suppresseur H&K MP7 QD",
    "bm_wp_mp9_b_suppressed": "Suppresseur MP9 QD",
    "bm_wp_mp9_m_extended": "Magasin de 30 cartouches",
    "bm_wp_mp9_s_skel": "Crosse Steyr TMP Retrofit",
    "bm_wp_ns_duck": "Paradigm SRP Gator Agrandisseur d'impact",
    "bm_wp_olympic_fg_railed": "Poignée avant K23B Tactical",
    "bm_wp_olympic_s_short": "Crosse K23P",
    "bm_wp_p14_b_comp": "Extension de canon porté",
    "bm_wp_p226_b_equinox": "Glissière P226 Equinox",
    "bm_wp_p226_b_long": "Glissière P226 X-Six",
    "bm_wp_p90_b_civilian": "Canon Moerse Lekker Sales Shroud",
    "bm_wp_p90_b_long": "Canon civil PS90",
    "bm_wp_p90_b_ninja": "Suppresseur customisé japonais",
    "bm_wp_p90_m_strap": "Magasin P90 Magpul",
    "bm_wp_peacemaker_barrel_long": "Canon spécial Colt Buntline",
    "bm_wp_peacemaker_barrel_short": "Canon 5.5 pouces Colt SAA artillery",
    "bm_wp_peacemaker_rifle_stock": "Crosse squelettique",
    "bm_wp_pis_deagle_extra": "Support de viseur à rail",
    "bm_wp_pis_g_beavertail": "Poignée Cytec Beavertail",
    "bm_wp_pis_g_laser": "Poignée laser de Glock Crimson Trace",
    "bm_wp_pis_ppk_b_long": "Glissière inoxydable Walther PP",
    "bm_wp_pis_usp_b_match": "Glissière inoxydable avec compensateur match",
    "bm_wp_pis_usp_m_big": "Magasin de 25 cartouches",
    "bm_wp_pis_usp_m_extended": "Magasin de 21 cartouches",
    "bm_wp_polymer_barrel_precision": "Canon CRB Shroud",
    "bm_wp_r870_fg_wood": "Pompe en bois",
    "bm_wp_r870_m_extended": "Tube de magasin étendu",
    "bm_wp_r870_s_folding": "Crosse pliable",
    "bm_wp_r870_s_nostock_big": "Support de viseur",
    "bm_wp_r870_s_solid_big": "Crosse standard avec support de viseur",
    "bm_wp_r93_b_suppressed": "Suppresseur .338 Lapua",
    "bm_wp_r93_body_wood": "Chassis de sport semi allégée Blaser R93",
    "bm_wp_rage_b_long": "Canon 444SS8",
    "bm_wp_rage_b_short": "Canon 444 Multi-S/S",
    "bm_wp_rota_b_silenced": "Suppresseur intégral",
    "bm_wp_rpk_s_standard": "Crosse RPK-74M",
    "bm_wp_saiga_fg_holy": "Système de rails Fuglystick, à motif 'Cobra'",
    "bm_wp_saiga_fg_lowerrail": "Multi-Rail Ultimak AK-47 Forend Custom Retrofit",
    "bm_wp_scar_b_long": "Kit Mk17 LB",
    "bm_wp_scar_b_short": "Kit Mk17 CQC",
    "bm_wp_scar_fg_railext": "Rail d'extension Primary Weapon Systems SRX",
    "bm_wp_scar_s_sniper": "Crosse FN SSR",
    "bm_wp_scar_scar_fg_railext": "Rail d'extension PWS SRX",
    "bm_wp_schakal_b_civil": "Canon USC",
    "bm_wp_schakal_ns_silencer": "Suppresseur GemTech UMP-45",
    "bm_wp_schakal_s_civil": "Crosse USC",
    "bm_wp_schakal_vg_surefire": "Garde-main Surefire M900",
    "bm_wp_scorpion_b_suppressed": "Suppresseur .32 ACP",
    "bm_wp_scorpion_g_wood": "Poignée en bois originale",
    "bm_wp_scorpion_m_extended": "Cartouche Quick-Swap",
    "bm_wp_serbu_s_nostock_short": "Support de viseur",
    "bm_wp_serbu_s_solid_short": "Crosse standard avec support de viseur",
    "bm_wp_shepheard_body_short": "Garde-main MPX-K",
    "bm_wp_shepheard_s_no": "Crosse MPX-K",
    "bm_wp_shorty_m_extended_short": "Tube de magasin étendu",
    "bm_wp_shrew_g_bling": "Poignée engravée",
    "bm_wp_shrew_g_ergo": "Poignée anti-dérapante Hogue Officer M1911",
    "bm_wp_siltstone_b_silenced": "Suppresseur 7.62x54mm",
    "bm_wp_siltstone_fg_polymer": "Garde-main SVD Tiger",
    "bm_wp_siltstone_ns_variation_b": "Compensateur customisé",
    "bm_wp_siltstone_s_polymer": "Crosse SVD Tiger",
    "bm_wp_smg_m45_b_green": "Canon vert suédois M/45B",
    "bm_wp_smg_m45_b_small": "Canon court",
    "bm_wp_smg_m45_body_green": "Finition vert suédois M/45B",
    "bm_wp_smg_m45_g_bling": "Poignée en ivoire",
    "bm_wp_smg_m45_g_ergo": "Poignée noire",
    "bm_wp_snp_msr_ns_suppressor": "Suppresseur TiTAN-QD .338 AAC",
    "bm_wp_sparrow_body_941": "Kit Jericho 941 F",
    "bm_wp_sparrow_g_cowboy": "Chassis Jericho 941 R",
    "bm_wp_spas12_b_long": "Tube de magasin étendu",
    "bm_wp_spas12_s_solid": "Crosse fixée",
    "bm_wp_sr2_m_quick": "Magpul 9mm Veresk Retrofit Original",
    "bm_wp_sr2_ns_silencer": "Suppresseur 9x39mm",
    "bm_wp_sterling_b_e11": "Canon de fusil E-11 Blaster",
    "bm_wp_sterling_b_long": "Extension de canon",
    "bm_wp_sterling_b_short": "Canon Sterling Mk 7 \"Para-Pistol\"",
    "bm_wp_sterling_b_suppressed": "Canon Sterling L34A1",
    "bm_wp_sterling_m_short": "Magasin E-11 Blaster Rifle",
    "bm_wp_sterling_s_folded": "Crosse E-11 Blaster Rifle",
    "bm_wp_sub2000_fg_gen2": "Kit Gen 2",
    "bm_wp_sub2000_fg_railed": "Poignée avant Red Lion Precision de première gén;eration période '00",
    "bm_wp_sub2000_fg_suppressed": "Suppresseur GemTech MK-9K",
    "bm_wp_tec9_b_standard": "Canon AB-10",
    "bm_wp_tec9_ns_ext": "Extension de canon",
    "bm_wp_tec9_s_unfolded": "Crosse dépliée",
    "bm_wp_tecci_b_long": "Canon LMG",
    "bm_wp_tti_g_grippy": "Poignée de pistolet Hogue OverMolded",
    "bm_wp_tti_ns_hex": "Suppresseur 5.56x45mm",
    "bm_wp_tti_s_vltor": "Crosse VLTOR EMOD",
    "bm_wp_upg_a_dragons_breath_desc": "Dragon's breath est un type spécial de chevrotine incendiaire pour les fusils à pompes de calibre 12. Les chevrotines Dragon's breath sont consistés en majorité de granulés de magnésium. Quand la chevrotine est tirée, éclats et flammes sont projetés jusqu'a une distance de 100 pieds.",
    "bm_wp_upg_a_piercing_desc": "Une fléchette est un projectile constitué d'une pointe métalique, avec un arrière pour stabiliser la trajectoire de la flechette.",
    "bm_wp_upg_a_slug2_desc": "Une chevrotine de fusil à pompe est un projectile lourd fait de plomb, cuivre, ou d'autre matériaux et est tiré par un fusil à pompe..\nUn chevrotine de fusil est habituellement plus importante qu'une balle de fusil.",
    "bm_wp_upg_a_slug_desc": "Une chevrotine de fusil à pompe est un projectile lourd fait de plomb, cuivre, ou d'autre matériaux et est tiré par un fusil à pompe..\nUn chevrotine de fusil est habituellement plus importante qu'une balle de fusil.",
    "bm_wp_upg_ak_b_ak105": "Canon AK-105",
    "bm_wp_upg_ak_b_draco": "Canon Romanian AIMR",
    "bm_wp_upg_ak_fg_krebs": "Poignée avant Krebs UFM Keymod System",
    "bm_wp_upg_ak_fg_tapco": "Garde-main Tapco Intrafuse",
    "bm_wp_upg_ak_fg_trax": "Poignée avant Strike Industries TRAX",
    "bm_wp_upg_ak_fg_zenit": "Poignée avant RIS",
    "bm_wp_upg_ak_g_hgrip": "Poignée de pistolet Hogue OverMolded AK",
    "bm_wp_upg_ak_g_pgrip": "Poignée de pistolet US PALM Enhanced",
    "bm_wp_upg_ak_g_rk3": "Poignée de pistolet ZenitCo PK-3",
    "bm_wp_upg_ak_g_wgrip": "Poignée en bois",
    "bm_wp_upg_ak_m_quad": "Magasin de 60 cartouches Concern Kalashnikov",
    "bm_wp_upg_ak_m_uspalm": "Magasin de 30 cartouches US PALM AK30",
    "bm_wp_upg_ak_s_solidstock": "Crosse AK-74",
    "bm_wp_upg_ass_ak_b_zastava": "Canon Zastava M76",
    "bm_wp_upg_ass_m16_fg_stag": "Diamondhead VRS-T customisé",
    "bm_wp_upg_ass_m4_fg_lvoa": "Poignée avant customisée War Sport LVOA",
    "bm_wp_upg_ass_m4_fg_moe": "Garde-main Magpul MOE SL",
    "bm_wp_upg_ass_m4_lower_reciever_core": "Boite de culasse basse CORE15",
    "bm_wp_upg_ass_m4_upper_reciever_ballos": "Boite de culasse haute 2A-Arms BALIOS-Lite",
    "bm_wp_upg_ass_m4_upper_reciever_core": "Boite de culasse haute CORE15",
    "bm_wp_upg_ass_ns_jprifles": "Compensateur JP Profil-standard",
    "bm_wp_upg_ass_ns_linear": "Compensateur Linéaire KIES Blast Master",
    "bm_wp_upg_ass_ns_surefire": "Frein de Bouche SureFire MB556K",
    "bm_wp_upg_fg_jp": "Poignée avant JPHG3-1M en Fibre de Carbone",
    "bm_wp_upg_fg_midwest": "Rail quadruple Midwest Industries",
    "bm_wp_upg_fg_smr": "Pognée avant Geissele SMR MKIII",
    "bm_wp_upg_fl_ass_laser": "Offset Laser Mount & Sight",
    "bm_wp_upg_fl_ass_peq15": "Insight Technology AN/PEQ-15",
    "bm_wp_upg_fl_ass_peq15_desc": "C'est un léger, solide, et simple à utiliser système de visée designé à être utilisé avec ou sans dispositif de vision nocturne.\nTemps d'utilisation: Plus de 6 heures.",
    "bm_wp_upg_fl_ass_smg_sho_peqbox": "Insight Technology AN/PEQ-5",
    "bm_wp_upg_fl_ass_smg_sho_peqbox_desc": "La lunette de visée est mil-spec et projecte un point rouge visible. L'appareil est une version civile du plus large AN-PEQ-2, qui n'est seulement disponible que pour l'armée américaine.",
    "bm_wp_upg_fl_ass_smg_sho_surefire": "Lampe Surefire Scout",
    "bm_wp_upg_fl_ass_utg": "LT-ELP38 Laser/Lampe Combo",
    "bm_wp_upg_fl_ass_utg_desc": "C'est le parfait acessoire pour gagner un advantage tactique. La lampe peut-être utilisée pour rapidement identifier votre cible tout en minimisant votre exposition en pleine nuit. Le laser vous permez de repérer votre cible en vous aidant à tirer dessus en plein combat.\nLongétivité du laser: 6000 heures.",
    "bm_wp_upg_fl_crimson": "CN-201 RAIL MASTER Viseur laser",
    "bm_wp_upg_fl_pis_laser": "CMR-201 RAIL MASTER Viseur laser",
    "bm_wp_upg_fl_pis_laser_desc": "C'est un puissant et versatile viseur laser désigné à rentrer sur les pistolets équipés de rails, fusils et fusils à pompes.\nTemps d'utilisation: 4 heures.",
    "bm_wp_upg_fl_pis_m3x": "Insight Technology M3X Tactical Illuminator",
    "bm_wp_upg_fl_pis_m3x_desc": "Cette lampe à étée construite pour exceller sous des conditions rigoureuses et résister aux pires environnements. Résultat: Cette lampe peut survivre à une profondeur de 66 pieds, est reste tout aussi étanche.\nTemps d'utilisation: 1 heure",
    "bm_wp_upg_fl_pis_tlr1": "Streamlight TLR-1",
    "bm_wp_upg_fl_pis_tlr1_desc": "Intensément clair, Virtuellement indestructible rail-monté lampe tactique, s'attache sur presque toutes les armes en quelques secondes.\nTemps d'utilisation: 2.5 heures.",
    "bm_wp_upg_fl_x400v": "SureFire X400V IRc Lampe LED et viseur laser",
    "bm_wp_upg_fl_x400v_desc": "C'est un très versatile, lampe dual-spectrum qui inclus aussi un viseur laser de Class 1 pouvant être utilisé avec différents dispositifs à vision nocturne.\nTemps d'utilisation: 2.5 heures.",
    "bm_wp_upg_i_autofire": "Verrouillage automatique",
    "bm_wp_upg_i_singlefire": "Verouillage semi-automatique",
    "bm_wp_upg_m4_g_hgrip": "Poignée en caoutchouc Hogue OverMolded",
    "bm_wp_upg_m4_g_mgrip": "Poignée Magpul MOE-K",
    "bm_wp_upg_m4_m_quad": "Magasin 60 cartouches STANAG",
    "bm_wp_upg_m4_s_crane": "Crosse NSWC Crane",
    "bm_wp_upg_m4_s_mk46": "Crosse customisée NSWC Crane",
    "bm_wp_upg_m4_s_ubr": "Crosse Buttstock pliable Magpul UBR",
    "bm_wp_upg_ns_ass_filter": "Suppresseur Filtre à Huile",
    "bm_wp_upg_ns_ass_pbs1": "Suppresseur Sonore PBS-1",
    "bm_wp_upg_ns_ass_smg_firepig": "Suppresseur de flammes Noveske KX3",
    "bm_wp_upg_ns_ass_smg_large": "Gros Suppresseur générique",
    "bm_wp_upg_ns_ass_smg_medium": "Suppresseur Customisé SAI M80",
    "bm_wp_upg_ns_ass_smg_small": "Suppresseur GEMTECH HALO",
    "bm_wp_upg_ns_ass_smg_stubby": "Suppresseur de flammes VFC Stinger",
    "bm_wp_upg_ns_large_kac": "Suppresseur Knight's Armament Mk23",
    "bm_wp_upg_ns_meatgrinder": "Compensateur WE Tech Tenderizer",
    "bm_wp_upg_ns_medium_gem": "Suppresseur GEMTECH BLACKSIDE-45",
    "bm_wp_upg_ns_pis_jungle": "Suppresseur customisé M1911A1 camouflé",
    "bm_wp_upg_ns_pis_large": "Suppresseur SilencerCo Osprey .45",
    "bm_wp_upg_ns_pis_medium_slim": "Suppresseur chromé",
    "bm_wp_upg_ns_pis_small": "Suppresseur Thompson Machine Poseidon",
    "bm_wp_upg_ns_sho_salvo_large": "Suppresseur SilencerCo Salvo 12",
    "bm_wp_upg_ns_shot_shark": "Bouche Tromix Shark Ouvre porte",
    "bm_wp_upg_ns_shot_thick": "Suppresseur Chigurh",
    "bm_wp_upg_o_aimpoint": "Optique pour fusils Aimpoint PRO 12841",
    "bm_wp_upg_o_ak_scopemount": "Monture optique K-VAR KV-045",
    "bm_wp_upg_o_box": "Viseur Pulsar Digisight LRF N960 N970 nocturne avec chercheur de cibles",
    "bm_wp_upg_o_docter": "Viseur DOCTER II Plus",
    "bm_wp_upg_o_eotech": "EOTech Modèle 553",
    "bm_wp_upg_o_eotech_xps": "EOTech Modèle EXPS3",
    "bm_wp_upg_o_m14_scopemount": "Chassis Mk14",
    "bm_wp_upg_o_reflex": "Viseur Générique Open Reflex",
    "bm_wp_upg_o_rmr": "Viseur Trijicon RM06 RMR",
    "bm_wp_upg_o_rx01": "Viseur Trijicon RX01 Reflex polarisé",
    "bm_wp_upg_o_rx30": "Viseur Trijicon RX30 Reflex",
    "bm_wp_upg_o_sho_salvo_large": "Suppresseur SilencerCo Salvo 12",
    "bm_wp_upg_o_spot": "Double Monture Optique avancée NcSTAR",
    "bm_wp_upg_o_t1micro": "Aimpoint  Micro T-1 monté sur rail",
    "bm_wp_upg_shot_ns_king": "King Armory 12ga Ouvre porte",
    "bm_wp_upg_smg_olympic_fg_lr300": "Garde-main d'occasion",
    "bm_wp_uzi_b_suppressed": "SIONICS \"Chuchotement Mortel\" Retrofit Custom",
    "bm_wp_uzi_s_solid": "Buttstock original en bois",
    "bm_wp_vhs_b_short": "Canon VHS-K2",
    "bm_wp_vhs_b_silenced": "Suppresseur intégré",
    "bm_wp_vhs_b_sniper": "Canon long",
    "bm_wp_wa2000_b_long": "Canon de seconde génération",
    "bm_wp_wa2000_b_suppressed": "Suppresseur intégré",
    "bm_wp_wa2000_g_light": "Finition légère",
    "bm_wp_wa2000_g_stealth": "Finition noire",
    "bm_wp_wa2000_g_walnut": "Finition de bois de noyer",
    "bm_wp_upg_o_mbus_rear": "Mires avant et arrière MBUS",
    "bm_wpn_fps_upg_o_45rds_v2": "Monture d'angle Aimpoint Micro T-2",
    "bm_wpn_fps_upg_o_xpsg33_magnifier": "Aimpoint Loupe 3XMag"
}