{
    "bm_menu_barrel_ext": "Ствол",
    "bm_menu_custom": "Гаджет",
    "bm_menu_sight": "Оптика",
    "bm_wp_1911_b_long": "Длинный затвор Springfield Armory V-16",
    "bm_wp_1911_b_vented": "Затвор Springfield Armory V-12",
    "bm_wp_1911_g_bling": "Деревянная рукоять",
    "bm_wp_1911_g_engraved": "Гравированная рукоять",
    "bm_wp_1911_g_ergo": "Рукоять American Legend Pachmayr",
    "bm_wp_1911_m_big": "ProMag 22rnd Magazine",
    "bm_wp_2006m_b_long": "6 дюймовый ствол",
    "bm_wp_2006m_b_medium": "4 дюймовый ствол",
    "bm_wp_2006m_b_short": "3 дюймовый ствол",
    "bm_wp_2006m_g_bling": "Синтетический приклад",
    "bm_wp_aa12_barrel_long": "Обычный ствол AA-12",
    "bm_wp_aa12_barrel_silenced": "Интегральный глушитель",
    "bm_wp_ak5_b_short": "Ствол Bofors AK 5C",
    "bm_wp_ak5_fg_ak5c": "Цевье Bofors AK 5C",
    "bm_wp_ak5_fg_fnc": "Цевье FN FNC",
    "bm_wp_ak5_s_ak5b": "Приклад FFV AK 5B",
    "bm_wp_ak5_s_ak5c": "Приклад Bofors AK 5C",
    "bm_wp_ak_fg_combo2": "Рейка под прицел Ultimak AK",
    "bm_wp_ak_fg_combo3": "Рейка Ultimak AK Modular Forend System",
    "bm_wp_ak_m_quick": "Оригинальный магазин AK Retrofit",
    "bm_wp_ak_s_folding": "Приклад Folding AK",
    "bm_wp_ak_s_psl": "Приклад PSL",
    "bm_wp_ak_s_skfoldable": "Приклад AKS-74",
    "bm_wp_akmsu_fg_rail": "Рукоять Generic Railed",
    "bm_wp_ass_s552_b_long": "Набор SIG SG 552 LB",
    "bm_wp_ass_s552_fg_railed": "Рукоять SIG SG 553 Railed",
    "bm_wp_ass_s552_fg_standard_green": "Рукоять OD Green",
    "bm_wp_ass_s552_g_standard_green": "Зеленая рукоять OD",
    "bm_wp_ass_s552_s_standard_green": "Зеленый приклад OD",
    "bm_wp_asval_b_proto": "Ствол SR-3M",
    "bm_wp_asval_s_solid": "Приклад ВСС Винторез",
    "bm_wp_aug_b_long": "Ствол AUG HBAR",
    "bm_wp_aug_b_short": "Ствол AUG Carbine 16 Inch",
    "bm_wp_aug_body_f90": "Ресивер Thales EF88/F90",
    "bm_wp_aug_fg_a3": "Цевье AUG A3",
    "bm_wp_b682_s_ammopouch": "Патронаш",
    "bm_wp_b682_s_short": "Укороченый приклад",
    "bm_wp_baka_b_comp": "Облегченный ствол",
    "bm_wp_basset_fg_short": "Укороченный ствол и рейка",
    "bm_wp_basset_m_extended": "Магазин SGM Tactical SAIGA Shotgun 12 Round",
    "bm_wp_ben_b_short": "Ствол M4 NFA",
    "bm_wp_ben_fg_standard": "Тактический приклад M4",
    "bm_wp_beretta_co_co1": "Компенсатор LA.RI.A AL-GI-MEC",
    "bm_wp_beretta_g_engraved": "Гравированная рукоять",
    "bm_wp_beretta_g_ergo": "Деревянная рукоять",
    "bm_wp_beretta_sl_brigadier": "Затвор Brigadier 92FS",
    "bm_wp_breech_b_reinforced": "Ствол Sports Parabellum Mauser",
    "bm_wp_c96_b_long": "Ствол Carbine ",
    "bm_wp_c96_m_extended": "Магазин M72 Schnellfeuer",
    "bm_wp_c96_nozzle": "Пламегаситель DL-44",
    "bm_wp_c96_sight": "Прицел DL-44",
    "bm_wp_chinchilla_b_satan": "Ствол Custom Kokusai Devil",
    "bm_wp_chinchilla_g_black": "Синтетическая рукоять",
    "bm_wp_ching_b_short": "Ствол T26 Carbine",
    "bm_wp_ching_fg_railed": "Рейка Fulton Armory, Gen III",
    "bm_wp_ching_s_pouch": "Патронаш Olongapo Outfitters",
    "bm_wp_coach_s_short": "Укороченый приклад",
    "bm_wp_cobray_ns_barrelext": "Ствол Shroud",
    "bm_wp_cobray_ns_silencer": "Глушитель SIONICS \"Whispering Death\"",
    "bm_wp_deagle_b_long": "10 дюймовый ствол",
    "bm_wp_deagle_b_modern": "Портированный ствол",
    "bm_wp_deagle_co_long": "Компенсатор Boondock",
    "bm_wp_deagle_co_short": "Компенсатор Magnum Research",
    "bm_wp_deagle_g_bling": "Рукоять слоновая кость",
    "bm_wp_desertfox_b_long": "Рукоять Early Quad-Rail",
    "bm_wp_desertfox_b_silenced": "Глушитель DTSS .338",
    "bm_wp_erma_s_folded": "Складной приклад",
    "bm_wp_fal_body_standard": "Цевье SA58 OSW",
    "bm_wp_fal_fg_03": "Цевье IMI Romat",
    "bm_wp_fal_fg_04": "Снайперское цевье Imbel Custom",
    "bm_wp_fal_g_01": "Рукоять SA58 OSW",
    "bm_wp_fal_m_01": "Магазин на 40 Stanag",
    "bm_wp_fal_s_01": "Приклад SA58 OSW",
    "bm_wp_fal_s_03": "Приклад Magpul PRS2 Precision-Adjustable",
    "bm_wp_famas_b_long": "Ствол G2 Civilian",
    "bm_wp_famas_b_short": "Ствол G2 Commando",
    "bm_wp_famas_b_sniper": "Снайперский ствол G2",
    "bm_wp_famas_b_suppressed": "Ствол с встроенным глушителем",
    "bm_wp_famas_g_retro": "Рукоять G2",
    "bm_wp_fps_upg_o_45iron": "Прицел XTI Angle Mount",
    "bm_wp_g18c_g_ergo": "Универсальная рукоять Hogue Handall Half-Size",
    "bm_wp_g18c_s_stock": "Приклад FAB Defense GLR-440",
    "bm_wp_g22c_b_long": "Затвор Glock 35",
    "bm_wp_g26_b_custom": "Ствол Salient Arms Tier 1",
    "bm_wp_g26_body_salient": "Рамка Salient Arms Tier 1",
    "bm_wp_g26_m_custom": "Магазин Salient Arms Tier 1",
    "bm_wp_g36_fg_c": "Рукоять G36C",
    "bm_wp_g36_fg_ksk": "Рукоять Knight Armaments G36 RAS",
    "bm_wp_g36_fg_long": "Цевье G36E",
    "bm_wp_g36_m_quick": "Магазин G36 Magpul",
    "bm_wp_g36_o_vintage": "ZF 3x4°",
    "bm_wp_g36_s_kv": "Складной приклад HK ",
    "bm_wp_g36_s_sl8": "Приклад SR8",
    "bm_wp_g3_b_sniper": "G3SG/1 Kit",
    "bm_wp_g3_fg_psg": "Цевье MSG90",
    "bm_wp_g3_fg_railed": "цевье Railed",
    "bm_wp_g3_fg_retro": "цевье CETME",
    "bm_wp_g3_fg_retro_plastic": "рукоять AK 4 Retrofit",
    "bm_wp_g3_g_sniper": "PSG1 Рукоять",
    "bm_wp_g3_s_sniper": "Приклад PSG1",
    "bm_wp_g3_s_wood": "Приклад CETME",
    "bm_wp_galil_fg_fab": "FAB Defense VFR-GA Rail System",
    "bm_wp_galil_fg_mar": "Цевье Galil MAR",
    "bm_wp_galil_fg_sar": "Рукоять Galil SAR",
    "bm_wp_galil_fg_sniper": "Цевье Galil 7.62",
    "bm_wp_galil_s_fab": "Приклад Micro Galil Custom FAB Defense",
    "bm_wp_galil_s_plastic": "Приклад Original IMI",
    "bm_wp_galil_s_skeletal": "Приклад Galil MAR",
    "bm_wp_galil_s_sniper": "Снайперский приклад Galil Galatz",
    "bm_wp_hajk_b_medium": "Стандартный ствол",
    "bm_wp_hajk_b_short": "Ствол CZ 805 BREN A2",
    "bm_wp_hk21_b_long": "Ствол HK23E",
    "bm_wp_hk21_fg_short": "Короткая рукоять",
    "bm_wp_hs2000_sl_custom": "4 дюймовый ствол XD-9 V10",
    "bm_wp_hs2000_sl_long": "Затвор из нержавеющей стали XDM 5.25",
    "bm_wp_ksg_b_short": "Тактический ствол KSG-12",
    "bm_wp_l85a2_b_long": "Ствол L86A1",
    "bm_wp_l85a2_b_short": "Ствол L22 Prototype",
    "bm_wp_l85a2_fg_short": "Цевье Daniel Defense Railed",
    "bm_wp_l85a2_g_worn": "Поношенная рукоять",
    "bm_wp_l85a2_m_emag": "Магазин Magpul EMAG",
    "bm_wp_m134_barrel_extreme": "Ствол GAU-17/A",
    "bm_wp_m134_barrel_short": "Ствол Cut-Down",
    "bm_wp_m134_body_upper_light": "Low Power Battery",
    "bm_wp_m14_body_ebr": "Корпус M1A SOPMOD Chassis",
    "bm_wp_m14_body_jae": "Корпус JAE-100 G3 Chassis Custom",
    "bm_wp_m16_fg_railed": "Особая рейка Daniel Defense AR15 Lite Rail III",
    "bm_wp_m16_fg_vietnam": "Рукоять M16A1",
    "bm_wp_m1928_b_long": "Ствол M1927 Auto-Ordnance",
    "bm_wp_m1928_fg_discrete": "Синтетическое цевье",
    "bm_wp_m1928_g_discrete": "Синтетическая рукоять",
    "bm_wp_m1928_s_discrete": "Синтетический приклад",
    "bm_wp_m249_b_long": "Ствол M249-E2 SAW",
    "bm_wp_m249_fg_mk46": "Цевье MK46 Mod 0",
    "bm_wp_m249_s_solid": "Приклад M249-E2 SAW",
    "bm_wp_m32_barrel_short": "ствол Milkor Mark 14",
    "bm_wp_m37_b_short": "Ствол Stakeout",
    "bm_wp_m37_s_short": "Укороченный приклад",
    "bm_wp_m4_g_ergo": "Рукоять Command Arms UPG16",
    "bm_wp_m4_g_sniper": "Сбалансированная синтетическая рукоять",
    "bm_wp_m4_m_pmag": "Магазин Magpul PMAG",
    "bm_wp_m4_m_quick": "Магазин Original Magpul 5.56 NATO",
    "bm_wp_m4_m_straight": "Магазин STANAG 22rnd Mag",
    "bm_wp_m4_s_pts": "Приклад Magpul PTS",
    "bm_wp_m4_s_standard": "Приклад Bushmaster LE",
    "bm_wp_m4_upg_ass_m4_b_beowolf": "Набор .50 Beowulf ",
    "bm_wp_m4_upper_reciever_edge": "Верхний ресивер VLTOR MUR-1A",
    "bm_wp_m4_uupg_b_medium": "Ствол Mk 18 Mod 0",
    "bm_wp_m4_uupg_b_sd": "Ствол AAC Honey Badger",
    "bm_wp_m4_uupg_b_short": "Ствол LR 300",
    "bm_wp_m4_uupg_fg_lr300": "Цевье Z-M LR 300ML",
    "bm_wp_m4_uupg_m_std": "Магазин STANAG 38rnd Mag",
    "bm_wp_m4_uupg_s_fold": "Приклад LR300 Folding",
    "bm_wp_m95_b_barrel_long": "Ствол Accuracy International AW50F",
    "bm_wp_m95_b_barrel_suppressed": "Глушитель QDL + Camo Shroud",
    "bm_wp_mac10_body_ris": "Тактический набор G&P CQB Rail Retrofit",
    "bm_wp_mac10_m_extended": "Магазин 32rnd",
    "bm_wp_mac10_m_quick": "Быстросьемный магазин 32rnd",
    "bm_wp_mg42_b_mg34": "Ствол MG 34",
    "bm_wp_mg42_b_vg38": "Винтовочный ствол DLT-19 Heavy Blaster",
    "bm_wp_mosin_b_long": "Ствол M1907's M91/30",
    "bm_wp_mosin_b_short": "Ствол M1907 M38 Carbine",
    "bm_wp_mosin_b_sniper": "Глушитель Bramit",
    "bm_wp_mosin_body_conceal": "Приклад Synthetic",
    "bm_wp_mosin_ns_bayonet": "Штык-нож Мосин-Нагант",
    "bm_wp_mosin_ns_bayonet_desc": "Штык нож Винтовки Мосина - это острый нож, который нельзя взять в руки, в отличии от обычного ножа.\nДлина лезвия - 19,5 дюймов.",
    "bm_wp_mp5_fg_flash": "Рукоять с фонариком",
    "bm_wp_mp5_fg_flash_desc": "Эта тактическая рукоять - прямая замена рукояти MP5.",
    "bm_wp_mp5_fg_m5k": "Ствол MP5K-N",
    "bm_wp_mp5_fg_mp5a5": "Рукоять Picatiny Tri-Rail",
    "bm_wp_mp5_fg_mp5sd": "Ствол MP5SD5",
    "bm_wp_mp5_m_straight": "Магазин MP5/10",
    "bm_wp_mp5_s_adjust": "Приклад MP5A3",
    "bm_wp_mp5_s_folding": "Приклад MP5K PDW",
    "bm_wp_mp5_s_ring": "Приклад MP5K",
    "bm_wp_mp7_b_suppressed": "Глушитель H&K MP7 QD",
    "bm_wp_mp9_b_suppressed": "Глушитель MP9 QD",
    "bm_wp_mp9_m_extended": "Магазин 30rnd",
    "bm_wp_mp9_s_skel": "Приклад Steyr TMP Retrofit",
    "bm_wp_ns_battle": "Компенсатор BattleComp 2.0 Melonite",
    "bm_wp_ns_duck": "Компенсатор Paradigm SRP Gator Shotgun Spreader",
    "bm_wp_olympic_fg_railed": "Тактическая рукоять K23B",
    "bm_wp_olympic_s_short": "Приклад K23P",
    "bm_wp_p14_b_comp": "Насадка на ствол Ported",
    "bm_wp_p226_b_equinox": "Затвор Equinox",
    "bm_wp_p226_b_long": "Затвор X-Six",
    "bm_wp_p90_b_civilian": "Ствол Moerse Lekker Sales Shroud",
    "bm_wp_p90_b_long": "Ствол PS90 Civilian Issue",
    "bm_wp_p90_b_ninja": "Особый японский глушитель",
    "bm_wp_p90_m_strap": "Магазин P90 Magpul",
    "bm_wp_peacemaker_barrel_long": "Особый ствол Colt Buntline",
    "bm_wp_peacemaker_barrel_short": "5.5 дюймовый ствол Colt SAA artillery",
    "bm_wp_peacemaker_rifle_stock": "Приклад Skeletal",
    "bm_wp_pis_deagle_extra": "Рейка для прицела",
    "bm_wp_pis_g_beavertail": "Cytec Beavertail Grip",
    "bm_wp_pis_g_laser": "рукоять с лазером Crimson Trace Glock",
    "bm_wp_pis_ppk_b_long": "Затвор из нержавеющей стали",
    "bm_wp_pis_s_stock": "Приклад FAB Defense GLR-440",
    "bm_wp_pis_usp_b_match": "Компенсатор Stainless Slide with Match",
    "bm_wp_pis_usp_m_big": "Магазин 25rnd",
    "bm_wp_pis_usp_m_extended": "Магазин 21rnd",
    "bm_wp_polymer_barrel_precision": "Ствол CRB Shroud",
    "bm_wp_polymer_ns_silencer": "Глушитель Defiance HPS 4GSK",
    "bm_wp_r870_fg_wood": "Деревянный приклад",
    "bm_wp_r870_m_extended": "Увеличенный магазиный ствол",
    "bm_wp_r870_s_folding": "Складной приклад",
    "bm_wp_r870_s_nostock_big": "Рейка для прицела",
    "bm_wp_r870_s_solid_big": "Стандартный приклад с рейкой для прицела",
    "bm_wp_r93_b_suppressed": "Глушитель .338 Lapua",
    "bm_wp_r93_body_wood": "Корпус Blaser R93 Semi Weight Sporting Chassis",
    "bm_wp_rage_b_long": "Ствол 444SS8",
    "bm_wp_rage_b_short": "Ствол 444 Multi-S/S",
    "bm_wp_rota_b_silenced": "Интегральный глушитель",
    "bm_wp_rpk_s_standard": "приклад РПК-74М",
    "bm_wp_saiga_fg_holy": "Система Fuglystick , 'Cobra' Pattern",
    "bm_wp_saiga_fg_lowerrail": "Кастомная ретро-рейка Ultimak AK-47 Multi-Rail Forend",
    "bm_wp_scar_b_long": "Набор Mk17 LB",
    "bm_wp_scar_b_short": "Набор Mk17 CQC",
    "bm_wp_scar_fg_railext": "Удлиненная рейка Primary Weapon Systems SRX",
    "bm_wp_scar_s_sniper": "Приклад FN SSR",
    "bm_wp_scar_scar_fg_railext": "Удлиненная рейка PWS SRX",
    "bm_wp_schakal_b_civil": "Ствол USC",
    "bm_wp_schakal_ns_silencer": "Глушитель GemTech UMP-45",
    "bm_wp_schakal_s_civil": "Приклад USC",
    "bm_wp_schakal_vg_surefire": "Цевье Surefire M900",
    "bm_wp_scorpion_b_suppressed": "Глушитель .32 ACP",
    "bm_wp_scorpion_g_wood": "Оригинальная деревянная рукоять",
    "bm_wp_scorpion_m_extended": "Быстросменный магазин",
    "bm_wp_serbu_s_nostock_short": "Рейка для прицела",
    "bm_wp_serbu_s_solid_short": "Стандартный приклад с рейкой для прицела",
    "bm_wp_shepheard_body_short": "MPX-K рукоять",
    "bm_wp_shepheard_s_no": "MPX-K приклад",
    "bm_wp_shorty_m_extended_short": "Увеличенный магазиный ствол",
    "bm_wp_shrew_g_bling": "Гравированная рукоять",
    "bm_wp_shrew_g_ergo": "Резиновая рукоять Hogue Officer M1911",
    "bm_wp_siltstone_b_silenced": "7.62x54mm глушитель",
    "bm_wp_siltstone_fg_polymer": "Рукоять SVD Tiger",
    "bm_wp_siltstone_ns_variation_b": "Кастомный компенсатор",
    "bm_wp_siltstone_s_polymer": "Приклад SVD Tiger",
    "bm_wp_smg_m45_b_green": "M/45B Swedish зеленый ствол",
    "bm_wp_smg_m45_b_small": "короткий ствол",
    "bm_wp_smg_m45_body_green": "M/45B Swedish Зеленый корпус",
    "bm_wp_smg_m45_g_bling": "рукоять слоновая кость",
    "bm_wp_smg_m45_g_ergo": "Черная рукоять",
    "bm_wp_snp_msr_ns_suppressor": "Глушитель TiTAN-QD .338 AAC",
    "bm_wp_sparrow_body_941": "Jericho 941 F Kit",
    "bm_wp_sparrow_g_cowboy": "Рамка Jericho 941 R",
    "bm_wp_spas12_b_long": "Увеличенный магазиный ствол",
    "bm_wp_spas12_s_solid": "Исправленный приклад",
    "bm_wp_sr2_m_quick": "Магазин Original Magpul 9mm Veresk Retrofit",
    "bm_wp_sr2_ns_silencer": "Глушитель 9x39mm",
    "bm_wp_sterling_b_e11": "Ствол E-11 Blaster",
    "bm_wp_sterling_b_long": "Удлинитель ствола",
    "bm_wp_sterling_b_short": "Ствол Sterling Mk 7 \"Para-Pistol\"",
    "bm_wp_sterling_b_suppressed": "Ствол Sterling L34A1",
    "bm_wp_sterling_m_short": "Винтовочный магазин E-11 Blaster",
    "bm_wp_sterling_s_folded": "Винтовочный приклад E-11 Blaster",
    "bm_wp_sub2000_fg_gen2": "Набор Gen 2",
    "bm_wp_sub2000_fg_railed": "Рукоять Red Lion Precision Gen I SUB-2000",
    "bm_wp_sub2000_fg_suppressed": "Глушитель GemTech MK-9K",
    "bm_wp_tec9_b_standard": "Ствол AB-10",
    "bm_wp_tec9_ns_ext": "Насадка на ствол",
    "bm_wp_tec9_s_unfolded": "Приклад k",
    "bm_wp_tecci_b_long": "Ствол LMG",
    "bm_wp_tti_g_grippy": "Рукоять Hogue OverMolded Pistol",
    "bm_wp_tti_ns_hex": "Глушитель 5.56x45mm",
    "bm_wp_tti_s_vltor": "Приклад VLTOR EMOD",
    "bm_wp_upg_a_dragons_breath_desc": "Дыхание дракона - особоный тип патронов с зажигательным эффектом для дробовика 12 калибра. Патрон в основном содержит пули из магния. При выстреле, искры и пламя может вылететь на расстояние до 100 футов.",
    "bm_wp_upg_a_piercing_desc": "Флешетта это иголки с особым хвостом для стабильного полета.Название пришло из французского fléchette, \"Маленькая стрела\" или \"дротик\".",
    "bm_wp_upg_a_slug2_desc": "Стреляет одной прочной пулей, которая пробивает броню, щиты, стены и врагов.\n Такая пуля намного крупнее винтовочной пули.",
    "bm_wp_upg_a_slug_desc": "Стреляет одной прочной пулей, которая пробивает броню, щиты, стены и врагов.\n Такая пуля намного крупнее винтовочной пули.",
    "bm_wp_upg_ak_b_ak105": "Ствол AK-105",
    "bm_wp_upg_ak_b_draco": "Ствол Romanian AIMR",
    "bm_wp_upg_ak_fg_krebs": "Рукоять Krebs UFM Keymod System",
    "bm_wp_upg_ak_fg_tapco": "Рукоять Tapco Intrafuse",
    "bm_wp_upg_ak_fg_trax": "Рукоять Strike Industries TRAX",
    "bm_wp_upg_ak_fg_zenit": "Рукоять RIS",
    "bm_wp_upg_ak_g_hgrip": "Пистолетная рукоять Hogue OverMolded AK",
    "bm_wp_upg_ak_g_pgrip": "Пистолетная рукоять US PALM Enhanced",
    "bm_wp_upg_ak_g_rk3": "Пистолетная рукоять ZenitCo PK-3",
    "bm_wp_upg_ak_g_wgrip": "Деревянная рукоять",
    "bm_wp_upg_ak_m_quad": "Магазин на 60 патронов",
    "bm_wp_upg_ak_m_uspalm": "Магазин US PALM AK30 30rnd",
    "bm_wp_upg_ak_s_solidstock": "Приклад AK-74",
    "bm_wp_upg_ass_ak_b_zastava": "Ствол Застава M76",
    "bm_wp_upg_ass_m16_fg_stag": "Особый Diamondhead VRS-T",
    "bm_wp_upg_ass_m4_fg_lvoa": "Особое цевье War Sport LVOA",
    "bm_wp_upg_ass_m4_fg_moe": "Рукоять Magpul MOE SL",
    "bm_wp_upg_ass_m4_lower_reciever_core": "Нижний ресивер CORE15",
    "bm_wp_upg_ass_m4_upper_reciever_ballos": "Верхний ресивер 2A-Arms BALIOS-Lite",
    "bm_wp_upg_ass_m4_upper_reciever_core": "Верхний ресивер CORE15",
    "bm_wp_upg_ass_ns_jprifles": "Компенсатор JP Standard-Profile",
    "bm_wp_upg_ass_ns_linear": "Компенсатор KIES Blast Master Linear",
    "bm_wp_upg_ass_ns_surefire": "Компенсатор SureFire MB556K Muzzle Brake",
    "bm_wp_upg_fg_jp": "Особое цевье JPHG3-1M Carbon Fibre",
    "bm_wp_upg_fg_midwest": "Рейка Midwest Industries Quad",
    "bm_wp_upg_fg_smr": "Цевье Geissele SMR MKIII",
    "bm_wp_upg_fl_ass_laser": "Лазер Offset Laser Mount & Sight",
    "bm_wp_upg_fl_ass_peq15": "Система прицеливания Insight Technology AN/PEQ-15",
    "bm_wp_upg_fl_ass_peq15_desc": "Это, легкая и простая система прицеливания создана для использования с/без ПНВ.\nВремя работы: Больше 6 часов.",
    "bm_wp_upg_fl_ass_smg_sho_peqbox": "Лазер Insight Technology AN/PEQ-5",
    "bm_wp_upg_fl_ass_smg_sho_peqbox_desc": "Создает видимую красную точку. Это гражданская версия более крупного AN-PEQ-2, который только доступен армии США.",
    "bm_wp_upg_fl_ass_smg_sho_surefire": "Фонарик Surefire Scout Light",
    "bm_wp_upg_fl_ass_utg": "Система прицеливания LT-ELP38 Laser/Light Combo",
    "bm_wp_upg_fl_ass_utg_desc": "Идеаленый аксессуар для получения тактического преимущества. Фонарик может быть использован для быстро опознования цели, минимизируя свою обнаруживаемость ночью. Лазер позволяет быстро навестить на цель, облегчая прицеливание в голову.\nЗаряд лазера: 6000 часов.",
    "bm_wp_upg_fl_crimson": "ЛазерCN-201 RAIL MASTER",
    "bm_wp_upg_fl_pis_laser": "Лазер CMR-201 RAIL MASTER",
    "bm_wp_upg_fl_pis_laser_desc": "Это мощный лазер создан для пистолетов с рейками, винтовками и дробовиками.\nВремя работы: 4 часа.",
    "bm_wp_upg_fl_pis_m3x": "Фонарь Insight Technology M3X Tactical Illuminator",
    "bm_wp_upg_fl_pis_m3x_desc": "Этот фонарь был создан для работы в самых тяжелых условиях. Из-за этого, он может светить на глубине 66 футов.\nВремя работы: 1 час.",
    "bm_wp_upg_fl_pis_tlr1": "Фонарик Streamlight TLR-1",
    "bm_wp_upg_fl_pis_tlr1_desc": "Очень яркий, неразрушаемый тактический фонарик, приклепляемый к любому оружию за секунды.\nВремя работы: 2.5 часа.",
    "bm_wp_upg_fl_x400v": "Система прицеливания SureFire X400V IRc LED Light and Laser",
    "bm_wp_upg_fl_x400v_desc": "Это многопрофильный фонарик вместе с первоклассным лазером для совместной работы с ПНВ.\nВремя работы: 2.5 часа.",
    "bm_wp_upg_i_autofire": "Только одиночный режим",
    "bm_wp_upg_i_singlefire": "Только автоматический режим",
    "bm_wp_upg_m4_g_hgrip": "Мягкая резиновая рукоять Hogue OverMolded",
    "bm_wp_upg_m4_g_mgrip": "Рукоять Magpul MOE-K",
    "bm_wp_upg_m4_m_l5": "Магазин L5AWM",
    "bm_wp_upg_m4_m_quad": "Магазин STANAG 60rnd Mag",
    "bm_wp_upg_m4_s_crane": "Приклад NSWC Crane",
    "bm_wp_upg_m4_s_mk46": "Особый приклад NSWC Crane",
    "bm_wp_upg_m4_s_ubr": "Особый приклад Magpul UBR Collapsible",
    "bm_wp_upg_ns_ass_filter": "Бюджетный глушитель",
    "bm_wp_upg_ns_ass_pbs1": "Глушитель ПБС-1",
    "bm_wp_upg_ns_ass_smg_firepig": "Глушитель Noveske KX3 Flash",
    "bm_wp_upg_ns_ass_smg_large": "Глушитель Generic Big",
    "bm_wp_upg_ns_ass_smg_medium": "Глушитель SAI M80 Custom",
    "bm_wp_upg_ns_ass_smg_small": "Глушитель GEMTECH HALO",
    "bm_wp_upg_ns_ass_smg_stubby": "Пламегаситель VFC Stinger",
    "bm_wp_upg_ns_large_kac": "Глушитель Knight's Armament Mk23 ",
    "bm_wp_upg_ns_meatgrinder": "Компенсатор WE Tech Tenderizer",
    "bm_wp_upg_ns_medium_gem": "Глушитель GEMTECH BLACKSIDE-45",
    "bm_wp_upg_ns_pis_jungle": "M1911A1 камуфляжный глушитель",
    "bm_wp_upg_ns_pis_large": "Глушитель SilencerCo Osprey .45",
    "bm_wp_upg_ns_pis_medium_slim": "Хромированный глушитель",
    "bm_wp_upg_ns_pis_small": "Глушитель посейдон",
    "bm_wp_upg_ns_sho_salvo_large": "Глушитель SilencerCo Salvo 12",
    "bm_wp_upg_ns_shot_shark": "Компенсатор Tromix Shark Brake Door Breacher",
    "bm_wp_upg_ns_shot_thick": "Глушитель Chigurh",
    "bm_wp_upg_o_acog": "Прицел Trijicon ACOG",
    "bm_wp_upg_o_aimpoint": "Прицел Aimpoint PRO Rifle Optic 12841",
    "bm_wp_upg_o_ak_scopemount": "Прицел K-VAR KV-045 Optic",
    "bm_wp_upg_o_box": "Прицел с дальномером Pulsar Digisight LRF N960 N970 Night Vision",
    "bm_wp_upg_o_cmore": "Прицел C-MORE Railway ARW",
    "bm_wp_upg_o_cs": "Прицел Aimpoint CS",
    "bm_wp_upg_o_docter": "Прицел DOCTER Sight II Plus",
    "bm_wp_upg_o_eotech": "Прицел EOTech Model 553",
    "bm_wp_upg_o_eotech_xps": "Прицел EOTech Model EXPS3",
    "bm_wp_upg_o_leupold": "Прицел Leupold Mk 4 ER/T + BORS",
    "bm_wp_upg_o_m14_scopemount": "Рейка для прицела Mk14 Chassis",
    "bm_wp_upg_o_reflex": "Рефлекторный прицел Generic Open",
    "bm_wp_upg_o_rmr": "Прицел Trijicon RM06 RMR",
    "bm_wp_upg_o_rx01": "Рефлекторный прицел Trijicon RX01 Polarized",
    "bm_wp_upg_o_rx30": "Рефлекторный прицел Trijicon RX30",
    "bm_wp_upg_o_sho_salvo_large": "Глушитель SilencerCo Salvo 12",
    "bm_wp_upg_o_specter": "Прицел ELCAN Specter DR 1x/4x",
    "bm_wp_upg_o_spot": "Прицел NcSTAR Advanced Dual Optic",
    "bm_wp_upg_o_t1micro": "Прицел Aimpoint Weaver-Mounted Micro T-1",
    "bm_wp_upg_shot_ns_king": "Компенсатор King Armory 12ga Breacher",
    "bm_wp_upg_smg_olympic_fg_lr300": "Короткая рукоятьAftermarket",
    "bm_wp_uzi_b_suppressed": "Ретро глушитель SIONICS \"Whispering Death\"",
    "bm_wp_uzi_fg_rail": "Приклад К",
    "bm_wp_uzi_s_solid": "Оригинальный деревянный приклад Original Wooden Buttstock",
    "bm_wp_vhs_b_short": "Ствол VHS-K2",
    "bm_wp_vhs_b_silenced": "Встроенный глушитель",
    "bm_wp_vhs_b_sniper": "Длинный ствол",
    "bm_wp_wa2000_b_long": "Ствол Gen 2",
    "bm_wp_wa2000_b_suppressed": "Интегральный глушитель",
    "bm_wp_wa2000_g_light": "Легкий приклад",
    "bm_wp_wa2000_g_stealth": "Черный приклад",
    "bm_wp_wa2000_g_walnut": "Ореховый приклад",
    "bm_wp_upg_o_mbus_rear": "Прицел MBUS Front and Rear",
    "bm_wpn_fps_o_45rds": "Прицел Leupold DeltaPoint Pro",
    "bm_wpn_fps_upg_o_45rds_v2": "Угловой прицел Aimpoint Micro T-2",
    "bm_wpn_fps_upg_o_xpsg33_magnifier": "X.3 прицел Aimpoint"
}