{"bm_menu_barrel_ext": "膛口装置", "bm_menu_custom": "内构改装", "bm_menu_sight": "瞄具", "bm_wp_1911_b_long": "春田兵工厂 V-16 加长打孔套筒", "bm_wp_1911_b_vented": "春田兵工厂 V-12 打孔套筒", "bm_wp_1911_g_bling": "木制握把", "bm_wp_1911_g_engraved": "镌刻握把", "bm_wp_1911_g_ergo": "American Legend Pachmayr 握把套", "bm_wp_1911_m_big": "ProMag 22发弹匣", "bm_wp_2006m_b_long": "6 英寸枪管", "bm_wp_2006m_b_medium": "4 英寸枪管", "bm_wp_2006m_b_short": "3 英寸枪管", "bm_wp_2006m_g_bling": "合成纤维握把", "bm_wp_aa12_barrel_long": "AA-12 常规枪管", "bm_wp_aa12_barrel_silenced": "内建消音枪管", "bm_wp_ak5_b_short": "博福斯 AK 5C 枪管", "bm_wp_ak5_fg_ak5c": "博福斯 AK 5C 护木", "bm_wp_ak5_fg_fnc": "FN FNC 护木", "bm_wp_ak5_s_ak5b": "FFV AK 5B 枪托", "bm_wp_ak5_s_ak5c": "博福斯 AK 5C 枪托", "bm_wp_ak_fg_combo2": "Ultimak AK 瞄具座", "bm_wp_ak_fg_combo3": "Ultimak AK 模块化前导轨系统", "bm_wp_ak_m_quick": "改造版 Original Magpul AK 弹匣快拔套", "bm_wp_ak_s_folding": "AK 可折叠枪托", "bm_wp_ak_s_psl": "PSL 枪托", "bm_wp_ak_s_skfoldable": "AKS-74 枪托", "bm_wp_akmsu_fg_rail": "通用导轨护木", "bm_wp_ass_s552_b_long": "SIG SG 552 长枪管套件", "bm_wp_ass_s552_fg_railed": "SIG SG 553 导轨护木", "bm_wp_ass_s552_fg_standard_green": "草绿色护木", "bm_wp_ass_s552_g_standard_green": "草绿色握把", "bm_wp_ass_s552_s_standard_green": "草绿色枪托", "bm_wp_asval_b_proto": "SR-3M 枪管", "bm_wp_asval_s_solid": "VSS Vintorez 枪托", "bm_wp_aug_b_long": "AUG HBAR 枪管", "bm_wp_aug_b_short": "AUG 卡宾型 16 英寸枪管", "bm_wp_aug_body_f90": "Thales EF88/F90 机匣", "bm_wp_aug_fg_a3": "AUG A3 护木", "bm_wp_b682_s_ammopouch": "霰弹弹挂", "bm_wp_b682_s_short": "截短枪托", "bm_wp_baka_b_comp": "补偿枪管", "bm_wp_basset_fg_short": "截短枪管+导轨", "bm_wp_basset_m_extended": "SGM Tactical SAIGA 霰弹枪 12发弹匣", "bm_wp_beer_b_robo": "机械战警枪管", "bm_wp_beer_g_lux": "木制握把", "bm_wp_beer_g_robo": "机械战警握把", "bm_wp_beer_m_extended": "扩容弹匣", "bm_wp_beer_s_std": "线框枪托", "bm_wp_ben_b_short": "M4 短枪管", "bm_wp_ben_fg_standard": "M4 战术枪托", "bm_wp_beretta_co_co1": "LA.RI.A AL-GI-MEC 补偿器", "bm_wp_beretta_g_engraved": "镌刻握把", "bm_wp_beretta_g_ergo": "木制握把", "bm_wp_beretta_sl_brigadier": "Brigadier 92FS 套筒", "bm_wp_breech_b_reinforced": "毛瑟竞赛型手枪枪管", "bm_wp_c96_b_long": "卡宾型枪管", "bm_wp_c96_m_extended": "M72 速射型弹匣", "bm_wp_c96_nozzle": "DL-44 消焰器", "bm_wp_c96_sight": "DL-44 瞄准镜", "bm_wp_chinchilla_b_satan": "Kokusai “恶魔” 定制化枪管", "bm_wp_chinchilla_g_black": "合成纤维握把", "bm_wp_ching_b_short": "T26 卡宾型枪管", "bm_wp_ching_fg_railed": "Fulton Armory 侦察型导轨, Gen III", "bm_wp_ching_s_pouch": "Olongapo Outfitters 加兰德枪托弹夹包", "bm_wp_coach_s_short": "截短枪托", "bm_wp_cobray_ns_barrelext": "枪管延长装置", "bm_wp_cobray_ns_silencer": "SIONICS “死亡耳语” 消音器", "bm_wp_czech_b_long": "枪管延长装置", "bm_wp_czech_g_luxury": "木制握把", "bm_wp_czech_g_sport": "定制化护木", "bm_wp_czech_m_extended": "扩容弹匣", "bm_wp_czech_s_standard": "管状枪托", "bm_wp_deagle_b_long": "10 英寸枪管", "bm_wp_deagle_b_modern": "打孔枪管", "bm_wp_deagle_co_long": "Boondock 补偿器", "bm_wp_deagle_co_short": "马格南研究所 DE50MB 补偿器", "bm_wp_deagle_g_bling": "象牙握把", "bm_wp_desertfox_b_long": "早期型四轨护木", "bm_wp_desertfox_b_silenced": "DTSS .338 消音器", "bm_wp_erma_s_folded": "折叠枪托", "bm_wp_fal_body_standard": "SA58 OSW 护木", "bm_wp_fal_fg_03": "IMI Romat 护木", "bm_wp_fal_fg_04": "Imbel 定制型狙击手护木", "bm_wp_fal_g_01": "SA58 OSW 后握把", "bm_wp_fal_m_01": "STANAG 40发弹匣", "bm_wp_fal_s_01": "SA58 OSW 枪托", "bm_wp_fal_s_03": "马盖普 PRS2 精准-可调节型枪托", "bm_wp_famas_b_long": "G2 民用型枪管", "bm_wp_famas_b_short": "G2 突击型枪管", "bm_wp_famas_b_sniper": "G2 狙击型枪管", "bm_wp_famas_b_suppressed": "内建消音枪管", "bm_wp_famas_g_retro": "G2 握把", "bm_wp_fps_upg_o_45iron": "XTI 斜装机械瞄具", "bm_wp_g18c_g_ergo": "Hogue Handall 通用型半尺寸握把套", "bm_wp_g18c_s_stock": "FAB Defense GLR-440", "bm_wp_g22c_b_long": "Glock 35 套筒", "bm_wp_g26_b_custom": "Salient Arms Tier 1 枪管", "bm_wp_g26_body_salient": "Salient Arms Tier 1 框架", "bm_wp_g26_m_custom": "Salient Arms Tier 1 弹匣", "bm_wp_g36_fg_c": "G36C 护木", "bm_wp_g36_fg_ksk": "KAC G36 RAS 护木", "bm_wp_g36_fg_long": "G36E 护木", "bm_wp_g36_m_quick": "G36 快拔弹匣", "bm_wp_g36_o_vintage": "ZF 3x4°", "bm_wp_g36_s_kv": "HK 可折叠枪托", "bm_wp_g36_s_sl8": "SR8 枪托", "bm_wp_g3_b_sniper": "G3SG/1 套件", "bm_wp_g3_fg_psg": "MSG90 护木", "bm_wp_g3_fg_railed": "导轨护木", "bm_wp_g3_fg_retro": "赛特迈护木", "bm_wp_g3_fg_retro_plastic": "改造型 AK 4 护木", "bm_wp_g3_g_sniper": "PSG1 后握把", "bm_wp_g3_s_sniper": "PSG1 枪托", "bm_wp_g3_s_wood": "赛特迈枪托", "bm_wp_galil_fg_fab": "FAB Defense VFR-GA 导轨系统", "bm_wp_galil_fg_mar": "Galil MAR 护木", "bm_wp_galil_fg_sar": "Galil SAR 护木", "bm_wp_galil_fg_sniper": "Galil 7.62 护木", "bm_wp_galil_s_fab": "Micro Galil 定制款 FAB Defense 枪托", "bm_wp_galil_s_plastic": "IMI 托腮枪托", "bm_wp_galil_s_skeletal": "Galil MAR 枪托", "bm_wp_galil_s_sniper": "Galil 狙击型枪托", "bm_wp_groza_b_suppressed": "定制型消音器", "bm_wp_groza_m_speed": "快拔弹匣", "bm_wp_hajk_b_medium": "标准枪管", "bm_wp_hajk_b_short": "CZ 805 BREN A2 枪管", "bm_wp_hk21_b_long": "HK23E 枪管", "bm_wp_hk21_fg_short": "短护木", "bm_wp_holt_g_bling": "定制化握把", "bm_wp_holt_g_ergo": "人体工学握把", "bm_wp_holt_m_extended": "拓展弹匣", "bm_wp_hs2000_sl_custom": "XD-9 V10 4 英寸枪管", "bm_wp_hs2000_sl_long": "XDM 5.25 不锈钢套筒", "bm_wp_ksg_b_short": "KSG-12 战术型枪管", "bm_wp_l85a2_b_long": "L86A1 枪管", "bm_wp_l85a2_b_short": "L22 原型枪管", "bm_wp_l85a2_fg_short": "丹尼尔防务公司 导轨护木", "bm_wp_l85a2_g_worn": "磨损握把", "bm_wp_l85a2_m_emag": "马盖普 EMAG", "bm_wp_m134_barrel_extreme": "GAU-17/A 枪管", "bm_wp_m134_barrel_short": "截短枪管", "bm_wp_m134_body_upper_light": "低功率电池", "bm_wp_m14_body_ebr": "M1A SOPMOD 机匣", "bm_wp_m14_body_jae": "JAE-100 G3 定制化机匣", "bm_wp_m14_body_ruger": "鲁格 AC556 机匣", "bm_wp_m16_fg_railed": "丹尼尔防务公司 AR15 Lite Rail III 定制版", "bm_wp_m16_fg_vietnam": "M16A1 护木", "bm_wp_m1897_b_long": "长枪管", "bm_wp_m1897_b_short": "枪管隔热罩", "bm_wp_m1897_s_short": "锯短枪托", "bm_wp_m1911_m_extended": "Chip McCormick Power Mag", "bm_wp_m1911_sl_hardballer": "AMT Javelina 10毫米套筒", "bm_wp_m1911_sl_match": "70 系国家竞赛型套筒 + Bo-Mar 式机瞄", "bm_wp_m1928_b_long": "M1927 自动军械枪管", "bm_wp_m1928_fg_discrete": "合成纤维护木", "bm_wp_m1928_g_discrete": "合成纤维握把", "bm_wp_m1928_s_discrete": "合成纤维枪托", "bm_wp_m249_b_long": "M249-E2 SAW 枪管", "bm_wp_m249_fg_mk46": "MK46 Mod 0 护木", "bm_wp_m249_s_solid": "M249-E2 SAW 枪托", "bm_wp_m32_barrel_short": "Milkor 马克 14 型枪管", "bm_wp_m37_b_short": "监视枪管", "bm_wp_m37_s_short": "锯短枪托", "bm_wp_m4_g_ergo": "Command Arms UPG16 手枪式握把", "bm_wp_m4_g_sniper": "H&K PSG1 式握把", "bm_wp_m4_m_pmag": "马盖普 PMAG", "bm_wp_m4_m_quick": "Original Magpul 5.56 NATO 弹匣快拔套", "bm_wp_m4_m_straight": "M16 20发弹匣", "bm_wp_m4_s_pts": "马盖普 PTS 枪托", "bm_wp_m4_s_standard": "Bushmaster LE 枪托", "bm_wp_m4_upg_ass_m4_b_beowolf": ".50 贝奥武夫转换套件", "bm_wp_m4_upper_reciever_edge": "VLTOR MUR-1A 上机匣", "bm_wp_m4_uupg_b_medium": "Mk 18 Mod 0 枪管", "bm_wp_m4_uupg_b_sd": "AAC 蜜獾 枪管", "bm_wp_m4_uupg_b_short": "LR 300 枪管", "bm_wp_m4_uupg_fg_lr300": "Z-M LR 300ML 护木", "bm_wp_m4_uupg_m_std": "STANAG 38发弹匣", "bm_wp_m4_uupg_s_fold": "LR300 折叠枪托", "bm_wp_m590_b_long": "延长枪管 + 弹仓", "bm_wp_m590_body_rail": "Black Aces Tactical 四重战术导轨", "bm_wp_m60_b_short": "M60-E3 枪管", "bm_wp_m60_fg_tactical": "Mk 43 Mod 0/1 护木", "bm_wp_m60_fg_tropical": "M60 护木 + 热带迷彩", "bm_wp_m95_b_barrel_long": "Accuracy International AW50F 枪管", "bm_wp_m95_b_barrel_suppressed": "QDL 消音器 + 迷彩布套", "bm_wp_mac10_body_ris": "改造款 G&P CQB 战术导轨套件", "bm_wp_mac10_m_extended": "32发弹匣", "bm_wp_mac10_m_quick": "32发快拔弹匣", "bm_wp_mg42_b_mg34": "MG 34 枪管", "bm_wp_mg42_b_vg38": "DLT-19 重型爆能步枪枪管", "bm_wp_model3_b_long": "改装版 8 英寸枪管", "bm_wp_model3_b_short": "3 英寸枪管", "bm_wp_model3_g_bling": "象牙握把", "bm_wp_mosin_b_long": "M1907 M91/30 枪管", "bm_wp_mosin_b_short": "M1907 M38 卡宾型枪管", "bm_wp_mosin_b_sniper": "Bramit 消音器", "bm_wp_mosin_body_conceal": "合成纤维枪托", "bm_wp_mosin_ns_bayonet": "莫辛纳甘刺刀", "bm_wp_mosin_ns_bayonet_desc": "莫辛纳甘的刺刀是一种棱刺刺刀，这意味着它无法像匕首一样的刺刀那样握持使用。\n它的长度约为 19.5 英寸。", "bm_wp_mp5_fg_flash": "加装 G&P CREE LED 手电筒的护木", "bm_wp_mp5_fg_flash_desc": "这款战术护木是 MP5 原厂护木的直接替代品。", "bm_wp_mp5_fg_m5k": "MP5K-N 枪管", "bm_wp_mp5_fg_mp5a5": "三轨护木", "bm_wp_mp5_fg_mp5sd": "MP5SD5 枪管", "bm_wp_mp5_m_straight": "MP5/10 弹匣", "bm_wp_mp5_s_adjust": "MP5A3 枪托", "bm_wp_mp5_s_folding": "MP5K PDW 枪托", "bm_wp_mp5_s_ring": "MP5K 枪托", "bm_wp_mp7_b_suppressed": "H&K MP7 QD 消音器", "bm_wp_mp9_b_suppressed": "MP9 QD 消音器", "bm_wp_mp9_m_extended": "30发弹匣", "bm_wp_mp9_s_skel": "改造型 斯泰尔 TMP 枪托", "bm_wp_ns_battle": "BattleComp 2.0 Melonite 补偿器", "bm_wp_ns_duck": "Paradigm SRP Gator 膛口扩散器", "bm_wp_olympic_fg_railed": "K23B 战术型护木", "bm_wp_olympic_s_short": "K23P 枪管", "bm_wp_p14_b_comp": "枪管延伸装置（打孔）", "bm_wp_p226_b_equinox": "P226 Equinox 套筒", "bm_wp_p226_b_long": "P226 X-Six 套筒", "bm_wp_p226_g_ergo": "Hogue MONOGRIP P226 握把", "bm_wp_p90_b_civilian": "Moerse Lekker Sales 枪管罩筒", "bm_wp_p90_b_long": "PS90 民用款枪托", "bm_wp_p90_b_ninja": "定制化日式消音器", "bm_wp_p90_m_strap": "P90 快拔弹匣", "bm_wp_peacemaker_barrel_long": "柯尔特 巴特莱型枪管", "bm_wp_peacemaker_barrel_short": "柯尔特 SAA 炮兵型 5.5 英寸枪管", "bm_wp_peacemaker_rifle_stock": "镂空枪托", "bm_wp_pis_deagle_extra": "瞄具座（加装导轨）", "bm_wp_pis_g_beavertail": "Cytec 海狸尾握把", "bm_wp_pis_g_laser": "Crimson Trace 格洛克镭射握把", "bm_wp_pis_ppk_b_long": "瓦尔特 PP 不锈钢套筒", "bm_wp_pis_ppk_g_laser": "Crimson Trace LG-480 镭射握把", "bm_wp_pis_s_stock": "FAB Defense GLR-440", "bm_wp_pis_usp_b_match": "不锈钢套筒 + 竞赛级补偿器", "bm_wp_pis_usp_m_big": "25发弹匣", "bm_wp_pis_usp_m_extended": "21发弹匣", "bm_wp_pm9_b_short": "拆除消焰器", "bm_wp_pm9_g_wood": "木制握把", "bm_wp_pm9_m_quick": "快拔弹匣", "bm_wp_pm9_s_tactical": "定制化枪托", "bm_wp_polymer_barrel_precision": "CRB 枪管罩筒", "bm_wp_polymer_ns_silencer": "Defiance HPS 4GSK", "bm_wp_qbu88_b_long": "长枪管", "bm_wp_qbu88_b_short": "短枪管", "bm_wp_qbu88_m_extended": "扩展弹匣", "bm_wp_qbu88_o_standard": "QBU-88 机械瞄具", "bm_wp_r700_b_medium": "16.5 英寸内建消音枪管", "bm_wp_r700_b_short": "16.5 英寸枪管", "bm_wp_r700_s_military": "马盖普 Hunter 700 枪管", "bm_wp_r870_fg_wood": "木制握柄", "bm_wp_r870_m_extended": "扩展弹仓", "bm_wp_r870_s_folding": "折叠枪托", "bm_wp_r870_s_nostock_big": "瞄具座", "bm_wp_r870_s_solid_big": "标准枪托 + 上导轨", "bm_wp_r93_b_suppressed": ".338 Lapua 消音器", "bm_wp_r93_body_wood": "Blaser R93 运动用半重机匣", "bm_wp_rage_b_long": "444SS8 枪管", "bm_wp_rage_b_short": "444 Multi-S/S 枪管", "bm_wp_rota_b_silenced": "内建消音器", "bm_wp_rpk_s_standard": "RPK-74M 枪托", "bm_wp_rsh12_b_comp": "定制化制退器", "bm_wp_rsh12_b_short": "短枪管", "bm_wp_rsh12_g_wood": "木制握把", "bm_wp_saiga_fg_holy": "Fuglystick 导轨系统（眼镜蛇式）", "bm_wp_saiga_fg_lowerrail": "改造款 Ultimak AK-47 多轨护木", "bm_wp_sbl_b_long": "长枪管 + 制退器", "bm_wp_sbl_b_short": "定制化护手 + 消音器", "bm_wp_sbl_o_standard": "机械瞄具", "bm_wp_sbl_s_saddle": "弹挂 + 皮革托腮垫", "bm_wp_scar_b_long": "Mk17 长管套件", "bm_wp_scar_b_short": "Mk17 CQC 套件", "bm_wp_scar_fg_railext": "Primary Weapon Systems SRX 导轨延长配件", "bm_wp_scar_s_sniper": "FN SSR 枪托", "bm_wp_scar_scar_fg_railext": "PWS SRX 导轨延长配件", "bm_wp_schakal_b_civil": "USC 枪管", "bm_wp_schakal_ns_silencer": "GemTech UMP-45 消音器", "bm_wp_schakal_s_civil": "USC 枪托", "bm_wp_schakal_vg_surefire": "Surefire M900 前握把", "bm_wp_scorpion_b_suppressed": ".32 ACP 消音器", "bm_wp_scorpion_g_wood": "原厂木制握把", "bm_wp_scorpion_m_extended": "双联弹匣", "bm_wp_serbu_s_nostock_short": "瞄具座", "bm_wp_serbu_s_solid_short": "标准枪托 + 瞄具座", "bm_wp_shak12_body_vks": "VSSK Vykhlop 机匣", "bm_wp_shak12_ns_muzzle": "ShAK-12 制退器", "bm_wp_shak12_ns_suppressor": "ShAK-12 消音器", "bm_wp_shak12_o_carry_dummy": "将瞄具安装到提把上", "bm_wp_shepheard_body_short": "MPX-K 护木", "bm_wp_shepheard_s_no": "MPX-K 枪托", "bm_wp_shorty_m_extended_short": "拓展弹仓", "bm_wp_shrew_g_bling": "镌刻握把", "bm_wp_shrew_g_ergo": "Hogue Officer M1911 橡胶手指握把套", "bm_wp_siltstone_b_silenced": "7.62x54毫米 消音器", "bm_wp_siltstone_fg_polymer": "SVD Tiger 护木", "bm_wp_siltstone_ns_variation_b": "定制化补偿器", "bm_wp_siltstone_s_polymer": "SVD Tiger 枪托", "bm_wp_smg_m45_b_green": "M/45B 瑞典绿枪管", "bm_wp_smg_m45_b_small": "短枪管", "bm_wp_smg_m45_body_green": "M/45B 瑞典绿涂装", "bm_wp_smg_m45_g_bling": "象牙握把", "bm_wp_smg_m45_g_ergo": "黑色握把", "bm_wp_snp_msr_ns_suppressor": "TiTAN-QD .338 AAC 消音器", "bm_wp_sparrow_body_941": "Jericho 941 F 套件", "bm_wp_sparrow_g_cowboy": "Jericho 941 R 框架", "bm_wp_spas12_b_long": "拓展弹仓", "bm_wp_spas12_s_solid": "固定枪托", "bm_wp_sr2_m_quick": "改造款 Original Magpul 9毫米 '希瑟' 弹匣快拔套", "bm_wp_sr2_ns_silencer": "9x39毫米消音器", "bm_wp_stech_b_long": "枪管延长装置", "bm_wp_stech_g_luxury": "定制化木制握把", "bm_wp_stech_g_tactical": "定制化橡胶握把", "bm_wp_stech_m_extended": "扩展弹匣", "bm_wp_stech_s_standard": "木制枪托", "bm_wp_sterling_b_e11": "E-11 爆能步枪枪管", "bm_wp_sterling_b_long": "枪管延长装置", "bm_wp_sterling_b_short": "斯特林 Mk 7 \"伞兵型手枪\" 枪管", "bm_wp_sterling_b_suppressed": "斯特林 L34A1 枪管", "bm_wp_sterling_m_short": "E-11 爆能步枪弹匣", "bm_wp_sterling_s_folded": "E-11 爆能步枪枪托", "bm_wp_sub2000_fg_gen2": "Gen 2 套件", "bm_wp_sub2000_fg_railed": "Red Lion Precision Gen I SUB-2000 护木", "bm_wp_sub2000_fg_suppressed": "GemTech MK-9K 消音器", "bm_wp_tec9_b_standard": "AB-10 枪管", "bm_wp_tec9_ns_ext": "延长枪管", "bm_wp_tec9_s_unfolded": "展开枪托", "bm_wp_tecci_b_long": "轻机枪型枪管", "bm_wp_tti_g_grippy": "Hogue OverMolded 手枪式握把", "bm_wp_tti_ns_hex": "5.56x45毫米消音器", "bm_wp_tti_s_vltor": "VLTOR EMOD 枪托", "bm_wp_type54_b_long": "延长枪管", "bm_wp_type54_m_ext": "TT-42 弹匣", "bm_wp_type54_underbarrel": "20号口径霰弹", "bm_wp_upg_a_dragons_breath_desc": "龙息弹是用于12号口径霰弹枪的一种具有燃烧效果的特种弹药。龙息弹主要由镁制弹丸构成，在发射时，所射出的火星和火焰的最远可达100英尺。", "bm_wp_upg_a_piercing_desc": "一枚箭弹的弹镖是一种尖锐，带有使发射物稳定飞行的尾翼的钢制发射物。它的名称源自法语单词 “fléchette”，意为“小型箭”或“飞镖”。", "bm_wp_upg_a_slug2_desc": "一枚独头霰弹的弹头是由铅、铜或其他材料制成的由霰弹枪发射的重型发射物。\n独头弹的弹头通常来说要比步枪弹的弹头大得多。", "bm_wp_upg_a_slug_desc": "一枚独头霰弹的弹头是由铅、铜或其他材料制成的由霰弹枪发射的重型发射物。\n独头弹的弹头通常来说要比步枪弹的弹头大得多。", "bm_wp_upg_ak_b_ak105": "AK-105 枪管", "bm_wp_upg_ak_b_draco": "罗马尼亚 AIMR 枪管", "bm_wp_upg_ak_fg_krebs": "Krebs UFM Keymod系统 护木", "bm_wp_upg_ak_fg_tapco": "Tapco Intrafuse 护木", "bm_wp_upg_ak_fg_trax": "Strike Industries TRAX 护木", "bm_wp_upg_ak_fg_zenit": "RIS 护木", "bm_wp_upg_ak_g_hgrip": "Hogue OverMolded AK 手枪式握把", "bm_wp_upg_ak_g_pgrip": "US PALM 手枪握把", "bm_wp_upg_ak_g_rk3": "ZenitCo PK-3 手枪式握把", "bm_wp_upg_ak_g_wgrip": "木制握把", "bm_wp_upg_ak_m_quad": "卡拉什尼科夫集团 60发弹匣", "bm_wp_upg_ak_m_uspalm": "US PALM AK30 30发弹匣", "bm_wp_upg_ak_s_solidstock": "AK-74 枪托", "bm_wp_upg_ass_ak_b_zastava": "Zastava M76 枪管", "bm_wp_upg_ass_m16_fg_stag": "定制型 Diamondhead VRS-T 护木", "bm_wp_upg_ass_m4_fg_lvoa": "定制型 War Sport LVOA 护木", "bm_wp_upg_ass_m4_fg_moe": "马盖普 MOE SL 护木", "bm_wp_upg_ass_m4_lower_reciever_core": "CORE15 下机匣", "bm_wp_upg_ass_m4_upper_reciever_ballos": "2A-Arms BALIOS-Lite 上机匣", "bm_wp_upg_ass_m4_upper_reciever_core": "CORE15 上机匣", "bm_wp_upg_ass_ns_jprifles": "JP 标准尺寸补偿器", "bm_wp_upg_ass_ns_linear": "KIES Blast Master 线性补偿器", "bm_wp_upg_ass_ns_surefire": "神火 MB556K 制退器", "bm_wp_upg_fg_jp": "JPHG3-1M 定制化碳纤维护木", "bm_wp_upg_fg_midwest": "Midwest Industries 四轨护木", "bm_wp_upg_fg_smr": "Geissele SMR MKIII 护木", "bm_wp_upg_fl_ass_laser": "偏置镭射瞄具", "bm_wp_upg_fl_ass_peq15": "Insight Technology AN/PEQ-15", "bm_wp_upg_fl_ass_peq15_desc": "这款轻量，结实，简单易用的瞄准系统是用于在有夜视设备或无夜视设备的环境下使用的。\n续航时长：大于6个小时。", "bm_wp_upg_fl_ass_smg_sho_peqbox": "Insight Technology AN/PEQ-5", "bm_wp_upg_fl_ass_smg_sho_peqbox_desc": "这款军规级镭射瞄具可投射出可见的红点。该装置是体积更大且仅供美军使用的 AN-PEQ-2 的民用版。", "bm_wp_upg_fl_ass_smg_sho_surefire": "神火 侦查手电", "bm_wp_upg_fl_ass_utg": "LT-ELP38 镭射 / 手电组合", "bm_wp_upg_fl_ass_utg_desc": "这款配件是用于获得战术优势的不二之选。手电筒可用于在夜间减少暴露度的同时快速获取目标；镭射可使你在与激烈交火时快速获取想要击倒的目标。\n镭射续航时长：6000小时。", "bm_wp_upg_fl_crimson": "CN-201 RAIL MASTER 镭射瞄具", "bm_wp_upg_fl_pis_laser": "CMR-201 RAIL MASTER 镭射瞄具", "bm_wp_upg_fl_pis_laser_desc": "这是一款适用于装有导轨的手枪、步枪和霰弹枪的功能强大且用途广泛的镭射瞄具。\n续航时长：4小时。", "bm_wp_upg_fl_pis_m3x": "Insight Technology M3X 战术照明装置", "bm_wp_upg_fl_pis_m3x_desc": "这款战术灯设计用于在十分险峻的环境下使用并保持正常运作。因此，它可以在66英尺深的水下保持正常运作，滴水不入。\n续航时长：1小时", "bm_wp_upg_fl_pis_tlr1": "Streamlight TLR-1 战术灯", "bm_wp_upg_fl_pis_tlr1_desc": "一款安装在战术轨道上的十分明亮，几乎坚不可摧的战术灯，可快速安装在几乎任何枪械上。\n续航时长：2.5小时。", "bm_wp_upg_fl_x400v": "神火 X400V IRc 战术灯 + 镭射瞄具", "bm_wp_upg_fl_x400v_desc": "这是一款用途十分广泛的双光谱灯，该设备同时内置了搭配夜视设备使用的 1 类IR镭射瞄具。\n续航时长：2.5小时。", "bm_wp_upg_g_m4_surgeon": "Surgeon CNC 铝制镂空手枪式握把", "bm_wp_upg_i_autofire": "全自动锁", "bm_wp_upg_i_singlefire": "半自动锁", "bm_wp_upg_m4_g_hgrip": "Hogue OverMolded 软橡胶手枪式握把", "bm_wp_upg_m4_g_mgrip": "马盖普 MOE-K 手枪式握把", "bm_wp_upg_m4_m_l5": "L5AWM", "bm_wp_upg_m4_m_quad": "神火 MAG5-60 弹匣", "bm_wp_upg_m4_s_crane": "NSWC Crane 枪托", "bm_wp_upg_m4_s_mk46": "定制化 NSWC Crane 枪托", "bm_wp_upg_m4_s_ubr": "定制化 马盖普 UBR 可伸缩型后托", "bm_wp_upg_ns_ass_filter": "滤油罐消音器", "bm_wp_upg_ns_ass_pbs1": "PBS-1 消音器", "bm_wp_upg_ns_ass_smg_firepig": "Noveske KX3 消焰器", "bm_wp_upg_ns_ass_smg_large": "大号通用消音器", "bm_wp_upg_ns_ass_smg_medium": "定制化 SAI M80 消音器", "bm_wp_upg_ns_ass_smg_small": "GEMTECH HALO 消音器", "bm_wp_upg_ns_ass_smg_stubby": "VFC Stinger 消焰器", "bm_wp_upg_ns_ass_smg_v6": "V6 Industries V6 制退器", "bm_wp_upg_ns_large_kac": "KAC Mk23 消音器", "bm_wp_upg_ns_meatgrinder": "WE Tech Tenderizer 补偿器", "bm_wp_upg_ns_medium_gem": "GEMTECH BLACKSIDE-45 消音器", "bm_wp_upg_ns_pis_jungle": "M1911A1 定制型迷彩消音器", "bm_wp_upg_ns_pis_large": "SilencerCo 鱼鹰 .45 消音器", "bm_wp_upg_ns_pis_medium_slim": "镀铬消音器", "bm_wp_upg_ns_pis_small": "Thompson Machine ‘波塞冬’消音器", "bm_wp_upg_ns_sho_salvo_large": "SilencerCo Salvo 12 消音器", "bm_wp_upg_ns_shot_shark": "Tromix Shark 制退破门器", "bm_wp_upg_ns_shot_thick": "Chigurh 消音器", "bm_wp_upg_ns_typhoon": "Tandemkross Game Changer 补偿器", "bm_wp_upg_o_acog": "Trijicon ACOG", "bm_wp_upg_o_aimpoint": "Aimpoint PRO 巡逻用步枪瞄具", "bm_wp_upg_o_ak_scopemount": "K-VAR KV-045 瞄具座", "bm_wp_upg_o_bmg": "Trijicon ACOG 6x48 BAC", "bm_wp_upg_o_box": "Pulsar Digisight LRF N960 N970 夜视瞄具 + 测距仪", "bm_wp_upg_o_cmore": "C-MORE Railway ARW", "bm_wp_upg_o_cs": "Aimpoint CS", "bm_wp_upg_o_docter": "DOCTER Sight II Plus", "bm_wp_upg_o_eotech": "EOTech M553", "bm_wp_upg_o_eotech_xps": "EOTech EXPS3", "bm_wp_upg_o_fc1": "PPT 1X FC1", "bm_wp_upg_o_leupold": "Leupold Mk 4 ER/T + BORS", "bm_wp_upg_o_m14_scopemount": "Mk14 机匣", "bm_wp_upg_o_mbus_rear": "MBUS 前后机瞄", "bm_wp_upg_o_poe": "PO 4X24 P Sight", "bm_wp_upg_o_reflex": "Sightmark Sure Shot", "bm_wp_upg_o_rikt": "Aimpoint Acro P-1", "bm_wp_upg_o_rmr": "Trijicon RM06 RMR", "bm_wp_upg_o_rms": "Shield RMSc", "bm_wp_upg_o_rx01": "Trijicon RX01 偏光型反射瞄具", "bm_wp_upg_o_rx30": "Trijicon RX30 反射型瞄具", "bm_wp_upg_o_sho_salvo_large": "SilencerCo Salvo 12 消音器", "bm_wp_upg_o_specter": "ELCAN “幽灵” DR 1x/4x", "bm_wp_upg_o_spot": "NcSTAR 先进双重光学瞄具（ADO）", "bm_wp_upg_o_t1micro": "Aimpoint Micro T-1（韦佛式导轨款）", "bm_wp_upg_o_tf90": "Tech Force TF90 红点瞄具", "bm_wp_upg_o_uh": "Vortex Razor AMG UH-1", "bm_wp_upg_shot_ns_king": "King Armory 12ga 破门器", "bm_wp_upg_smg_olympic_fg_lr300": "短护木", "bm_wp_uzi_b_suppressed": "改造款 SIONICS “死亡耳语” 消音器", "bm_wp_uzi_fg_rail": "FAB Defense 导轨 + KAC 握把", "bm_wp_uzi_s_solid": "原厂木制枪托", "bm_wp_vhs_b_short": "VHS-K2 枪管", "bm_wp_vhs_b_silenced": "内建消音器", "bm_wp_vhs_b_sniper": "长枪管", "bm_wp_vityaz_b_long": "16.25 英寸枪管", "bm_wp_vityaz_b_supressed": "Asura Dynamics PP19 消音器", "bm_wp_vityaz_s_short": "拆除枪托", "bm_wp_wa2000_b_long": "Gen 2 枪管", "bm_wp_wa2000_b_suppressed": "内建消音器", "bm_wp_wa2000_g_light": "轻量化护木 + 枪托", "bm_wp_wa2000_g_stealth": "黑色护木 + 枪托", "bm_wp_wa2000_g_walnut": "胡桃木制护木 + 枪托", "bm_wpn_fps_o_45rds": "Leupold DeltaPoint Pro", "bm_wpn_fps_upg_o_45rds_v2": "Aimpoint Micro T-2 斜置红点瞄具", "bm_wpn_fps_upg_o_sig": "西格绍尔 Juliet3 3x24毫米 放大镜", "bm_wpn_fps_upg_o_xpsg33_magnifier": "Aimpoint 3XMag 放大镜"}