{
    "bm_menu_barrel_ext": "Barrel Extension",
    "bm_menu_custom": "Internal Mod",
    "bm_menu_sight": "Optic",
    "bm_wp_1911_b_long": "Springfield Armory V-16 Vented Long Slide",
    "bm_wp_1911_b_vented": "Springfield Armory V-12 Vented Slide",
    "bm_wp_1911_g_bling": "Wooden Grip",
    "bm_wp_1911_g_engraved": "Engraved Grip",
    "bm_wp_1911_g_ergo": "American Legend Pachmayr Grip",
    "bm_wp_1911_m_big": "ProMag 22rnd Magazine",
    "bm_wp_2006m_b_long": "6 Inch Barrel",
    "bm_wp_2006m_b_medium": "4 Inch Barrel",
    "bm_wp_2006m_b_short": "3 Inch Barrel",
    "bm_wp_2006m_g_bling": "Synthetic Grip",
    "bm_wp_aa12_barrel_long": "Regular AA-12 Barrel",
    "bm_wp_aa12_barrel_silenced": "Integral Suppressor",
    "bm_wp_ak5_b_short": "Bofors AK 5C Barrel",
    "bm_wp_ak5_fg_ak5c": "Bofors AK 5C Foregrip",
    "bm_wp_ak5_fg_fnc": "FN FNC Foregrip",
    "bm_wp_ak5_s_ak5b": "FFV AK 5B Stock",
    "bm_wp_ak5_s_ak5c": "Bofors AK 5C Stock",
    "bm_wp_ak_fg_combo2": "Ultimak AK Optic Mount",
    "bm_wp_ak_fg_combo3": "Ultimak AK Modular Rail Forend System",
    "bm_wp_ak_m_quick": "Original Magpul AK Retrofit",
    "bm_wp_ak_s_folding": "Folding AK Stock",
    "bm_wp_ak_s_psl": "PSL Stock",
    "bm_wp_ak_s_skfoldable": "AKS-74 Stock",
    "bm_wp_akmsu_fg_rail": "Generic Railed Handguard",
    "bm_wp_ass_s552_b_long": "SIG SG 552 LB Kit",
    "bm_wp_ass_s552_fg_railed": "SIG SG 553 Railed Handguard",
    "bm_wp_ass_s552_fg_standard_green": "OD Green Handguard",
    "bm_wp_ass_s552_g_standard_green": "OD Green Grip",
    "bm_wp_ass_s552_s_standard_green": "OD Green Stock",
    "bm_wp_asval_b_proto": "SR-3M Barrel",
    "bm_wp_asval_s_solid": "VSS Vintorez Stock",
    "bm_wp_aug_b_long": "AUG HBAR Barrel",
    "bm_wp_aug_b_short": "AUG Carbine 16 Inch Barrel",
    "bm_wp_aug_body_f90": "Thales EF88/F90 Receiver",
    "bm_wp_aug_fg_a3": "AUG A3 Foregrip",
    "bm_wp_b682_s_ammopouch": "Shell Carrier",
    "bm_wp_b682_s_short": "Sawed-Off Stock",
    "bm_wp_baka_b_comp": "Compensated Barrel",
    "bm_wp_basset_fg_short": "Shortened Barrel and Rail",
    "bm_wp_basset_m_extended": "SGM Tactical SAIGA Shotgun 12 Round Magazine",
    "bm_wp_beer_b_robo": "RoboCop Barrel",
    "bm_wp_beer_g_lux": "Wooden Grip",
    "bm_wp_beer_g_robo": "RoboCop Grip",
    "bm_wp_beer_m_extended": "Extended Magazine",
    "bm_wp_beer_s_std": "Wire-frame Stock",
    "bm_wp_ben_b_short": "M4 NFA Barrel",
    "bm_wp_ben_fg_standard": "M4 Tactical Stock",
    "bm_wp_beretta_co_co1": "LA.RI.A AL-GI-MEC Compensator",
    "bm_wp_beretta_g_engraved": "Engraved Grip",
    "bm_wp_beretta_g_ergo": "Wooden Grip",
    "bm_wp_beretta_sl_brigadier": "Brigadier 92FS Slide",
    "bm_wp_breech_b_reinforced": "Sports Parabellum Mauser Barrel",
    "bm_wp_c96_b_long": "Carbine Barrel",
    "bm_wp_c96_m_extended": "M72 Schnellfeuer Magazine",
    "bm_wp_c96_nozzle": "DL-44 Flash Hider",
    "bm_wp_c96_sight": "DL-44 Scope",
    "bm_wp_chinchilla_b_satan": "Custom Kokusai Devil Barrel",
    "bm_wp_chinchilla_g_black": "Synthetic Grip",
    "bm_wp_ching_b_short": "T26 Carbine barrel",
    "bm_wp_ching_fg_railed": "Fulton Armory Scout Rail, Gen III",
    "bm_wp_ching_s_pouch": "Olongapo Outfitters Garand Stock Pouch",
    "bm_wp_coach_s_short": "Sawed-Off Stock",
    "bm_wp_cobray_ns_barrelext": "Barrel Shroud",
    "bm_wp_cobray_ns_silencer": "SIONICS \"Whispering Death\"",
    "bm_wp_czech_b_long": "Barrel Extension",
    "bm_wp_czech_g_luxury": "Wooden Grip",
    "bm_wp_czech_g_sport": "Custom Grip",
    "bm_wp_czech_m_extended": "Extended Magazine",
    "bm_wp_czech_s_standard": "Wire-frame Stock",
    "bm_wp_deagle_b_long": "10 Inch Barrel",
    "bm_wp_deagle_b_modern": "Ported Barrel",
    "bm_wp_deagle_co_long": "Boondock Compensator",
    "bm_wp_deagle_co_short": "Magnum Research DE50MB Compensator",
    "bm_wp_deagle_g_bling": "Ivory Grip",
    "bm_wp_desertfox_b_long": "Early Quad-Rail Handguard",
    "bm_wp_desertfox_b_silenced": "DTSS .338 Suppressor",
    "bm_wp_erma_s_folded": "Folded Stock",
    "bm_wp_fal_body_standard": "SA58 OSW Foregrip",
    "bm_wp_fal_fg_03": "IMI Romat Foregrip",
    "bm_wp_fal_fg_04": "Imbel Custom Sniper Foregrip",
    "bm_wp_fal_g_01": "SA58 OSW Grip",
    "bm_wp_fal_m_01": "STANAG 40rnd Magazine",
    "bm_wp_fal_s_01": "SA58 OSW Stock",
    "bm_wp_fal_s_03": "Magpul PRS2 Precision-Adjustable Stock",
    "bm_wp_famas_b_long": "G2 Civilian Barrel",
    "bm_wp_famas_b_short": "G2 Commando Barrel",
    "bm_wp_famas_b_sniper": "G2 Sniper Barrel",
    "bm_wp_famas_b_suppressed": "Integrally Suppressed Barrel",
    "bm_wp_famas_g_retro": "G2 Grip",
    "bm_wp_fps_upg_o_45iron": "XTI Angle Mount Sight",
    "bm_wp_g18c_g_ergo": "Hogue Handall Half-Size Universal Grip Sleeve",
    "bm_wp_g18c_s_stock": "FAB Defense GLR-440",
    "bm_wp_g22c_b_long": "Glock 35 Slide",
    "bm_wp_g26_b_custom": "Salient Arms Tier 1 Barrel",
    "bm_wp_g26_body_salient": "Salient Arms Tier 1 Frame",
    "bm_wp_g26_m_custom": "Salient Arms Tier 1 Magazine",
    "bm_wp_g36_fg_c": "G36C Foregrip",
    "bm_wp_g36_fg_ksk": "Knight Armaments G36 RAS Foregrip",
    "bm_wp_g36_fg_long": "G36E Foregrip",
    "bm_wp_g36_m_quick": "G36 Magpul Magazine",
    "bm_wp_g36_o_vintage": "ZF 3x4°",
    "bm_wp_g36_s_kv": "Folding HK Stock",
    "bm_wp_g36_s_sl8": "SR8 Stock",
    "bm_wp_g3_b_sniper": "G3SG/1 Kit",
    "bm_wp_g3_fg_psg": "MSG90 Foregrip",
    "bm_wp_g3_fg_railed": "Railed Foregrip",
    "bm_wp_g3_fg_retro": "CETME Foregrip",
    "bm_wp_g3_fg_retro_plastic": "AK 4 Retrofit Handguard",
    "bm_wp_g3_g_sniper": "PSG1 Grip",
    "bm_wp_g3_s_sniper": "PSG1 Stock",
    "bm_wp_g3_s_wood": "CETME Stock",
    "bm_wp_galil_fg_fab": "FAB Defense VFR-GA Rail System",
    "bm_wp_galil_fg_mar": "Galil MAR Foregrip",
    "bm_wp_galil_fg_sar": "Galil SAR Foregrip",
    "bm_wp_galil_fg_sniper": "Galil 7.62 Foregrip",
    "bm_wp_galil_s_fab": "Micro Galil Custom FAB Defense Stock",
    "bm_wp_galil_s_plastic": "Original IMI Stock",
    "bm_wp_galil_s_skeletal": "Galil MAR Stock",
    "bm_wp_galil_s_sniper": "Galil Galatz Sniper Stock",
    "bm_wp_groza_b_suppressed": "Custom Suppressor",
    "bm_wp_groza_m_speed": "Speedpul Magazine",
    "bm_wp_hajk_b_medium": "Standard Barrel",
    "bm_wp_hajk_b_short": "CZ 805 BREN A2 Barrel",
    "bm_wp_hk21_b_long": "HK23E Barrel",
    "bm_wp_hk21_fg_short": "Short Handguard",
    "bm_wp_holt_g_bling": "Custom Grip",
    "bm_wp_holt_g_ergo": "Ergonomic Grip",
    "bm_wp_holt_m_extended": "Extended Magazine",
    "bm_wp_hs2000_sl_custom": "XD-9 V10 4 Inch Barrel",
    "bm_wp_hs2000_sl_long": "XDM 5.25 Stainless Slide",
    "bm_wp_ksg_b_short": "KSG-12 Tactical Barrel",
    "bm_wp_l85a2_b_long": "L86A1 Barrel",
    "bm_wp_l85a2_b_short": "L22 Prototype Barrel",
    "bm_wp_l85a2_fg_short": "Daniel Defense Railed Foregrip",
    "bm_wp_l85a2_g_worn": "Worn Grip",
    "bm_wp_l85a2_m_emag": "Magpul EMAG",
    "bm_wp_m134_barrel_extreme": "GAU-17/A Barrel",
    "bm_wp_m134_barrel_short": "Cut-Down Barrel",
    "bm_wp_m134_body_upper_light": "Low Power Battery",
    "bm_wp_m14_body_ebr": "M1A SOPMOD Chassis",
    "bm_wp_m14_body_jae": "JAE-100 G3 Chassis Custom",
    "bm_wp_m14_body_ruger": "Ruger AC556 Chassis",
    "bm_wp_m16_fg_railed": "Daniel Defense AR15 Lite Rail III Custom",
    "bm_wp_m16_fg_vietnam": "M16A1 Foregrip",
    "bm_wp_m1897_b_long": "Field Gun Barrel",
    "bm_wp_m1897_b_short": "Heat Shield",
    "bm_wp_m1897_s_short": "Sawed-Off Stock",
    "bm_wp_m1911_m_extended": "Extended Magazine",
    "bm_wp_m1911_sl_hardballer": "Tussey Custom Caspian Arms 1911 Long Slide",
    "bm_wp_m1911_sl_match": "Match Slide with Bomar Rib Sight",
    "bm_wp_m1928_b_long": "M1927 Auto-Ordnance Barrel",
    "bm_wp_m1928_fg_discrete": "Synthetic Foregrip",
    "bm_wp_m1928_g_discrete": "Synthetic Grip",
    "bm_wp_m1928_s_discrete": "Synthetic Stock",
    "bm_wp_m249_b_long": "M249-E2 SAW Barrel",
    "bm_wp_m249_fg_mk46": "MK46 Mod 0 Foregrip",
    "bm_wp_m249_s_solid": "M249-E2 SAW Stock",
    "bm_wp_m32_barrel_short": "Milkor Mark 14 Barrel",
    "bm_wp_m37_b_short": "Stakeout Barrel",
    "bm_wp_m37_s_short": "Sawed-Off Stock",
    "bm_wp_m4_g_ergo": "Command Arms UPG16 Grip",
    "bm_wp_m4_g_sniper": "H&K PSG1 Style Grip",
    "bm_wp_m4_m_pmag": "Magpul PMAG",
    "bm_wp_m4_m_quick": "Original Magpul 5.56 NATO",
    "bm_wp_m4_m_straight": "M16 20 Round Mag",
    "bm_wp_m4_s_pts": "Magpul PTS Stock",
    "bm_wp_m4_s_standard": "Bushmaster LE Stock",
    "bm_wp_m4_upg_ass_m4_b_beowolf": ".50 Beowulf Conversion Kit",
    "bm_wp_m4_upper_reciever_edge": "VLTOR MUR-1A Upper Receiver",
    "bm_wp_m4_uupg_b_medium": "Mk 18 Mod 0 Barrel",
    "bm_wp_m4_uupg_b_sd": "AAC Honey Badger Barrel",
    "bm_wp_m4_uupg_b_short": "LR 300 Barrel",
    "bm_wp_m4_uupg_fg_lr300": "Z-M LR 300ML Foregrip",
    "bm_wp_m4_uupg_m_std": "STANAG 38rnd Mag",
    "bm_wp_m4_uupg_s_fold": "LR300 Folding Stock",
    "bm_wp_m590_b_long": "Extended Barrel and Magazine Tube",
    "bm_wp_m590_body_rail": "Black Aces Tactical Picatinny Quad Rail",
    "bm_wp_m60_b_short": "M60-E3 Barrel",
    "bm_wp_m60_fg_tactical": "Mk 43 Mod 0/1 Handguard",
    "bm_wp_m60_fg_tropical": "M60 Handguard with Tropic Camouflage",
    "bm_wp_m95_b_barrel_long": "Accuracy International AW50F Barrel",
    "bm_wp_m95_b_barrel_suppressed": "QDL Suppressor + Camo Shroud",
    "bm_wp_mac10_body_ris": "G&P CQB Tactical Rail Kit Retrofit",
    "bm_wp_mac10_m_extended": "32rnd Magazine",
    "bm_wp_mac10_m_quick": "32rnd Magpul Magazine",
    "bm_wp_mg42_b_mg34": "MG 34 Barrel",
    "bm_wp_mg42_b_vg38": "DLT-19 Heavy Blaster Rifle Barrel",
    "bm_wp_model3_b_long": "Modified 8-Inch Barrel",
    "bm_wp_model3_b_short": "3-Inch Barrel",
    "bm_wp_model3_g_bling": "Ivory Grip",
    "bm_wp_mosin_b_long": "M1907's M91/30 Barrel",
    "bm_wp_mosin_b_short": "M1907 M38 Carbine Barrel",
    "bm_wp_mosin_b_sniper": "Bramit Suppressor",
    "bm_wp_mosin_body_conceal": "Synthetic Stock",
    "bm_wp_mosin_ns_bayonet": "Mosin Nagant Bayonet",
    "bm_wp_mosin_ns_bayonet_desc": "The Mosin Nagant bayonet is a spike bayonet, meaning unlike a knife-style bayonet, it is unable to be wielded by hand.\nMeasures 19 1/2 inches.",
    "bm_wp_mp5_fg_flash": "Handguard with G&P CREE LED Flashlight",
    "bm_wp_mp5_fg_flash_desc": "This tactical handguard is a direct replacement of the MP5 handguard.",
    "bm_wp_mp5_fg_m5k": "MP5K-N Barrel",
    "bm_wp_mp5_fg_mp5a5": "Picatiny Tri-Rail Handguard",
    "bm_wp_mp5_fg_mp5sd": "MP5SD5 Barrel",
    "bm_wp_mp5_m_straight": "MP5/10 Magazine",
    "bm_wp_mp5_s_adjust": "MP5A3 Stock",
    "bm_wp_mp5_s_folding": "MP5K PDW Stock",
    "bm_wp_mp5_s_ring": "MP5K Stock",
    "bm_wp_mp7_b_suppressed": "H&K MP7 QD Suppressor",
    "bm_wp_mp9_b_suppressed": "MP9 QD Suppressor",
    "bm_wp_mp9_m_extended": "30rnd Magazine",
    "bm_wp_mp9_s_skel": "Steyr TMP Stock Retrofit",
    "bm_wp_ns_battle": "BattleComp 2.0 Melonite",
    "bm_wp_ns_duck": "Paradigm SRP Gator Shotgun Spreader",
    "bm_wp_olympic_fg_railed": "K23B Tactical Handguard",
    "bm_wp_olympic_s_short": "K23P Stock",
    "bm_wp_p14_b_comp": "Ported Barrel Extension",
    "bm_wp_p226_b_equinox": "P226 Equinox Slide",
    "bm_wp_p226_b_long": "P226 X-Six Slide",
    "bm_wp_p226_g_ergo": "Hogue MONOGRIP P226",
    "bm_wp_p90_b_civilian": "Moerse Lekker Sales Barrel Shroud",
    "bm_wp_p90_b_long": "PS90 Civilian Issue Barrel",
    "bm_wp_p90_b_ninja": "Custom Japanese Suppressor",
    "bm_wp_p90_m_strap": "P90 Magpul Magazine",
    "bm_wp_peacemaker_barrel_long": "Colt Buntline Special Barrel",
    "bm_wp_peacemaker_barrel_short": "Colt SAA artillery 5.5 Inch Barrel",
    "bm_wp_peacemaker_rifle_stock": "Skeletal Stock",
    "bm_wp_pis_deagle_extra": "Railed Scope Mount",
    "bm_wp_pis_g_beavertail": "Cytec Beavertail Grip",
    "bm_wp_pis_g_laser": "Crimson Trace Glock Laser Grip",
    "bm_wp_pis_ppk_b_long": "Stainless Walther PP Slide",
    "bm_wp_pis_ppk_g_laser": "Crimson Trace LG-480 Laser Grip",
    "bm_wp_pis_s_stock": "FAB Defense GLR-440",
    "bm_wp_pis_usp_b_match": "Stainless Slide with Match Compensator",
    "bm_wp_pis_usp_m_big": "25rnd Magazine",
    "bm_wp_pis_usp_m_extended": "21rnd Magazine",
    "bm_wp_pm9_b_short": "No Flame Arrester",
    "bm_wp_pm9_g_wood": "Wooden Grip",
    "bm_wp_pm9_m_quick": "Speedpul Magazine",
    "bm_wp_pm9_s_tactical": "Custom Stock",
    "bm_wp_polymer_barrel_precision": "CRB Barrel Shroud",
    "bm_wp_polymer_ns_silencer": "Defiance HPS 4GSK",
    "bm_wp_qbu88_b_long": "Long Barrel",
    "bm_wp_qbu88_b_short": "Short Barrel",
    "bm_wp_qbu88_m_extended": "Extended Magazine",
    "bm_wp_qbu88_o_standard": "QBU-88 Iron Sights",
    "bm_wp_r700_b_medium": "16.5 Inch Barrel with Integral Suppressor",
    "bm_wp_r700_b_short": "16.5 Inch Barrel",
    "bm_wp_r700_s_military": "Magpul Hunter 700 Stock",
    "bm_wp_r870_fg_wood": "Wooden Pump",
    "bm_wp_r870_m_extended": "Extended Magazine Tube",
    "bm_wp_r870_s_folding": "Folding Stock",
    "bm_wp_r870_s_nostock_big": "Scope Mount",
    "bm_wp_r870_s_solid_big": "Standard Stock with Scope Mount",
    "bm_wp_r93_b_suppressed": ".338 Lapua Suppressor",
    "bm_wp_r93_body_wood": "Blaser R93 Semi Weight Sporting Chassis",
    "bm_wp_rage_b_long": "444SS8 Barrel",
    "bm_wp_rage_b_short": "444 Multi-S/S Barrel",
    "bm_wp_rota_b_silenced": "Integral Suppressor",
    "bm_wp_rpk_s_standard": "RPK-74M Stock",
    "bm_wp_saiga_fg_holy": "Fuglystick Rail System, 'Cobra' Pattern",
    "bm_wp_saiga_fg_lowerrail": "Ultimak AK-47 Multi-Rail Forend Custom Retrofit",
    "bm_wp_sbl_b_long": "Long Barrel with Muzzle Brake",
    "bm_wp_sbl_b_short": "Custom Handguard with Supressor",
    "bm_wp_sbl_o_standard": "Iron Sights",
    "bm_wp_sbl_s_saddle": "Shell Rack with Leather Cheek Rest",
    "bm_wp_scar_b_long": "Mk17 LB Kit",
    "bm_wp_scar_b_short": "Mk17 CQC Kit",
    "bm_wp_scar_fg_railext": "Primary Weapon Systems SRX Rail Extension",
    "bm_wp_scar_s_sniper": "FN SSR Stock",
    "bm_wp_scar_scar_fg_railext": "PWS SRX Rail Extension",
    "bm_wp_schakal_b_civil": "USC Barrel",
    "bm_wp_schakal_ns_silencer": "GemTech UMP-45 Suppressor",
    "bm_wp_schakal_s_civil": "USC Stock",
    "bm_wp_schakal_vg_surefire": "Surefire M900 Foregrip",
    "bm_wp_scorpion_b_suppressed": ".32 ACP Suppressor",
    "bm_wp_scorpion_g_wood": "Original Wooden Grip",
    "bm_wp_scorpion_m_extended": "Quick-Swap Magazine",
    "bm_wp_serbu_s_nostock_short": "Scope Mount",
    "bm_wp_serbu_s_solid_short": "Standard Stock with Scope Mount",
    "bm_wp_shepheard_body_short": "MPX-K Handguard",
    "bm_wp_shepheard_s_no": "MPX-K Stock",
    "bm_wp_shorty_m_extended_short": "Extended Magazine Tube",
    "bm_wp_shrew_g_bling": "Engraved Grip",
    "bm_wp_shrew_g_ergo": "Hogue Officer M1911 Rubber Finger Grip",
    "bm_wp_siltstone_b_silenced": "7.62x54mm Suppressor",
    "bm_wp_siltstone_fg_polymer": "SVD Tiger Handguard",
    "bm_wp_siltstone_ns_variation_b": "Custom Compensator",
    "bm_wp_siltstone_s_polymer": "SVD Tiger Stock",
    "bm_wp_smg_m45_b_green": "M/45B Swedish Green Barrel",
    "bm_wp_smg_m45_b_small": "Short Barrel",
    "bm_wp_smg_m45_body_green": "M/45B Swedish Green Finish",
    "bm_wp_smg_m45_g_bling": "Ivory Grip",
    "bm_wp_smg_m45_g_ergo": "Black Grip",
    "bm_wp_snp_msr_ns_suppressor": "TiTAN-QD .338 AAC Suppressor",
    "bm_wp_sparrow_body_941": "Jericho 941 F Kit",
    "bm_wp_sparrow_g_cowboy": "Jericho 941 R Frame",
    "bm_wp_spas12_b_long": "Extended Magazine Tube",
    "bm_wp_spas12_s_solid": "Fixed Stock",
    "bm_wp_sr2_m_quick": "Original Magpul 9mm Veresk Retrofit",
    "bm_wp_sr2_ns_silencer": "9x39mm Suppressor",
    "bm_wp_stech_b_long": "Barrel Extension",
    "bm_wp_stech_g_luxury": "Custom Wooden Grip",
    "bm_wp_stech_g_tactical": "Custom Rubber Grip",
    "bm_wp_stech_m_extended": "Extended Magazine",
    "bm_wp_stech_s_standard": "Wooden Stock",
    "bm_wp_sterling_b_e11": "E-11 Blaster Rifle Barrel",
    "bm_wp_sterling_b_long": "Barrel Extension",
    "bm_wp_sterling_b_short": "Sterling Mk 7 \"Para-Pistol\" Barrel",
    "bm_wp_sterling_b_suppressed": "Sterling L34A1 Barrel",
    "bm_wp_sterling_m_short": "E-11 Blaster Rifle Magazine",
    "bm_wp_sterling_s_folded": "E-11 Blaster Rifle Stock",
    "bm_wp_sub2000_fg_gen2": "Gen 2 Kit",
    "bm_wp_sub2000_fg_railed": "Red Lion Precision Gen I SUB-2000 Foregrip",
    "bm_wp_sub2000_fg_suppressed": "GemTech MK-9K Suppressor",
    "bm_wp_tec9_b_standard": "AB-10 Barrel",
    "bm_wp_tec9_ns_ext": "Barrel Extension",
    "bm_wp_tec9_s_unfolded": "Unfolded Stock",
    "bm_wp_tecci_b_long": "LMG Barrel",
    "bm_wp_tti_g_grippy": "Hogue OverMolded Pistol Grip",
    "bm_wp_tti_ns_hex": "5.56x45mm Suppressor",
    "bm_wp_tti_s_vltor": "VLTOR EMOD Stock",
    "bm_wp_upg_a_dragons_breath_desc": "Dragon's breath is a special type of incendiary-effect round for a 12 gauge shotgun. Dragon's breath consists primarily of magnesium pellets. When the round is fired, sparks and flames can shoot out to about 100 feet.",
    "bm_wp_upg_a_piercing_desc": "A flechette is a pointed steel projectile, with a vaned tail for stable flight. The name comes from French fléchette, \"little arrow\" or \"dart\".",
    "bm_wp_upg_a_slug2_desc": "A shotgun slug is a heavy projectile made of lead, copper, or other material and fired from a shotgun.\nA shotgun slug is typically more massive than a rifle bullet.",
    "bm_wp_upg_a_slug_desc": "A shotgun slug is a heavy projectile made of lead, copper, or other material and fired from a shotgun.\nA shotgun slug is typically more massive than a rifle bullet.",
    "bm_wp_upg_ak_b_ak105": "AK-105 Barrel",
    "bm_wp_upg_ak_b_draco": "Romanian AIMR Barrel",
    "bm_wp_upg_ak_fg_krebs": "Krebs UFM Keymod System Handguard",
    "bm_wp_upg_ak_fg_tapco": "Tapco Intrafuse Handguard",
    "bm_wp_upg_ak_fg_trax": "Strike Industries TRAX Handguard",
    "bm_wp_upg_ak_fg_zenit": "RIS Handguard",
    "bm_wp_upg_ak_g_hgrip": "Hogue OverMolded AK Pistol Grip",
    "bm_wp_upg_ak_g_pgrip": "US PALM Enhanced Pistol Grip",
    "bm_wp_upg_ak_g_rk3": "ZenitCo PK-3 Pistol Grip",
    "bm_wp_upg_ak_g_wgrip": "Wooden Grip",
    "bm_wp_upg_ak_m_quad": "Concern Kalashnikov 60rnd Mag",
    "bm_wp_upg_ak_m_uspalm": "US PALM AK30 30rnd Mag",
    "bm_wp_upg_ak_s_solidstock": "AK-74 Stock",
    "bm_wp_upg_ass_ak_b_zastava": "Zastava M76 Barrel",
    "bm_wp_upg_ass_m16_fg_stag": "Diamondhead VRS-T Custom",
    "bm_wp_upg_ass_m4_fg_lvoa": "War Sport LVOA Foregrip Custom",
    "bm_wp_upg_ass_m4_fg_moe": "Magpul MOE SL Handguard",
    "bm_wp_upg_ass_m4_lower_reciever_core": "CORE15 Lower Receiver",
    "bm_wp_upg_ass_m4_upper_reciever_ballos": "2A-Arms BALIOS-Lite Upper Receiver",
    "bm_wp_upg_ass_m4_upper_reciever_core": "CORE15 Upper Receiver",
    "bm_wp_upg_ass_ns_jprifles": "JP Standard-Profile Compensator",
    "bm_wp_upg_ass_ns_linear": "KIES Blast Master Linear Compensator",
    "bm_wp_upg_ass_ns_surefire": "SureFire MB556K Muzzle Brake",
    "bm_wp_upg_fg_jp": "JPHG3-1M Carbon Fibre Custom Foregrip",
    "bm_wp_upg_fg_midwest": "Midwest Industries Quad Rail",
    "bm_wp_upg_fg_smr": "Geissele SMR MKIII Foregrip",
    "bm_wp_upg_fl_ass_laser": "Offset Laser Mount & Sight",
    "bm_wp_upg_fl_ass_peq15": "Insight Technology AN/PEQ-15",
    "bm_wp_upg_fl_ass_peq15_desc": "This is a lightweight, rugged, simple to use aiming system designed for use with or without a night vision device.\nRun Time: More than 6 hours.",
    "bm_wp_upg_fl_ass_smg_sho_peqbox": "Insight Technology AN/PEQ-5",
    "bm_wp_upg_fl_ass_smg_sho_peqbox_desc": "The sight is mil-spec and projects a visible red dot. The unit is a civilian version of the larger AN-PEQ-2, which is only available for use by the U.S. Military.",
    "bm_wp_upg_fl_ass_smg_sho_surefire": "Surefire Scout Light",
    "bm_wp_upg_fl_ass_utg": "LT-ELP38 Laser/Light Combo",
    "bm_wp_upg_fl_ass_utg_desc": "This is the perfect accessory for gaining the tactical advantage. The flashlight can be used to quickly identify your target while minimizing your exposure at night. The laser allows you to quickly acquire your target making it easier to put your bullets on target in the heat of battle.\nLaser Lifetime: 6000 hours.",
    "bm_wp_upg_fl_crimson": "CN-201 RAIL MASTER Laser Sight",
    "bm_wp_upg_fl_pis_laser": "CMR-201 RAIL MASTER Laser Sight",
    "bm_wp_upg_fl_pis_laser_desc": "This is a powerful and versatile laser sight designed to fit rail-equipped pistols, rifles and shotguns.\nRun Time: 4 hours.",
    "bm_wp_upg_fl_pis_m3x": "Insight Technology M3X Tactical Illuminator",
    "bm_wp_upg_fl_pis_m3x_desc": "This light was built to perform under the most rigorous conditions and survive the harshest environments. Because of this, it can go as deep as 66ft. and still remain waterproof.\nRun Time: 1 hour",
    "bm_wp_upg_fl_pis_tlr1": "Streamlight TLR-1",
    "bm_wp_upg_fl_pis_tlr1_desc": "Intensely bright, virtually indestructible rail-mounted tactical light, attaches to almost any gun in seconds.\nRun Time: 2.5 hours.",
    "bm_wp_upg_fl_x400v": "SureFire X400V IRc Light and Laser Sight",
    "bm_wp_upg_fl_x400v_desc": "This is an highly versatile dual-spectrum light that also boasts an integral Class 1 infrared-laser sight for use with night vision devices.\nRun Time: 2.5 hours.",
    "bm_wp_upg_g_m4_surgeon": "Surgeon CNC Aluminum Skeletonized Grip",
    "bm_wp_upg_i_autofire": "Full-Auto Lock",
    "bm_wp_upg_i_singlefire": "Single-Fire Lock",
    "bm_wp_upg_m4_g_hgrip": "Hogue OverMolded Soft Rubber Grip",
    "bm_wp_upg_m4_g_mgrip": "Magpul MOE-K Grip",
    "bm_wp_upg_m4_m_l5": "L5AWM",
    "bm_wp_upg_m4_m_quad": "SureFire MAG5-60",
    "bm_wp_upg_m4_s_crane": "NSWC Crane Stock",
    "bm_wp_upg_m4_s_mk46": "NSWC Crane Stock Custom",
    "bm_wp_upg_m4_s_ubr": "Magpul UBR Collapsible Buttstock Custom",
    "bm_wp_upg_ns_ass_filter": "Oil Filter Suppressor",
    "bm_wp_upg_ns_ass_pbs1": "PBS-1 Sound Suppressor",
    "bm_wp_upg_ns_ass_smg_firepig": "Noveske KX3 Flash Suppressor",
    "bm_wp_upg_ns_ass_smg_large": "Generic Big Suppressor",
    "bm_wp_upg_ns_ass_smg_medium": "SAI M80 Supressor Custom",
    "bm_wp_upg_ns_ass_smg_small": "GEMTECH HALO Suppressor",
    "bm_wp_upg_ns_ass_smg_stubby": "VFC Stinger Flash Hider",
    "bm_wp_upg_ns_ass_smg_v6": "V6 Industries V6",
    "bm_wp_upg_ns_large_kac": "Knight's Armament Mk23 Suppressor",
    "bm_wp_upg_ns_meatgrinder": "WE Tech Tenderizer Compensator",
    "bm_wp_upg_ns_medium_gem": "GEMTECH BLACKSIDE-45 Suppressor",
    "bm_wp_upg_ns_pis_jungle": "M1911A1 Custom Camouflaged Supressor",
    "bm_wp_upg_ns_pis_large": "SilencerCo Osprey .45 Suppressor",
    "bm_wp_upg_ns_pis_medium_slim": "Chromed Suppressor",
    "bm_wp_upg_ns_pis_small": "Thompson Machine Poseidon Suppressor",
    "bm_wp_upg_ns_sho_salvo_large": "SilencerCo Salvo 12 Suppressor",
    "bm_wp_upg_ns_shot_shark": "Tromix Shark Brake Door Breacher",
    "bm_wp_upg_ns_shot_thick": "Chigurh Suppressor",
    "bm_wp_upg_ns_typhoon": "Tandemkross Game Changer Compensator",
    "bm_wp_upg_o_acog": "Trijicon ACOG",
    "bm_wp_upg_o_aimpoint": "Aimpoint PRO Patrol Rifle Optic",
    "bm_wp_upg_o_ak_scopemount": "K-VAR KV-045 Optic Mount",
    "bm_wp_upg_o_bmg": "Trijicon ACOG 6x48 BAC",
    "bm_wp_upg_o_box": "Pulsar Digisight LRF N960 N970 Night Vision Scope with Rangefinder",
    "bm_wp_upg_o_cmore": "C-MORE Railway ARW",
    "bm_wp_upg_o_cs": "Aimpoint CS",
    "bm_wp_upg_o_docter": "DOCTER Sight II Plus",
    "bm_wp_upg_o_eotech": "EOTech Model 553",
    "bm_wp_upg_o_eotech_xps": "EOTech Model EXPS3",
    "bm_wp_upg_o_fc1": "PPT 1X FC1",
    "bm_wp_upg_o_leupold": "Leupold Mk 4 ER/T + BORS",
    "bm_wp_upg_o_m14_scopemount": "Mk14 Chassis",
    "bm_wp_upg_o_mbus_rear": "MBUS Front and Rear Sights",
    "bm_wp_upg_o_reflex": "Sightmark Sure Shot",
    "bm_wp_upg_o_rikt": "Aimpoint Acro P-1",
    "bm_wp_upg_o_rmr": "Trijicon RM06 RMR Sight",
    "bm_wp_upg_o_rms": "Shield RMSc",
    "bm_wp_upg_o_rx01": "Trijicon RX01 Polarized Reflex Sight",
    "bm_wp_upg_o_rx30": "Trijicon RX30 Reflex Sight",
    "bm_wp_upg_o_sho_salvo_large": "SilencerCo Salvo 12 Suppressor",
    "bm_wp_upg_o_specter": "ELCAN Specter DR 1x/4x",
    "bm_wp_upg_o_spot": "NcSTAR Advanced Dual Optic Sight",
    "bm_wp_upg_o_t1micro": "Aimpoint Weaver-Mounted Micro T-1",
    "bm_wp_upg_o_tf90": "Tech Force TF90 Sight",
    "bm_wp_upg_o_uh": "Vortex Razor AMG UH-1",
    "bm_wp_upg_shot_ns_king": "King Armory 12ga Breacher",
    "bm_wp_upg_smg_olympic_fg_lr300": "Aftermarket Short Handguard",
    "bm_wp_uzi_b_suppressed": "SIONICS \"Whispering Death\" Retrofit Custom",
    "bm_wp_uzi_fg_rail": "FAB Defense Rail with KAC Grip",
    "bm_wp_uzi_s_solid": "Original Wooden Buttstock",
    "bm_wp_vhs_b_short": "VHS-K2 Barrel",
    "bm_wp_vhs_b_silenced": "Integral Suppressor",
    "bm_wp_vhs_b_sniper": "Long Barrel",
    "bm_wp_vityaz_b_long": "16.25\" Barrel",
    "bm_wp_vityaz_b_supressed": "Asura Dynamics PP19 Silencer",
    "bm_wp_vityaz_s_short": "No Stock",
    "bm_wp_wa2000_b_long": "Gen 2 Barrel",
    "bm_wp_wa2000_b_suppressed": "Integral Suppressor",
    "bm_wp_wa2000_g_light": "Lightweight Furniture",
    "bm_wp_wa2000_g_stealth": "Black Furniture",
    "bm_wp_wa2000_g_walnut": "Walnut Furniture",
    "bm_wpn_fps_o_45rds": "Leupold DeltaPoint Pro",
    "bm_wpn_fps_upg_o_45rds_v2": "Aimpoint Micro T-2 Angled Sight",
    "bm_wpn_fps_upg_o_sig": "Sig Sauer Juliet3 3x24mm Magnifier",
    "bm_wpn_fps_upg_o_xpsg33_magnifier": "Aimpoint 3XMag Magnifier"
}