{
	"bm_w_akm_gold"   : "Золотой АКМ",
	"bm_w_amcar"      : "Кольт, модель 733",
	"bm_w_ak74"       : "AK-74",
	"bm_w_m4"         : "Винтовка М4А1",
	"bm_w_aug"        : "Винтовка AUG A2",
	"bm_w_akm"        : "АКМ",
	"bm_w_g36"        : "Винтовка G36",
	"bm_w_m14"        : "Винтовка М14",
	"bm_w_ak5"        : "Винтовка АК 5",
	"bm_w_m16"        : "Винтовка M16A4",
	"bm_w_s552"       : "Винтовка SG 552-2",
	"bm_w_scar"       : "Винтовка SCAR-H STD",
	"bm_w_fal"        : "Винтовка DSA SA58 FAL",
	"bm_w_famas"      : "Винтовка Famas F1",
	"bm_w_galil"      : "Винтовка Galil ARM",
	"bm_w_g3"         : "Винтовка G3A3",
	"bm_w_l85a2"      : "Винтовка Енфилд",
	"bm_w_vhs"        : "Винтовка HS Produkt VHS-D2",
	"bm_w_asval"      : "Винтовка AS Val",
	"bm_w_sub2000"    : "Винтовка Kel-Tec SUB-2000",
	"bm_w_tecci"      : "Винтовка HK416C",
	"bm_w_contraband" : "Винтовка HK417 with M203 PI Grenade Launcher",
	"bm_w_ak12"       : "Винтовка AK-12",
	"bm_w_ching"      : "Винтовка M1 Гарант",
	"bm_w_corgi"      : "Винтовка FN F2000",
	"bm_w_komodo"     : "Винтовка IWI X95",

	"bm_w_spas12"   : "Дробовик SPAS-12",
	"bm_w_b682"     : "Дробовик CZ Redhead Deluxe O/U",
	"bm_w_r870"     : "Дробовик Ремингтон М870",
	"bm_w_saiga"    : "Дробовик Сайга-12К",
	"bm_w_huntsman" : "Двустволка IGA",
	"bm_w_benelli"  : "Дробовик Бенелли M4 Super 90",
	"bm_w_ksg"      : "Дробовик KSG",
	"bm_w_aa12"     : "Дробовик AA-12",
	"bm_w_boot"     : "Винчестер 1887 года выпуска",
	"bm_w_coach"	: "Дробовик Ремингтон 1889 года",

	"bm_w_jowi"         : "Парные Глок 26",
	"bm_w_x_1911"       : "Парные М1911",
	"bm_w_x_b92fs"      : "Парные Беррета 92FS",
	"bm_w_x_deagle"     : "Парные Пустынный орел Mark XIX",
	"bm_w_x_g17"        : "Парные Глок 17",
	"bm_w_x_g22c"       : "Парные Глок 22C",
	"bm_w_x_usp"        : "Парные Пистолеты USP45",
	"bm_w_x_packrat"    : "Парные H&K P30L",
	"bm_w_x_chinchilla" : "Парные Smith & Wesson Model 29",
	"bm_w_x_shrew"      : "Парные Colt Defender",
	"bm_w_x_rage"       : "Парные Taurus Raging Bull",
	"bm_w_x_pl14"       : "Парные Пистолеты лебедева",
	"bm_w_x_sparrow"    : "Парные IWI Jericho 941 PL",
	"bm_w_x_c96"        : "Парные Маузер C96",
	"bm_w_x_breech"     : "Парные Люгер P08",
	"bm_w_x_hs2000"     : "Парные Springfield Armory XDM",
	"bm_w_x_g18c"       : "Парные Glock 18C",
	"bm_w_x_2006m"      : "Парные Mateba 2006M",
	"bm_w_x_p226"       : "Парные SIG-Sauer P226R",
	"bm_w_x_ppk"        : "Парные Вольтер PPK",
	"bm_w_x_legacy"	    : "Парные H&K P7M13",

	"bm_w_x_basset" : "Парные CBRPS Spike X1S Saiga-12K CQB",
	"bm_w_x_rota"   : "Парные Crye Precision SIX12",
	"bm_w_x_judge"  : "Парные Taurus 4510PLYFS",

	"bm_w_x_sr2"       : "Парные TsNIITochMash SR-2M Veresk",
	"bm_w_x_mp5"       : "Парные H&K MP5",
	"bm_w_x_akmsu"     : "Парные Izhmash AKMSU",
	"bm_w_x_hajk"      : "Парные CZ 805 BREN A1",
	"bm_w_x_mac10"     : "Парные Ingram MAC-11",
	"bm_w_x_cobray"    : "Парные Cobray M11/9",
	"bm_w_x_m1928"     : "Парные Thompson M1928A1 LTD",
	"bm_w_x_scorpion"  : "Парные Sa. Vz.61 Skorpion",
	"bm_w_x_baka"      : "Парные IMI Micro Uzi",
	"bm_w_x_mp9"       : "Парные Brügger & Thomet MP9",
	"bm_w_x_olympic"   : "Парные Olympic Arms K23B",
	"bm_w_x_schakal"   : "Парные H&K UMP45",
	"bm_w_x_erma"      : "Парные MP40",
	"bm_w_x_tec9"	   : "Парные Intratec TEC-9",
	"bm_w_x_p90"       : "Парные FN P90 TR",
	"bm_w_x_polymer"   : "Парные KRISS Vector",
	"bm_w_x_sterling"  : "Парные Sterling L2A3",
	"bm_w_x_uzi"       : "Парные IMI Uzi",
	"bm_w_x_m45"       : "Парные Carl Gustav M/45B",
	"bm_w_x_mp7"       : "Парные H&K MP7A2",
	"bm_w_x_coal"      : "Парные Izhmash PP-19 Bizon-2",
	"bm_w_x_shepheard" : "Парные SIG-Sauer MPX",

	"bm_w_gre_m79"          : "Гранатомет M79",
	"bm_w_saw"              : "Пила OVE9000",
	"bm_w_m134"             : "Миниган M134",
	"bm_w_m32"              : "Гранатомет Milkor MGL Mk 1L",
	"bm_w_flamethrower_mk2" : "Огнемет",
	"bm_w_long"             : "Английский лук",
	"bm_w_shuno"            : "Миниган XM556",
	"bm_w_system"           : "Огнемет The Boring Company Not A Flamethrower",

	"bm_w_msr"            : "Винтовка Remington MSR",
	"bm_w_r93"            : "Винтовка Blaser R93 LRS2",
	"bm_w_m95"            : "Баррет M95",
	"bm_w_mosin"          : "Винтовка Мосина-Наганта",
	"bm_w_winchester1874" : "Винчестер 1873 года выпуска",
	"bm_w_wa2000"         : "Вольтер WA 2000",
	"bm_w_model70"        : "Винчестер модель 70",
	"bm_w_desertfox"      : "Винтовка DTA Stealth Recon Scout A1",
	"bm_w_tti"            : "Винтовка Taran Tactical Innovations TR-1 Ultra-light",
	"bm_w_siltstone"      : "СВД Драгунова",

	"bm_w_rpk"  : "Izhmash RPK",
	"bm_w_m249" : "FN M249 Para",
	"bm_w_hk21" : "H&K HK21E",
	"bm_w_mg42" : "MG 42",
	"bm_w_par"  : "FN M240G",

	"bm_w_usp"         : "Пистолет USP45",
	"bm_w_g22c"        : "Глок 22C",
	"bm_wp_pis_g26"    : "Глок 26",
	"bm_w_glock_17"    : "Глок 17",
	"bm_w_colt_1911"   : "Кольт М1911",
	"bm_w_b92fs"       : "Беррета 92FS",
	"bm_w_raging_bull" : "Пистолет Taurus Raging Bull",
	"bm_w_glock_18c"   : "Глок 18C",
	"bm_w_deagle"      : "Пустынный орел",
	"bm_w_ppk"         : "Вольтер",
	"bm_w_p226"        : "Пистолет SIG-Sauer P226R",
	"bm_w_c96"         : "Пистолет Маузер C96",
	"bm_w_hs2000"      : "Пистолет Springfield Armory XDM",
	"bm_w_peacemaker"  : "Пистолет Ruger New Vaquero",
	"bm_w_mateba"      : "Пистолет Mateba 2006M",
	"bm_w_sparrow"     : "Пистолет IWI Jericho 941 PL",
	"bm_w_pl14"        : "Пистолет лебедева",
	"bm_w_packrat"     : "Пистолет H&K P30L",
	"bm_w_lemming"     : "Пистолет FN Five-seveN",
	"bm_w_breech"      : "Люгер P08",
	"bm_w_shrew"       : "Пистолет Colt Defender",
	"bm_w_chinchilla"  : "Пистолет Smith & Wesson Model 29",
	"bm_w_legacy"	   : "Пистолет H&K P7M13",

	"bm_w_m1928"     : "Пистолет-пулемет Томпсона M1928A1 LTD",
	"bm_w_mac10"     : "MAC-11",
	"bm_w_mp5"       : "MP5",
	"bm_w_mp9"       : "MP9",
	"bm_w_olympic"   : "Olympic Arms K23B",
	"bm_w_akmsu"     : "АКМСУ",
	"bm_w_p90"       : "FN P90",
	"bm_w_m45"       : "Carl Gustav M/45B",
	"bm_w_mp7"       : "H&K MP7A2",
	"bm_w_scorpion"  : "Скорпион Vz.61",
	"bm_w_tec9"      : "Intratec TEC-9",
	"bm_w_uzi"       : "Узи IMI",
	"bm_w_sterling"  : "Стерлинг L2A3",
	"bm_w_cobray"    : "Cobray M11/9",
	"bm_w_polymer"   : "ПП Вектор",
	"bm_w_baka"      : "Мини узи",
	"bm_w_sr2"       : "TsNIITochMash SR-2M Veresk",
	"bm_w_hajk"      : "CZ 805 BREN A1",
	"bm_w_schakal"   : "UMP45",
	"bm_w_coal"      : "Пистолет-пулемет Бизон-2",
	"bm_w_erma"      : "MP40",
	"bm_w_shepheard" : "MPX",

	"bm_w_judge"   : "Дробовик Taurus 4510PLYFS",
	"bm_w_serbu"   : "Дробовик Remington 870 Short-barreled",
	"bm_w_striker" : "Дробовик Sentinel Arms Striker-12",
	"bm_w_m37"     : "Дробовик Ithaca 37",
	"bm_w_rota"    : "Дробовик Crye Precision SIX12",
	"bm_w_basset"  : "Дробовик CBRPS Spike X1S Saiga-12K CQB Conversion",

	"bm_w_rpg7"    : "РПГ-7",
	"bm_w_hunter"  : "Пистолет-арбалет Amur Falcon",
	"bm_w_china"   : "Гранатомет China Lake",
	"bm_w_ray"     : "Ракетная установка M202 FLASH",
	"bm_w_arbiter" : "Гранатомет XM25",
	"bm_w_slap"    : "Гранатомет M320",

	"bm_wp_upg_o_eotech"        : "Прицел EOTech Model 553",
	"bm_wp_upg_o_t1micro"       : "Прицел Aimpoint Weaver-Mounted Micro T-1",
	"bm_wp_upg_o_docter"        : "Прицел DOCTER Sight II Plus",
	"bm_wp_upg_o_acog"          : "Прицел Trijicon ACOG",
	"bm_wp_upg_o_aimpoint"      : "Прицел Aimpoint PRO Rifle Optic 12841",
	"bm_wp_upg_o_specter"       : "Прицел ELCAN Specter DR 1x/4x",
	"bm_wp_upg_o_cmore"         : "Прицел C-MORE Railway ARW",
	"bm_wp_upg_o_cs"            : "Прицел Aimpoint CS",
	"bm_wp_upg_o_eotech_xps"    : "Прицел EOTech Model EXPS3",
	"bm_wp_upg_o_reflex"        : "Рефлекторный прицел Generic Open",
	"bm_wp_upg_o_rx01"          : "Рефлекторный прицел Trijicon RX01 Polarized",
	"bm_wp_upg_o_rx30"          : "Рефлекторный прицел Trijicon RX30",
	"bm_wp_upg_o_ak_scopemount" : "Прицел K-VAR KV-045 Optic",
	"bm_wp_fps_upg_o_45iron"    : "Прицел XTI Angle Mount",
	"bm_wp_upg_o_leupold"       : "Прицел Leupold Mk 4 ER/T + BORS",
	"bm_wpn_fps_o_45rds"        : "Прицел Leupold DeltaPoint Pro",
	"bm_wpn_fps_upg_o_45rds_v2" : "Угловой прицел Aimpoint Micro T-2",
	"bm_wp_upg_o_box"           : "Прицел с дальномером Pulsar Digisight LRF N960 N970 Night Vision",
	"bm_wpg_o_mbus_rear"        : "Прицел MBUS Front and Rear",
	"bm_wp_upg_o_rmr"           : "Прицел Trijicon RM06 RMR",
	"bm_wp_upg_o_spot"          : "Прицел NcSTAR Advanced Dual Optic",

	"bm_wp_m4_m_straight" : "Магазин STANAG 22rnd Mag",
	"bm_wp_m4_uupg_m_std" : "Магазин STANAG 38rnd Mag",
	"bm_wp_m4_m_pmag"     : "Магазин Magpul PMAG",
	"bm_wp_upg_m4_m_quad" : "Магазин STANAG 60rnd Mag",
	"bm_wp_l85a2_m_emag"  : "Магазин Magpul EMAG",
	"bm_wp_upg_m4_m_l5"   : "Магазин L5AWM",
	"bm_wp_m4_m_quick"    : "Магазин Original Magpul 5.56 NATO",
	"bm_wp_sr2_m_quick"   : "Магазин Original Magpul 9mm Veresk Retrofit",

	"bm_wp_upg_o_sho_salvo_large"  : "Глушитель SilencerCo Salvo 12",
	"bm_wp_upg_ns_sho_salvo_large" : "Глушитель SilencerCo Salvo 12",
	"bm_wp_upg_ns_shot_thick"      : "Глушитель Chigurh",
	"bm_wp_upg_ns_ass_smg_medium"  : "Глушитель SAI M80 Custom",
	"bm_wp_upg_ns_ass_smg_small"   : "Глушитель GEMTECH HALO",
	"bm_wp_upg_ns_ass_smg_firepig" : "Глушитель Noveske KX3 Flash",
	"bm_wp_upg_ns_ass_smg_stubby"  : "Пламегаситель VFC Stinger",
	"bm_wp_upg_ns_ass_smg_large"   : "Глушитель Generic Big",
	"bm_wp_upg_ns_ass_pbs1"        : "Глушитель ПБС-1",
	"bm_wp_upg_ns_medium_gem"      : "Глушитель GEMTECH BLACKSIDE-45",
	"bm_wp_upg_ns_large_kac"       : "Глушитель Knight's Armament Mk23 ",
	"bm_wp_upg_ns_pis_small"       : "Глушитель посейдон",
	"bm_wp_upg_ns_pis_large"       : "Глушитель SilencerCo Osprey .45",
	"bm_wp_upg_ns_ass_filter"      : "Бюджетный глушитель",
	"bm_wp_mosin_b_sniper"         : "Глушитель Bramit",
	"bm_wp_upg_ns_pis_jungle"      : "M1911A1 камуфляжный глушитель",
	"bm_wp_upg_ns_pis_medium_slim" : "Хромированный глушитель",
	"bm_wp_sr2_ns_silencer"        : "Глушитель 9x39mm",

	"bm_wp_upg_ass_ns_jprifles" : "Компенсатор JP Standard-Profile",
	"bm_wp_upg_ass_ns_linear"   : "Компенсатор KIES Blast Master Linear",
	"bm_wp_upg_ass_ns_surefire" : "Компенсатор SureFire MB556K Muzzle Brake",
	"bm_wp_ns_battle"           : "Компенсатор BattleComp 2.0 Melonite",
	"bm_wp_upg_ns_shot_shark"   : "Компенсатор Tromix Shark Brake Door Breacher",
	"bm_wp_upg_shot_ns_king"    : "Компенсатор King Armory 12ga Breacher",
	"bm_wp_upg_ns_meatgrinder"  : "Компенсатор WE Tech Tenderizer",
	"bm_wp_ns_duck"	            : "Компенсатор Paradigm SRP Gator Shotgun Spreader",

	"bm_wp_m4_s_standard"   : "Приклад Bushmaster LE",
	"bm_wp_m4_s_pts"        : "Приклад Magpul PTS",
	"bm_wp_m4_uupg_s_fold"  : "Приклад LR300 Folding",
	"bm_wp_upg_m4_s_crane"  : "Приклад NSWC Crane",
	"bm_wp_upg_m4_s_mk46"   : "Особый приклад NSWC Crane",
	"bm_wp_ak_s_folding"    : "Приклад Folding AK",
	"bm_wp_ak_s_skfoldable" : "Приклад AKS-74",
	"bm_wp_upg_m4_s_ubr"    : "Особый приклад Magpul UBR Collapsible",

	"bm_wp_m4_g_ergo"      : "Рукоять Command Arms UPG16",
	"bm_wp_m4_g_sniper"    : "Сбалансированная синтетическая рукоять",
	"bm_wp_upg_m4_g_hgrip" : "Мягкая резиновая рукоять Hogue OverMolded",
	"bm_wp_upg_m4_g_mgrip" : "Рукоять Magpul MOE-K",

	"bm_wp_upg_fl_ass_smg_sho_surefire"    : "Фонарик Surefire Scout Light",
	"bm_wp_upg_fl_ass_smg_sho_peqbox"      : "Лазер Insight Technology AN/PEQ-5",
	"bm_wp_upg_fl_ass_smg_sho_peqbox_desc" : "Создает видимую красную точку. Это гражданская версия более крупного AN-PEQ-2, который только доступен армии США.",
	"bm_wp_upg_fl_ass_laser"               : "Лазер Offset Laser Mount & Sight",
	"bm_wp_upg_fl_ass_peq15"               : "Система прицеливания Insight Technology AN/PEQ-15",
	"bm_wp_upg_fl_ass_peq15_desc"          : "Это, легкая и простая система прицеливания создана для использования с/без ПНВ.\nВремя работы: Больше 6 часов.",
	"bm_wp_upg_fl_ass_utg"                 : "Система прицеливания LT-ELP38 Laser/Light Combo",
	"bm_wp_upg_fl_ass_utg_desc"            : "Идеаленый аксессуар для получения тактического преимущества. Фонарик может быть использован для быстро опознования цели, минимизируя свою обнаруживаемость ночью. Лазер позволяет быстро навестить на цель, облегчая прицеливание в голову.\nЗаряд лазера: 6000 часов.",
	"bm_wp_upg_fl_pis_tlr1"                : "Фонарик Streamlight TLR-1",
	"bm_wp_upg_fl_pis_tlr1_desc"           : "Очень яркий, неразрушаемый тактический фонарик, приклепляемый к любому оружию за секунды.\nВремя работы: 2.5 часа.",
	"bm_wp_upg_fl_pis_laser"               : "Лазер CMR-201 RAIL MASTER",
	"bm_wp_upg_fl_pis_laser_desc"          : "Это мощный лазер создан для пистолетов с рейками, винтовками и дробовиками.\nВремя работы: 4 часа.",
	"bm_wp_upg_fl_crimson"                 : "ЛазерCN-201 RAIL MASTER",
	"bm_wp_upg_fl_x400v"                   : "Система прицеливания SureFire X400V IRc LED Light and Laser",
	"bm_wp_upg_fl_x400v_desc"              : "Это многопрофильный фонарик вместе с первоклассным лазером для совместной работы с ПНВ.\nВремя работы: 2.5 часа.",
	"bm_wp_upg_fl_pis_m3x"                 : "Фонарь Insight Technology M3X Tactical Illuminator",
	"bm_wp_upg_fl_pis_m3x_desc"            : "Этот фонарь был создан для работы в самых тяжелых условиях. Из-за этого, он может светить на глубине 66 футов.\nВремя работы: 1 час.",

	"bm_wp_upg_i_singlefire" : "Только автоматический режим",
	"bm_wp_upg_i_autofire"   : "Только одиночный режим",

	"bm_wp_mg42_b_mg34" : "Ствол MG 34",
	"bm_wp_mg42_b_vg38" : "Винтовочный ствол DLT-19 Heavy Blaster",

	"bm_wp_ass_s552_fg_standard_green" : "Рукоять OD Green",
	"bm_wp_ass_s552_fg_railed"         : "Рукоять SIG SG 553 Railed",
	"bm_wp_ass_s552_b_long"            : "Набор SIG SG 552 LB",
	"bm_wp_ass_s552_g_standard_green"  : "Зеленая рукоять OD",
	"bm_wp_ass_s552_s_standard_green"  : "Зеленый приклад OD",

	"bm_wp_aug_fg_a3"    : "Цевье AUG A3",
	"bm_wp_aug_body_f90" : "Ресивер Thales EF88/F90",
	"bm_wp_aug_b_short"  : "Ствол AUG Carbine 16 Inch",
	"bm_wp_aug_b_long"   : "Ствол AUG HBAR",

	"bm_wp_l85a2_fg_short" : "Цевье Daniel Defense Railed",
	"bm_wp_l85a2_b_short"  : "Ствол L22 Prototype",
	"bm_wp_l85a2_b_long"   : "Ствол L86A1",
	"bm_wp_l85a2_g_worn"   : "Поношенная рукоять",

	"bm_wp_famas_b_suppressed" : "Ствол с встроенным глушителем",
	"bm_wp_famas_b_long"       : "Ствол G2 Civilian",
	"bm_wp_famas_b_short"      : "Ствол G2 Commando",
	"bm_wp_famas_b_sniper"     : "Снайперский ствол G2",
	"bm_wp_famas_g_retro"      : "Рукоять G2",

	"bm_wp_ak5_fg_ak5c" : "Цевье Bofors AK 5C",
	"bm_wp_ak5_fg_fnc"  : "Цевье FN FNC",
	"bm_wp_ak5_s_ak5b"  : "Приклад FFV AK 5B",
	"bm_wp_ak5_s_ak5c"  : "Приклад Bofors AK 5C",
	"bm_wp_ak5_b_short" : "Ствол Bofors AK 5C",

	"bm_wp_sub2000_fg_gen2"       : "Набор Gen 2",
	"bm_wp_sub2000_fg_suppressed" : "Глушитель GemTech MK-9K",
	"bm_wp_sub2000_fg_railed"     : "Рукоять Red Lion Precision Gen I SUB-2000",

	"bm_wp_tecci_b_long" : "Ствол LMG",

	"bm_wp_scar_s_sniper"        : "Приклад FN SSR",
	"bm_wp_scar_b_short"         : "Набор Mk17 CQC",
	"bm_wp_scar_b_long"          : "Набор Mk17 LB",
	"bm_wp_scar_scar_fg_railext" : "Удлиненная рейка PWS SRX",
	"bm_wp_scar_fg_railext"      : "Удлиненная рейка Primary Weapon Systems SRX",

	"bm_wp_m14_body_ebr"         : "Корпус M1A SOPMOD Chassis",
	"bm_wp_m14_body_jae"         : "Корпус JAE-100 G3 Chassis Custom",
	"bm_wp_upg_o_m14_scopemount" : "Рейка для прицела Mk14 Chassis",

	"bm_wp_vhs_b_short"    : "Ствол VHS-K2",
	"bm_wp_vhs_b_sniper"   : "Длинный ствол",
	"bm_wp_vhs_b_silenced" : "Встроенный глушитель",

	"bm_wp_upg_ass_m4_lower_reciever_core"   : "Нижний ресивер CORE15",
	"bm_wp_m4_upper_reciever_edge"           : "Верхний ресивер VLTOR MUR-1A",
	"bm_wp_upg_ass_m4_upper_reciever_ballos" : "Верхний ресивер 2A-Arms BALIOS-Lite",
	"bm_wp_upg_ass_m4_upper_reciever_core"   : "Верхний ресивер CORE15",

	"bm_wp_m16_fg_railed"           : "Особая рейка Daniel Defense AR15 Lite Rail III",
	"bm_wp_m16_fg_vietnam"          : "Рукоять M16A1",
	"bm_wp_upg_ass_m16_fg_stag"     : "Особый Diamondhead VRS-T",
	"bm_wp_m4_upg_ass_m4_b_beowolf" : "Набор .50 Beowulf ",
	"bm_wp_m4_uupg_b_short"         : "Ствол LR 300",

	"bm_wp_m4_uupg_fg_lr300"   : "Цевье Z-M LR 300ML",
	"bm_wp_upg_fg_jp"          : "Особое цевье JPHG3-1M Carbon Fibre",
	"bm_wp_upg_fg_smr"         : "Цевье Geissele SMR MKIII",
	"bm_wp_upg_ass_m4_fg_lvoa" : "Особое цевье War Sport LVOA",
	"bm_wp_upg_ass_m4_fg_moe"  : "Рукоять Magpul MOE SL",
	"bm_wp_m4_uupg_b_sd"       : "Ствол AAC Honey Badger",

	"bm_wp_upg_ak_b_draco"       : "Ствол Romanian AIMR",
	"bm_wp_upg_ak_b_ak105"       : "Ствол AK-105",
	"bm_wp_upg_ass_ak_b_zastava" : "Ствол Застава M76",
	"bm_wp_akmsu_fg_rail"        : "Рукоять Generic Railed",
	"bm_wp_upg_ak_fg_zenit"      : "Рукоять RIS",

	"bm_wp_ak_fg_combo2"       : "Рейка под прицел Ultimak AK",
	"bm_wp_ak_fg_combo3"       : "Рейка Ultimak AK Modular Forend System",
	"bm_wp_upg_ak_fg_tapco"    : "Рукоять Tapco Intrafuse",
	"bm_wp_upg_fg_midwest"     : "Рейка Midwest Industries Quad",
	"bm_wp_upg_ak_fg_krebs"    : "Рукоять Krebs UFM Keymod System",
	"bm_wp_upg_ak_fg_trax"     : "Рукоять Strike Industries TRAX",
	"bm_wp_saiga_fg_lowerrail" : "Кастомная ретро-рейка Ultimak AK-47 Multi-Rail Forend",
	"bm_wp_saiga_fg_holy"      : "Система Fuglystick , 'Cobra' Pattern",

	"bm_wp_upg_ak_g_hgrip" : "Пистолетная рукоять Hogue OverMolded AK",
	"bm_wp_upg_ak_g_pgrip" : "Пистолетная рукоять US PALM Enhanced",
	"bm_wp_upg_ak_g_wgrip" : "Деревянная рукоять",
	"bm_wp_upg_ak_g_rk3"   : "Пистолетная рукоять ZenitCo PK-3",

	"bm_wp_upg_ak_m_quad"   : "Магазин на 60 патронов",
	"bm_wp_upg_ak_m_uspalm" : "Магазин US PALM AK30 30rnd",
	"bm_wp_ak_m_quick"      : "Оригинальный магазин AK Retrofit",

	"bm_wp_upg_ak_s_solidstock" : "Приклад AK-74",
	"bm_wp_ak_s_psl"            : "Приклад PSL",

	"bm_wp_asval_b_proto" : "Ствол SR-3M",
	"bm_wp_asval_s_solid" : "Приклад ВСС Винторез",

	"bm_wp_polymer_barrel_precision" : "Ствол CRB Shroud",
	"bm_wp_polymer_ns_silencer"      : "Глушитель Defiance HPS 4GSK",

	"bm_wp_hk21_b_long"   : "Ствол HK23E",
	"bm_wp_hk21_fg_short" : "Короткая рукоять",

	"bm_wp_uzi_b_suppressed" : "Ретро глушитель SIONICS \"Whispering Death\"",
	"bm_wp_uzi_fg_rail"      : "Приклад К",
	"bm_wp_uzi_s_solid"      : "Оригинальный деревянный приклад Original Wooden Buttstock",

	"bm_wp_cobray_ns_barrelext" : "Ствол Shroud",
	"bm_wp_cobray_ns_silencer"  : "Глушитель SIONICS \"Whispering Death\"",
	"bm_wp_mac10_body_ris"      : "Тактический набор G&P CQB Rail Retrofit",
	"bm_wp_mac10_m_extended"    : "Магазин 32rnd",
	"bm_wp_mac10_m_quick"       : "Быстросьемный магазин 32rnd",

	"bm_wp_baka_b_comp" : "Облегченный ствол",

	"bm_wp_sterling_b_e11"        : "Ствол E-11 Blaster",
	"bm_wp_sterling_b_suppressed" : "Ствол Sterling L34A1",
	"bm_wp_sterling_b_short"      : "Ствол Sterling Mk 7 \"Para-Pistol\"",
	"bm_wp_sterling_m_short"      : "Винтовочный магазин E-11 Blaster",
	"bm_wp_sterling_s_folded"     : "Винтовочный приклад E-11 Blaster",
	"bm_wp_sterling_b_long"       : "Удлинитель ствола",

	"bm_wp_mp5_fg_mp5a5"      : "Рукоять Picatiny Tri-Rail",
	"bm_wp_mp5_fg_mp5sd"      : "Ствол MP5SD5",
	"bm_wp_mp5_fg_m5k"        : "Ствол MP5K-N",
	"bm_wp_mp5_fg_flash"      : "Рукоять с фонариком",
	"bm_wp_mp5_fg_flash_desc" : "Эта тактическая рукоять - прямая замена рукояти MP5.",
	"bm_wp_mp5_s_ring"        : "Приклад MP5K",
	"bm_wp_mp5_s_adjust"      : "Приклад MP5A3",
	"bm_wp_mp5_s_folding"     : "Приклад MP5K PDW",
	"bm_wp_mp5_m_straight"    : "Магазин MP5/10",

	"bm_wp_mp7_b_suppressed" : "Глушитель H&K MP7 QD",

	"bm_wp_mp9_b_suppressed" : "Глушитель MP9 QD",
	"bm_wp_mp9_s_skel"       : "Приклад Steyr TMP Retrofit",
	"bm_wp_mp9_m_extended"   : "Магазин 30rnd",

	"bm_wp_p90_b_long"     : "Ствол PS90 Civilian Issue",
	"bm_wp_p90_b_civilian" : "Ствол Moerse Lekker Sales Shroud",
	"bm_wp_p90_b_ninja"    : "Особый японский глушитель",
	"bm_wp_p90_m_strap"    : "Магазин P90 Magpul",

	"bm_wp_hajk_b_short"  : "Ствол CZ 805 BREN A2",
	"bm_wp_hajk_b_medium" : "Стандартный ствол",

	"bm_wp_scorpion_m_extended"   : "Быстросменный магазин",
	"bm_wp_scorpion_g_wood"       : "Оригинальная деревянная рукоять",
	"bm_wp_scorpion_b_suppressed" : "Глушитель .32 ACP",

	"bm_wp_pis_g_laser"      : "рукоять с лазером Crimson Trace Glock",
	"bm_wp_pis_g_beavertail" : "Cytec Beavertail Grip",

	"bm_wp_g18c_s_stock" : "Приклад FAB Defense GLR-440",
	"bm_wp_g18c_g_ergo"  : "Универсальная рукоять Hogue Handall Half-Size",

	"bm_wp_pis_s_stock" : "Приклад FAB Defense GLR-440",

	"bm_wp_p14_b_comp" : "Насадка на ствол Ported",

	"bm_wp_beretta_co_co1"       : "Компенсатор LA.RI.A AL-GI-MEC",
	"bm_wp_beretta_sl_brigadier" : "Затвор Brigadier 92FS",
	"bm_wp_beretta_g_ergo"       : "Деревянная рукоять",
	"bm_wp_beretta_g_engraved"   : "Гравированная рукоять",

	"bm_wp_pis_ppk_b_long"       : "Затвор из нержавеющей стали",

	"bm_wp_pis_usp_b_match"    : "Компенсатор Stainless Slide with Match",
	"bm_wp_pis_usp_m_big"      : "Магазин 25rnd",
	"bm_wp_pis_usp_m_extended" : "Магазин 21rnd",

	"bm_wp_g22c_b_long" : "Затвор Glock 35",

	"bm_wp_c96_b_long"     : "Ствол Carbine ",
	"bm_wp_c96_m_extended" : "Магазин M72 Schnellfeuer",
	"bm_wp_c96_nozzle"     : "Пламегаситель DL-44",
	"bm_wp_c96_sight"      : "Прицел DL-44",

	"bm_wp_hs2000_sl_custom" : "4 дюймовый ствол XD-9 V10",
	"bm_wp_hs2000_sl_long"   : "Затвор из нержавеющей стали XDM 5.25",

	"bm_wp_peacemaker_barrel_long"  : "Особый ствол Colt Buntline",
	"bm_wp_peacemaker_barrel_short" : "5.5 дюймовый ствол Colt SAA artillery",
	"bm_wp_peacemaker_rifle_stock"  : "Приклад Skeletal",

	"bm_wp_sparrow_body_941" : "Jericho 941 F Kit",
	"bm_wp_sparrow_g_cowboy" : "Рамка Jericho 941 R",

	"bm_wp_r93_body_wood"    : "Корпус Blaser R93 Semi Weight Sporting Chassis",
	"bm_wp_r93_b_suppressed" : "Глушитель .338 Lapua",

	"bm_wp_m95_b_barrel_suppressed" : "Глушитель QDL + Camo Shroud",
	"bm_wp_m95_b_barrel_long"       : "Ствол Accuracy International AW50F",

	"bm_wp_upg_a_piercing_desc"       : "Флешетта это иголки с особым хвостом для стабильного полета.Название пришло из французского fléchette, \"Маленькая стрела\" или \"дротик\".",
	"bm_wp_upg_a_slug_desc"           : "Стреляет одной прочной пулей, которая пробивает броню, щиты, стены и врагов.\n Такая пуля намного крупнее винтовочной пули.",
	"bm_wp_upg_a_slug2_desc"          : "Стреляет одной прочной пулей, которая пробивает броню, щиты, стены и врагов.\n Такая пуля намного крупнее винтовочной пули.",
	"bm_wp_upg_a_dragons_breath_desc" : "Дыхание дракона - особоный тип патронов с зажигательным эффектом для дробовика 12 калибра. Патрон в основном содержит пули из магния. При выстреле, искры и пламя может вылететь на расстояние до 100 футов.",

	"bm_wp_basset_fg_short"   : "Укороченный ствол и рейка",
	"bm_wp_basset_m_extended" : "Магазин SGM Tactical SAIGA Shotgun 12 Round",

	"bm_wp_ching_b_short"   : "Ствол T26 Carbine",
	"bm_wp_ching_fg_railed" : "Рейка Fulton Armory, Gen III",
	"bm_wp_ching_s_pouch"   : "Патронаш Olongapo Outfitters",

	"bm_wp_erma_s_folded" : "Складной приклад",

	"bm_wp_m1928_b_long"      : "Ствол M1927 Auto-Ordnance",
	"bm_wp_m1928_s_discrete"  : "Синтетический приклад",
	"bm_wp_m1928_g_discrete"  : "Синтетическая рукоять",
	"bm_wp_m1928_fg_discrete" : "Синтетическое цевье",

	"bm_wp_tec9_b_standard" : "Ствол AB-10",
	"bm_wp_tec9_ns_ext"     : "Насадка на ствол",
	"bm_wp_tec9_s_unfolded" : "Приклад k",

	"bm_wp_schakal_b_civil"     : "Ствол USC",
	"bm_wp_schakal_s_civil"     : "Приклад USC",
	"bm_wp_schakal_vg_surefire" : "Цевье Surefire M900",
	"bm_wp_schakal_ns_silencer" : "Глушитель GemTech UMP-45",

	"bm_wp_g36_s_kv"      : "Складной приклад HK ",
	"bm_wp_g36_s_sl8"     : "Приклад SR8",
	"bm_wp_g36_fg_c"      : "Рукоять G36C",
	"bm_wp_g36_fg_ksk"    : "Рукоять Knight Armaments G36 RAS",
	"bm_wp_g36_fg_long"   : "Цевье G36E",
	"bm_wp_g36_m_quick"   : "Магазин G36 Magpul",
	"bm_wp_g36_o_vintage" : "ZF 3x4°",

	"bm_wp_olympic_s_short"          : "Приклад K23P",
	"bm_wp_olympic_fg_railed"        : "Тактическая рукоять K23B",
	"bm_wp_m4_uupg_b_medium"         : "Ствол Mk 18 Mod 0",
	"bm_wp_upg_smg_olympic_fg_lr300" : "Короткая рукоятьAftermarket",

	"bm_wp_fal_s_01"          : "Приклад SA58 OSW",
	"bm_wp_fal_g_01"          : "Рукоять SA58 OSW",
	"bm_wp_fal_body_standard" : "Цевье SA58 OSW",
	"bm_wp_fal_fg_03"         : "Цевье IMI Romat",
	"bm_wp_fal_fg_04"         : "Снайперское цевье Imbel Custom",
	"bm_wp_fal_s_03"          : "Приклад Magpul PRS2 Precision-Adjustable",
	"bm_wp_fal_m_01"          : "Магазин на 40 Stanag",

	"bm_wp_galil_fg_sar"     : "Рукоять Galil SAR",
	"bm_wp_galil_s_skeletal" : "Приклад Galil MAR",
	"bm_wp_galil_fg_mar"     : "Цевье Galil MAR",
	"bm_wp_galil_fg_fab"     : "FAB Defense VFR-GA Rail System",
	"bm_wp_galil_fg_sniper"  : "Цевье Galil 7.62",
	"bm_wp_galil_s_fab"      : "Приклад Micro Galil Custom FAB Defense",
	"bm_wp_galil_s_plastic"  : "Приклад Original IMI",
	"bm_wp_galil_s_sniper"   : "Снайперский приклад Galil Galatz",

	"bm_wp_g3_b_sniper"         : "G3SG/1 Kit",
	"bm_wp_g3_fg_psg"           : "Цевье MSG90",
	"bm_wp_g3_g_sniper"         : "PSG1 Рукоять",
	"bm_wp_g3_s_sniper"         : "Приклад PSG1",
	"bm_wp_g3_s_wood"           : "Приклад CETME",
	"bm_wp_g3_fg_retro"         : "цевье CETME",
	"bm_wp_g3_fg_retro_plastic" : "рукоять AK 4 Retrofit",
	"bm_wp_g3_fg_railed"        : "цевье Railed",

	"bm_wp_aa12_barrel_long"     : "Обычный ствол AA-12",
	"bm_wp_aa12_barrel_silenced" : "Интегральный глушитель",

	"bm_wp_1911_g_ergo"     : "Рукоять American Legend Pachmayr",
	"bm_wp_1911_g_bling"    : "Деревянная рукоять",
	"bm_wp_1911_g_engraved" : "Гравированная рукоять",
	"bm_wp_1911_m_big"      : "ProMag 22rnd Magazine",
	"bm_wp_1911_b_vented"   : "Затвор Springfield Armory V-12",
	"bm_wp_1911_b_long"     : "Длинный затвор Springfield Armory V-16",

	"bm_wp_rage_b_short" : "Ствол 444 Multi-S/S",
	"bm_wp_rage_b_long"  : "Ствол 444SS8",

	"bm_wp_m249_b_long"  : "Ствол M249-E2 SAW",
	"bm_wp_m249_s_solid" : "Приклад M249-E2 SAW",
	"bm_wp_m249_fg_mk46" : "Цевье MK46 Mod 0",

	"bm_wp_wa2000_b_long"       : "Ствол Gen 2",
	"bm_wp_wa2000_b_suppressed" : "Интегральный глушитель",
	"bm_wp_wa2000_g_walnut"     : "Ореховый приклад",
	"bm_wp_wa2000_g_light"      : "Легкий приклад",
	"bm_wp_wa2000_g_stealth"    : "Черный приклад",

	"bm_wp_siltstone_b_silenced"     : "7.62x54mm глушитель",
	"bm_wp_siltstone_ns_variation_b" : "Кастомный компенсатор",
	"bm_wp_siltstone_fg_polymer"     : "Рукоять SVD Tiger",
	"bm_wp_siltstone_s_polymer"      : "Приклад SVD Tiger",

	"bm_wp_desertfox_b_long"     : "Рукоять Early Quad-Rail",
	"bm_wp_desertfox_b_silenced" : "Глушитель DTSS .338",

	"bm_wp_tti_s_vltor"  : "Приклад VLTOR EMOD",
	"bm_wp_tti_g_grippy" : "Рукоять Hogue OverMolded Pistol",
	"bm_wp_tti_ns_hex"   : "Глушитель 5.56x45mm",

	"bm_wp_m134_barrel_extreme"   : "Ствол GAU-17/A",
	"bm_wp_m134_barrel_short"     : "Ствол Cut-Down",
	"bm_wp_m134_body_upper_light" : "Low Power Battery",

	"bm_wpn_fps_upg_o_xpsg33_magnifier" : "X.3 прицел Aimpoint",

	"bm_wp_chinchilla_b_satan" : "Ствол Custom Kokusai Devil",
	"bm_wp_chinchilla_g_black" : "Синтетическая рукоять",

	"bm_wp_breech_b_reinforced" : "Ствол Sports Parabellum Mauser",

	"bm_wp_deagle_co_short"  : "Компенсатор Magnum Research",
	"bm_wp_deagle_co_long"   : "Компенсатор Boondock",
	"bm_wp_pis_deagle_extra" : "Рейка для прицела",
	"bm_wp_deagle_g_bling"   : "Рукоять слоновая кость",
	"bm_wp_deagle_b_long"    : "10 дюймовый ствол",
	"bm_wp_deagle_b_modern"  : "Портированный ствол",

	"bm_wp_p226_b_equinox" : "Затвор Equinox",
	"bm_wp_p226_b_long"    : "Затвор X-Six",

	"bm_wp_shrew_g_ergo"   : "Резиновая рукоять Hogue Officer M1911",
	"bm_wp_shrew_g_bling"  : "Гравированная рукоять",

	"bm_wp_2006m_b_medium" : "4 дюймовый ствол",
	"bm_wp_2006m_b_short"  : "3 дюймовый ствол",
	"bm_wp_2006m_b_long"   : "6 дюймовый ствол",
	"bm_wp_2006m_g_bling"  : "Синтетический приклад",

	"bm_wp_g26_b_custom"     : "Ствол Salient Arms Tier 1",
	"bm_wp_g26_m_custom"     : "Магазин Salient Arms Tier 1",
	"bm_wp_g26_body_salient" : "Рамка Salient Arms Tier 1",

	"bm_wp_m37_s_short" : "Укороченный приклад",
	"bm_wp_m37_b_short" : "Ствол Stakeout",

	"bm_wp_spas12_b_long"  : "Увеличенный магазиный ствол",
	"bm_wp_spas12_s_solid" : "Исправленный приклад",

	"bm_wp_rota_b_silenced" : "Интегральный глушитель",

	"bm_wp_r870_s_folding"     : "Складной приклад",
	"bm_wp_r870_fg_wood"       : "Деревянный приклад",
	"bm_wp_r870_m_extended"    : "Увеличенный магазиный ствол",
	"bm_wp_r870_s_nostock_big" : "Рейка для прицела",
	"bm_wp_r870_s_solid_big"   : "Стандартный приклад с рейкой для прицела",

	"bm_wp_shorty_m_extended_short" : "Увеличенный магазиный ствол",
	"bm_wp_serbu_s_solid_short"     : "Стандартный приклад с рейкой для прицела",
	"bm_wp_serbu_s_nostock_short"   : "Рейка для прицела",

	"bm_wp_coach_s_short" : "Укороченый приклад",

	"bm_wp_b682_s_ammopouch" : "Патронаш",
	"bm_wp_b682_s_short"     : "Укороченый приклад",

	"bm_wp_ben_b_short"     : "Ствол M4 NFA",
	"bm_wp_ben_fg_standard" : "Тактический приклад M4",

	"bm_wp_ksg_b_short" : "Тактический ствол KSG-12",

	"bm_wp_snp_msr_ns_suppressor" : "Глушитель TiTAN-QD .338 AAC",

	"bm_wp_mosin_b_short"      : "Ствол M1907 M38 Carbine",
	"bm_wp_mosin_b_long"       : "Ствол M1907's M91/30",
	"bm_wp_mosin_ns_bayonet"   : "Штык-нож Мосин-Нагант",
	"bm_wp_mosin_body_conceal" : "Приклад Synthetic",

	"bm_wp_shepheard_body_short" : "MPX-K рукоять",
	"bm_wp_shepheard_s_no"       : "MPX-K приклад",

	"bm_wp_smg_m45_b_small"    : "короткий ствол",
	"bm_wp_smg_m45_b_green"    : "M/45B Swedish зеленый ствол",
	"bm_wp_smg_m45_g_bling"    : "рукоять слоновая кость",
	"bm_wp_smg_m45_g_ergo"     : "Черная рукоять",
	"bm_wp_smg_m45_body_green" : "M/45B Swedish Зеленый корпус",

	"bm_wp_rpk_s_standard" : "приклад РПК-74М",

	"bm_wp_m32_barrel_short" : "ствол Milkor Mark 14",

	"bm_wp_mosin_ns_bayonet_desc" : "Штык нож Винтовки Мосина - это острый нож, который нельзя взять в руки, в отличии от обычного ножа.\nДлина лезвия - 19,5 дюймов.",


	"bm_melee_model24"     : "Ручная граната М-24",
	"bm_melee_becker"      : "Мачете KA-BAR Becker",
	"bm_melee_bullseye"    : "Топорик S&W Bullseye",
	"bm_melee_fairbair"    : "Боевой нож Fairbairn-Sykes",
	"bm_melee_taser"       : "Шокер ZAP 1M-Volt",
	"bm_melee_nin"         : "Гвоздомет PASLODE IM360CI 90MM",
	"bm_melee_kabar_tanto" : "Нож Танто KA-BAR",
	"bm_melee_ballistic"   : "Американские баллистические ножи",
	"bm_melee_tomahawk"    : "Томагавк Gerber Downrange",
	"bm_melee_bayonet"     : "Штык-нож АКМ",
	"bm_melee_dingdong"    : "Молот Gerber Ding Dong",
	"bm_melee_oldbaton"    : "Дубинка Monadnock PR-24",
	"bm_melee_cqc"         : "Кунаи",
	"bm_melee_buck"        : "Щит \"Железный Кулак\"",
	"bm_melee_beardy"      : "Нордический длиннобородый топор",
	"bm_melee_great"       : "Цвайхендер",
	"bm_melee_topaz"       : "Ледоруб Black Diamond Cobra",
	"bm_melee_wing"        : "Нож-бабочка",
	"bm_melee_cs"          : "Бензопила Homelite Super 2",


	"bm_melee_weapon_info"        : "",
	"bm_melee_fists_info"         : "",
	"bm_melee_kabar_info"         : "",
	"bm_melee_rambo_info"         : "",
	"bm_melee_gerber_info"        : "Д.М.Т или Двойной Мульти Тул - это нож, который приходит в боевое действие с левой или правой  is an automatic knife that springs into action with either the right or left hand. The fully automatic S30V steel blade boasts superior corrosion resistance. The G10 handle offers a mix of strength and low weight.",
	"bm_melee_kampfmesser_info"   : "",
	"bm_melee_tomahawk_info"      : "",
	"bm_melee_baton_info"         : "",
	"bm_melee_shovel_info"        : "",
	"bm_melee_becker_info"        : "",
	"bm_melee_moneybundle_info"   : "",
	"bm_melee_baseballbat_info"   : "",
	"bm_melee_x46_info"           : "",
	"bm_melee_dingdong_info"      : "Когда звонок в дверь невозможен, но очень нужно попасть внутрь, Ding Dong включает в себя 3 инструмента для проникновения. Цель этой кувалды - ломать барьеры.",
	"bm_melee_bayonet_info"       : "",
	"bm_melee_bullseye_info"      : "",
	"bm_melee_bat_info"           : "",
	"bm_melee_cleaver_info"       : "",
	"bm_melee_fireaxe_info"       : "",
	"bm_melee_machete_info"       : "",
	"bm_melee_briefcase_info"     : "",
	"bm_melee_kabar_tanto_info"   : "",
	"bm_melee_toothbrush_info"    : "",
	"bm_melee_chef_info"          : "",
	"bm_melee_fairbair_info"      : "",
	"bm_melee_freedom_info"       : "",
	"bm_melee_model24_info"       : "Stielhandgranate - ручная граната, используемая германскими войсками во время первой мировой войны и, позже, вермахтом во время второй мировой. Очень старые данные указывают, что ее называли \"граната на палочке\", или \"толкушка для картошки\" британские войска.",
	"bm_melee_swagger_info"       : "",
	"bm_melee_alien_maul_info"    : "",
	"bm_melee_shillelagh_info"    : "",
	"bm_melee_boxing_gloves_info" : "",
	"bm_melee_meat_cleaver_info"  : "",
	"bm_melee_hammer_info"        : "",
	"bm_melee_whiskey_info"       : "",
	"bm_melee_fork_info"          : "",
	"bm_melee_poker_info"         : "",
	"bm_melee_spatula_info"       : "",
	"bm_melee_tenderizer_info"    : "",
	"bm_melee_scalper_info"       : "",
	"bm_melee_mining_pick_info"   : "",
	"bm_melee_branding_iron_info" : "",
	"bm_melee_bowie_info"         : "",
	"bm_melee_microphone_info"    : "",
	"bm_melee_detector_info"      : "",
	"bm_melee_micstand_info"      : "",
	"bm_melee_oldbaton_info"      : "",
	"bm_melee_hockey_info"        : "",
	"bm_melee_switchblade_info"   : "",
	"bm_melee_taser_info"         : "",
	"bm_melee_slot_lever_info"    : "",
	"bm_melee_croupier_rake_info" : "",
	"bm_melee_fight_info"         : "",
	"bm_melee_tiger_info"         : "",
	"bm_melee_cqc_info"           : "",
	"bm_melee_twins_info"         : "",
	"bm_melee_sandsteel_info"     : "",
	"bm_melee_great_info"         : "",
	"bm_melee_beardy_info"        : "",
	"bm_melee_buck_info"          : "",
	"bm_melee_morning_info"       : "",
	"bm_melee_boltcutter_info"    : "",
	"bm_melee_topaz_info"         : "",
	"bm_melee_selfie_info"        : "",
	"bm_melee_gator_info"         : "Это - вершина среди мачете Gerber. Сопротивление коррозии, Лезвие может быть использовано как топор, мачете или нож. Ножны сделаны из военно нейлона и включает в себя точильный камень.",
	"bm_melee_pugio_info"         : "Этот нож создан убивать. \n Пугио был задуман как дополнительное оружие, но его точное предназначение для солдат остается неизвестным. Пугио являлся ножом, используемый Римскими солдатами. Кинжал - обычное оружие для убийства и самоубийства; Например, заговорщики, которые закололи Юлия Цезаря, использовали Пугио",
	"bm_melee_boxcutter_info"     : "",
	"bm_melee_shawn_info"         : "",
	"bm_melee_pitchfork_info"     : "",
	"bm_melee_stick_info"         : "",
	"bm_melee_scoutknife_info"    : "",
	"bm_melee_nin_info"           : "",
	"bm_melee_ballistic_info"     : "",
	"bm_melee_zeus_info"          : "",
	"bm_melee_wing_info"          : "",
	"bm_melee_road_info"          : "",
	"bm_melee_ostry_info"         : "",
	"bm_melee_agave_info"         : "",
	"bm_melee_brick_info"         : "Motorola DynaTAC 8000X - портативный телефон, который был одобрен комиссией комуникацией США 21 сентября в 1983 году. Полного заряда хватает на 10 часов и на 30 минут звонков. Также имеет светодиодный дисплей для набора номера и перезвона до 30 штук. Стоимость в 1984 релизном году составляла $3,995, что эквивалентно $9,366 в 2017 году с учетом инфляции. DynaTAC - аббревиатура \"Динамический Адаптивный Полный Контроль Области Действия\".",
	"bm_melee_cs_info"            : "",
	"bm_melee_catch_info"         : "",
	"bm_melee_oxide_info"         : "",
	"bm_melee_sword_info"         : "",

	"bm_menu_barrel_ext" : "Ствол",
	"bm_menu_custom"     : "Гаджет",
	"bm_menu_sight"      : "Оптика",

	"bm_grenade_fir_com"                   : "Зажигательная граната М14",
	"bm_grenade_fir_com_desc"              : "Цилиндрическая граната, которая внешне схожа с М8, М14 - специально разработанная зажигательная граната. Работа гранаты основана на жесткой реакции термита с металлом. Это значит, что М14 в основном используется с материалом, который может быть сразу разрушен в незащищенной среде и не в качестве обронительного/атакующего оружия. Поскольку термит реагирует с оксидом железа, а не с кислородом(из-за его свойств), гранта может быть использована под водой.",
	"bm_grenade_frag_com"                  : "Осколочная граната сообщества М67",
	"bm_grenade_frag_com_desc"             : "Граната M67 - осколочная граната, используемая армией США. М67 - дальнейшая разработка гранаты М33, замена гранат серии М26, которые использовали во время Корейских и Вьетнамских воин.",
	"bm_concussion_desc"                   : "M84 или флэшка - используемая на данный момент армией США оглушающая граната. При детонации, выпускает очень громкий \"хлопок\" 170-180 Дб и вспышку со значением несколько миллионов кандел в радиусе 5 футов. Эффективна для моментально ослепления, оглушения, дизориентации и проблем со слухом. Пораженные единицы испытывают проблемы с ориентацией в пространстве, головокружение.",
	"bm_grenade_frag"                      : "Осколочная граната М67",
	"bm_grenade_frag_desc"                 : "Граната M67 - осколочная граната, используемая армией США. М67 - дальнейшая разработка гранаты М33, замена гранат серии М26, которые использовали во время Корейских и Вьетнамских воин.",
	"bm_grenade_molotov"                   : "Коктейль Молотова",
	"bm_grenade_molotov_desc"              : "Коктейль Молотова или бензиновая бомба, граната бедняка или огненная бомба - названия, которые дают импровизированным зажигательным бомбам в бутылках. Их основная задача - поджигать, а не мгновенно уничтожать.\n\n Название \"Коктейль Молотова\" дали Финны во время зимней войны. Название - это оскорбительная отсылка на советского министра иностанных дел Вячеслава Михайловича Молотова.",
	"bm_dynamite"                          : "Динамит",
	"bm_dynamite_desc"                     : "Динамит - взрывчатый материал, в основе которого нитроглицерин, диатомит или другой адсорбент как глина или пороховой порошок. Динамит был изобретен Шведским химиком и инженером Альфредом Нобелем в Германии, городе Гестахт и был запатентован в 1867 году.",
	"bm_wpn_prj_target"                    : "Метательный нож Tiger Thrower",
	"bm_wpn_prj_hur"                       : "Метательный топор KitRae AirCobra KR0055",
	"bm_wpn_prj_hur_desc"                  : "Kit Rae хорошо известны своими фантастическими клинками, но также Kit специалист по метальным ножам и топорам уже несколько лет. AirCobra изготовлен из цельного куска нержавеющей стали AUS-6. Имеет прекрасный баланс для идеального броска с хорошием острием и резиновой рукоятью.",
	"bm_ability_chico_injector"            : "Инъектор эпинефрина",
	"bm_ability_chico_injector_desc"       : "Инъектор эпинефрина - медицинское оборудование, используемое для введения выверенной дозы или доз адреналина.\n\nУстройство содержит определенную дозу эпинефрина и иглу на пружине, которая находится внутри и пробивает кожу пациента, чтобы ввести медикамент внутримышечно.",
	"bm_grenade_smoke_screen_grenade"      : "Дымовая граната М18",
	"bm_grenade_smoke_screen_grenade_desc" : "Синяя дымовая граната M18 - это граната армии США, используя в качестве подавания сигнала, показа цели или места посадки.М18 заменила гранату второй мировой М16, которая имела незаметный и короткий по длительности дым. М16 была доступна в таких же цветах, как и М18, но и в голубом, оранжемов  и черных цветах.М18 планировали выпускать в таких же цветах, включая белый, но было принято решение ограничиться 4 цветами для простоты. В Вьетнаме узнали, что зеленый дым отгоняет болотных пчел.",

	"menu_challenge_monthly_shadowraid_objective"  : "Завершите \"ТЕНЕВОЙ РЕЙД\" без навыков на сложности OVERKILL или выше, используя только карабин Colt Model 733, пистолет Glock 17 и костюм-двойку.",
	"menu_challenge_monthly_rats_objective"        : "Завершите \"КРЫСЫ\" без навыков на сложности OVERKILL или выше, используя только Colt Model 733, Glock 17 и костюм-двойку.",
	"menu_challenge_frog_1_objective"              : "Завершите \"СПАСЕНИЕ ХОКСТОНА\" без навыков на сложности OVERKILL или выше, используя золотую винтовку AKMS, пистолет-пулемет Thompson M1928A1 LTD и костюм-двойку.",
	"menu_challenge_monthly_firestarter_objective" : "Завершите \"ПОДЖИГАТЕЛЬ\" без навыков на сложности OVERKILL или выше, используя только карабин Colt Model 733, пистолет Glock 17 и костюм-двойку.",

	"menu_aru_job_2_obj_desc" : "Убейте 50 противников, используя пистолет Luger P08",
	"menu_aru_job_3_obj_desc" : "Убейте 100 противников, используя пистолет-пулемет MP40",
	"menu_aru_job_4_obj_desc" : "Убейте 200 противников, используя винтовку M1 Гарант",

	"hud_carry_weapon"       : "Винтовка АКС-74",
	"hud_carry_weapon_scar"  : "Винтовка FN SCAR-H",
	"hud_carry_weapon_glock" : "Глок 17",

	"menu_assault_rifle" : "Штурмовые винтовки",
	"menu_akimbo"        : "Акимбо",
	"menu_snp"           : "Снайперские винтовки",
	"menu_shotgun"       : "Дробовики",
	"menu_lmg"           : "Пулеметы",
	"menu_pistol"        : "Пистолеты",
	"menu_smg"           : "Пистолет-пулеметы",

	"RWN_bm_w_c96"        : "Пистолет Broomstick",
	"RWN_bm_w_usp"        : "Пистолет Interceptor 45",
	"RWN_bm_w_ppk"        : "Пистолет Gruber Kurz",
	"RWN_bm_w_1911"       : "Пистолет Crosskill",
	"RWN_bm_w_p226"       : "Пистолет Signature .40",
	"RWN_bm_w_g22c"       : "Пистолет Chimano Custom",
	"RWN_bm_wp_pis_g26"   : "Пистолет Chimano 88",
	"RWN_bm_w_b92fs"      : "Пистолет Bernetti 9",
	"RWN_bm_w_packrat"    : "Пистолет Contractor",
	"RWN_bm_w_peacemaker" : "Револьвер Peacemaker .45",
	"RWN_bm_w_x_b92fs"    : "Парные пистолеты Bernetti 9",

	"RWN_bm_wp_c96_nozzle"      : "Damper.L 44 Nozzle",
	"RWN_bm_wp_c96_sight"       : "Barrel Sight 44",
	"RWN_bm_wp_upg_o_spot"      : "Reconnaissance Sight",
	"RWN_bm_wp_fps_upg_o_45rds" : "45 Degree Red Dot Sight",
	"RWN_bm_wp_ns_duck"         : "Donald's Horizontal Leveller",

	"RWN_bm_w_akm_gold" : "Винтовка Golden AK.762",
	"RWN_bm_w_s552"     : "Винтовка Commando 553",
	"RWN_bm_w_ak5"      : "Винтовка AK5",
	"RWN_bm_w_aug"      : "Винтовка UAR",
	"RWN_bm_w_scar"     : "Винтовка Eagle Heavy",
	"RWN_bm_w_m4"       : "Винтовка CAR-4",
	"RWN_bm_w_g3"       : "Винтовка Gewehr 3",
	"RWN_bm_w_galil"    : "Винтовка Gecko 7.62",
	"RWN_bm_w_famas"    : "Винтовка Clarion",
	"RWN_bm_w_ak74"     : "Винтовка AK",
	"RWN_bm_w_amcar"    : "Винтовка AMCAR",
	"RWN_bm_w_corgi"    : "Винтовка Union 5.56",

	"RWN_bm_w_mp7"     : "Пистолет-пулемет SpecOps",
	"RWN_bm_w_m45"     : "Пистолет-пулемет Swedish K",
	"RWN_bm_w_p90"     : "Пистолет-пулемет Kobus 90",
	"RWN_bm_w_m1928"   : "Пистолет-пулемет Chicago Typewriter",
	"RWN_bm_w_olympic" : "Пистолет-пулемет Para",
	"RWN_bm_w_polymer" : "Пистолет-пулемет Kross Vertex",
	"RWN_bm_w_schakal" : "Пистолет-пулемет Jackal",
	"RWN_bm_w_coal"    : "Пистолет-пулемет Tatonka",

	"RWN_bm_w_msr"       : "Снайперская винтовка Rattlesnake",
	"RWN_bm_w_m95"       : "Снайперская винтовка Thanatos .50 cal",
	"RWN_bm_w_r93"       : "Снайперская винтовка R93",
	"RWN_bm_w_desertfox" : "Снайперская винтовка Desertfox",
	"RWN_bm_w_mosin"     : "Снайперская винтовка Nagant",
	"RWN_bm_w_mode70"    : "Снайперская винтовка Platypus 70",
	"RWN_bm_w_wa2000"    : "Снайперская винтовка Lebensauger .308",

	"RWN_bm_w_serbu"    : "Дробовик Locomotive 12G",
	"RWN_bm_w_judge"    : "Дробовик The Judge",
	"RWN_bm_w_striker"  : "Дробовик Street Sweeper",
	"RWN_bm_w_r870"     : "Дробовик Reinfeld 880",
	"RWN_bm_w_huntsman" : "Дробовик Mosconi 12G",
	"RWN_bm_w_saiga"    : "Дробовик Izhma 12G",
	"RWN_bm_w_ksg"      : "Дробовик Raven",
	"RWN_bm_w_benelli"  : "Дробовик M1014",

	"RWN_bm_w_mg42" : "Пулемет Buzzsaw 42",

	"RWN_bm_dynamite"       : "Динамит",
	"RWN_bm_wpn_prj_jav"    : "Копье",
	"RWN_bm_wpn_prj_target" : "Метательный нож",
	"RWN_bm_wpn_prj_four"   : "Сюрикен",

	"RWN_bm_w_m134"    : "Миниган Вулкан",
	"RWN_bm_w_gre_m79" : "Гранатомет GL40",
	"RWN_bm_w_rpg7"    : "Ракетница HRL-7",
	"RWN_bm_w_m32"     : "Гранатомет Piglet",
	"RWN_bm_w_saw"     : "Пила OVE9000",
	"RWN_bm_w_arbiter" : " Гранатомет Arbiter",
	"RWN_bm_w_ray"     : "Ракетница Commando 101",
	"RWN_bm_w_slap"    : "Гранатомет Compact 40mm",

	"RWN_bm_melee_baton"         : "Телескопическая дубинка",
	"RWN_bm_melee_shovel"        : "Лопата K.L.A.S.",
	"RWN_bm_melee_dingdong"      : "Кувалда Ding Dong",
	"RWN_bm_melee_bat"           : "Бейсбольная бита",
	"RWN_bm_melee_toothbrush"    : "Заточка Нова",
	"RWN_bm_melee_fairbair"      : "Траншейный нож",
	"RWN_bm_melee_boxing_gloves" : "Боксерские перчатки OVERKILL",
	"RWN_bm_melee_fork"          : "Вилка для мяса The Motherforker",
	"RWN_bm_melee_great"         : "Длинный меч",
	"RWN_bm_melee_moneybundle"   : "Пачка денег",
	"RWN_bm_melee_taser"         : "Шокер",
	"RWN_bm_melee_zeus"          : "Электрические кастеты",
	"RWN_bm_melee_clean"         : "Бритва Алабама"
}
