{"bm_ability_chico_injector": "肾上腺素自动注射器", "bm_ability_chico_injector_desc": "肾上腺素自动注射器是用于注射特定剂量的肾上腺素的医用装置。\n\n该装置由固定剂量的肾上腺素和装有弹簧的针头组成，在使用状态下针头会弹出注射器边缘以肌肉注射的方式给药。", "bm_concussion": "M84 震撼弹", "bm_concussion_desc": "M84震撼弹，又称作“闪光弹”，是美军当前正在服役的震撼手榴弹。在爆炸时，它会发出170到180分贝的巨大响声以及在5米范围内发出大于1百万坎且足以致盲的闪光，足以立刻对作用范围内的人员产生致盲、耳鸣、失聪并对其内耳半规管产生干扰，使其失去抵抗能力。", "bm_dynamite": "炸药捆", "bm_dynamite_desc": "硝化甘油炸药是一种由硝化甘油制成的易爆物质，炸药棒的壳体是使用硅藻土或贝壳粉、粘土等吸附剂制成的。炸药是由瑞典化学家、工程师阿尔弗雷德·诺贝尔1867年在德国盖斯特哈赫德研发出来，并在同年获得了相关专利。", "bm_grenade_fir_com": "M14 TH3 燃烧弹", "bm_grenade_fir_com_desc": "M14 燃烧手榴弹是一种外形与 M8 手榴弹相似的圆柱形手榴弹，其内部的铝热剂装药所产生的剧烈反应可以烧穿钢板。这意味着 M14 的主要用途是销毁处于大致安全环境下的材料，而并非作为进攻或防御性的武器使用。由于铝热反应所使用的氧化剂是氧化铁而并非氧气，因此该手雷在水下也可以正常使用。", "bm_grenade_frag": "M67 破片手榴弹", "bm_grenade_frag_com": "社区版 M67 破片手榴弹", "bm_grenade_frag_com_desc": "M67 手榴弹是美国军队使用的一种破片手榴弹，它由 M33 手榴弹进一步改进而来，用于替代在朝鲜战争和越南战争中所使用的 M26 系列手榴弹。", "bm_grenade_frag_desc": "M67 手榴弹是美国军队使用的一种破片手榴弹，它由 M33 手榴弹进一步改进而来，用于替代在朝鲜战争和越南战争中所使用的 M26 系列手榴弹。", "bm_grenade_molotov": "燃烧瓶", "bm_grenade_molotov_desc": "莫洛托夫鸡尾酒，又称作汽油炸弹，土制燃烧瓶。燃烧瓶是装瓶的自制类燃烧武器的通用名称，主要用于点燃目标而非快速击毁它们。\n\n“莫洛托夫鸡尾酒”这个名称是冬季战争时期的芬兰人基于苏联外交部长维亚切斯拉夫·米哈伊洛维奇·莫洛托夫所构想出来的一种具有侮辱性的名称。", "bm_grenade_smoke_screen_grenade": "M18 烟雾弹", "bm_grenade_smoke_screen_grenade_desc": "M18 彩色烟雾弹是美军使用的信号装置、或标记目标或着陆区使用的装置。M18 烟雾弹替换掉了二战时期燃烧时间不长和色彩不明显的 M16 烟雾弹。M18 烟雾弹除了有 M16 烟雾弹所提供的颜色之外，也提供了蓝色、橙色和黑色烟雾弹。M18 烟雾弹起初是提供包括白色在内的多种颜色，但后来为了方便起见只保留了四种颜色。在越战期间发现绿色烟雾弹可以驱赶蜜蜂群。", "bm_wpn_prj_hur": "KitRae AirCobra KR0055 投斧", "bm_wpn_prj_hur_desc": "Kit Rae 以他所创作的幻想风的刀剑所闻名，他多年以来也是飞刀和投斧的狂热爱好者。AirCobra 投斧是由一整块 AUS-6 不锈钢制成，它的刀刃和刀柄的完美平衡确保了投掷时的最佳手感，同时配有斧刃背部的尖刺和皮革包裹的手柄。", "bm_wpn_prj_target": "Tiger Thrower 飞刀"}