{"RWN_bm_dynamite": "Dynamit", "RWN_bm_grenade_poison_gas_grenade": "Viper-Granate", "RWN_bm_melee_bat": "Baseballschläger", "RWN_bm_melee_baton": "Teleskop-Schlagstock", "RWN_bm_melee_boxing_gloves": "OVERKILL Boxhandschuhe", "RWN_bm_melee_clean": "Alabama Razor", "RWN_bm_melee_dingdong": "Palim-Palim-Vorschlaghammer", "RWN_bm_melee_fairbair": "Grabendolch", "RWN_bm_melee_fork": "Die Mutterforke", "RWN_bm_melee_great": "Großschwert", "RWN_bm_melee_moneybundle": "Geldbündel", "RWN_bm_melee_shovel": "K.L.A.S. Spaten", "RWN_bm_melee_taser": "Buzzer", "RWN_bm_melee_toothbrush": "Novas Schaft", "RWN_bm_melee_zeus": "Elektroschlagring", "RWN_bm_w_ak5": "AK5-Gewehr", "RWN_bm_w_ak74": "AK-Gewehr", "RWN_bm_w_akm_gold": "Goldenes AK.762-Gewehr", "RWN_bm_w_amcar": "AMCAR-Gewehr", "RWN_bm_w_arbiter": "Arbiter-Granatwerfer", "RWN_bm_w_aug": "UAR-Gewehr", "RWN_bm_w_b92fs": "Bernetti-9-Pistole", "RWN_bm_w_benelli": "M1014-Schrotflinte", "RWN_bm_w_c96": "Broomstick-Pistole", "RWN_bm_w_chinchilla": "Castigo .44-Revolver", "RWN_bm_w_coal": "Tatonka-Maschinenpistole", "RWN_bm_w_colt_1911": "Crosskill-Pistole", "RWN_bm_w_corgi": "Union-5.56-Gewehr", "RWN_bm_w_desertfox": "Desertfox-Scharfschützengewehr", "RWN_bm_w_famas": "Clarion-Gewehr", "RWN_bm_w_g22c": "Chimano-Custom-Pistole", "RWN_bm_w_g3": "G3-Gewehr", "RWN_bm_w_galil": "Gecko-7.62-Gewehr", "RWN_bm_w_gre_m79": "GL40-Granatwerfer", "RWN_bm_w_hailstorm": "Hailstorm Mk 5", "RWN_bm_w_huntsman": "Mosconi-12G-Schrotflinte", "RWN_bm_w_judge": "The-Judge-Schrotflinte", "RWN_bm_w_ksg": "Raven-Schrotflinte", "RWN_bm_w_m134": "Vulcan Minigun", "RWN_bm_w_m1928": "Chicago-Typewriter-Maschinenpistole", "RWN_bm_w_m32": "Piglet Granatenwerfer", "RWN_bm_w_m4": "CAR-4-Gewehr", "RWN_bm_w_m45": "Swedish-K-Maschinenpistole", "RWN_bm_w_m95": "Thanatos-.50-cal-Scharfschützengewehr", "RWN_bm_w_mg42": "Buzzsaw-42-Maschinengewehr", "RWN_bm_w_model70": "Platypus-70-Scharfschützengewehr", "RWN_bm_w_mosin": "Nagant-Scharfschützengewehr", "RWN_bm_w_mp7": "SpecOps-Maschinenpistole", "RWN_bm_w_msr": "Rattlesnake-Scharfschützengewehr", "RWN_bm_w_olympic": "Para-Maschinenpistole", "RWN_bm_w_p226": "Signature-.40-Pistole", "RWN_bm_w_p90": "Kobus-90-Maschinenpistole", "RWN_bm_w_packrat": "Kontraktor-Pistole", "RWN_bm_w_peacemaker": "Peacemaker-.45-Revolver", "RWN_bm_w_polymer": "Kross-Vertex-Maschinenpistole", "RWN_bm_w_ppk": "Gruber-Kurz-Pistole", "RWN_bm_w_r870": "Reinfeld-880-Schrotflinte", "RWN_bm_w_r93": "R93-Scharfschützengewehr", "RWN_bm_w_ray": "„Kommando 101\"-Raketenwerfer", "RWN_bm_w_rpg7": "HRL-7 Raketenwerfer", "RWN_bm_w_s552": "Commando-553-Gewehr", "RWN_bm_w_saiga": "IZHMA-12G-Schrotflinte", "RWN_bm_w_saw": "OVE9000-Kreissäge", "RWN_bm_w_scar": "Heavy-Eagle-Gewehr", "RWN_bm_w_schakal": "Jackal-Maschinenpistole", "RWN_bm_w_serbu": "Locomotive-12G-Schrotflinte", "RWN_bm_w_sko12": "VD-12 Shotgun", "RWN_bm_w_slap": "Compact 40mm-Granatwerfer", "RWN_bm_w_striker": "Street-Sweeper-Schrotflinte", "RWN_bm_w_usp": "Interceptor-45-Pistole", "RWN_bm_w_wa2000": "Lebensauger-.308-Scharfschützengewehr", "RWN_bm_w_x_b92fs": "Akimbo-Bernetti-9-Pistolen", "RWN_bm_wp_c96_nozzle": "Dämpfer-L44-Mündung", "RWN_bm_wp_c96_sight": "Laufvisier 44", "RWN_bm_wp_ns_duck": "Donalds Horizontaler Gleichmacher", "RWN_bm_wp_pis_g26": "Chimano-Compact-Pistole", "RWN_bm_wp_upg_o_spot": "Aufklärungsvisier", "RWN_bm_wpn_fps_upg_o_45rds": "45-Grad-Leuchtpunktvisier", "RWN_bm_wpn_prj_four": "Wurfstern", "RWN_bm_wpn_prj_jav": "Wurfspeer", "RWN_bm_wpn_prj_target": "Wurfmesser", "RWN_menu_desc": "Optionen für  Real Weapon Names", "RWN_menu_langchoice_default": "Automatisch", "RWN_menu_langchoice_desc": "Wählen Sie die Sprache für Real Weapon Names", "RWN_menu_langchoice_title": "Mod Sprache", "RWN_menu_parts_melee_desc": "Aktiviert/deaktiviert das Umbenennen von Nahkampfwaffen", "RWN_menu_parts_melee_title": "Nahkampfwaffen", "RWN_menu_parts_mods_desc": "Aktiviert/deaktiviert das Umbenennen von Waffen-Mods", "RWN_menu_parts_mods_title": "Waffen-Mods", "RWN_menu_parts_throwables_desc": "Aktiviert/deaktiviert das Umbenennen von Wurfwaffen", "RWN_menu_parts_throwables_title": "Wurfwaffen", "RWN_menu_parts_weapons_desc": "Aktiviert/deaktiviert das Umbenennen von Waffen", "RWN_menu_parts_weapons_title": "Waffen"}