{
    "RWN_bm_dynamite": "Динамит",
    "RWN_bm_melee_bat": "Бейсбольная бита",
    "RWN_bm_melee_baton": "Телескопическая дубинка",
    "RWN_bm_melee_boxing_gloves": "Боксерские перчатки OVERKILL",
    "RWN_bm_melee_clean": "Бритва Алабама",
    "RWN_bm_melee_dingdong": "Кувалда Ding Dong",
    "RWN_bm_melee_fairbair": "Траншейный нож",
    "RWN_bm_melee_fork": "Вилка для мяса The Motherforker",
    "RWN_bm_melee_great": "Длинный меч",
    "RWN_bm_melee_moneybundle": "Пачка денег",
    "RWN_bm_melee_shovel": "Лопата K.L.A.S.",
    "RWN_bm_melee_taser": "Шокер",
    "RWN_bm_melee_toothbrush": "Заточка Нова",
    "RWN_bm_melee_zeus": "Электрические кастеты",
    "RWN_bm_w_1911": "Пистолет Crosskill",
    "RWN_bm_w_ak5": "Винтовка AK5",
    "RWN_bm_w_ak74": "Винтовка AK",
    "RWN_bm_w_akm_gold": "Винтовка Golden AK.762",
    "RWN_bm_w_amcar": "Винтовка AMCAR",
    "RWN_bm_w_arbiter": " Гранатомет Arbiter",
    "RWN_bm_w_aug": "Винтовка UAR",
    "RWN_bm_w_b92fs": "Пистолет Bernetti 9",
    "RWN_bm_w_benelli": "Дробовик M1014",
    "RWN_bm_w_c96": "Пистолет Broomstick",
    "RWN_bm_w_coal": "Пистолет-пулемет Tatonka",
    "RWN_bm_w_corgi": "Винтовка Union 5.56",
    "RWN_bm_w_desertfox": "Снайперская винтовка Desertfox",
    "RWN_bm_w_famas": "Винтовка Clarion",
    "RWN_bm_w_g22c": "Пистолет Chimano Custom",
    "RWN_bm_w_g3": "Винтовка Gewehr 3",
    "RWN_bm_w_galil": "Винтовка Gecko 7.62",
    "RWN_bm_w_gre_m79": "Гранатомет GL40",
    "RWN_bm_w_huntsman": "Дробовик Mosconi 12G",
    "RWN_bm_w_judge": "Дробовик The Judge",
    "RWN_bm_w_ksg": "Дробовик Raven",
    "RWN_bm_w_m134": "Миниган Вулкан",
    "RWN_bm_w_m1928": "Пистолет-пулемет Chicago Typewriter",
    "RWN_bm_w_m32": "Гранатомет Piglet",
    "RWN_bm_w_m4": "Винтовка CAR-4",
    "RWN_bm_w_m45": "Пистолет-пулемет Swedish K",
    "RWN_bm_w_m95": "Снайперская винтовка Thanatos .50 cal",
    "RWN_bm_w_mg42": "Пулемет Buzzsaw 42",
    "RWN_bm_w_mode70": "Снайперская винтовка Platypus 70",
    "RWN_bm_w_mosin": "Снайперская винтовка Nagant",
    "RWN_bm_w_mp7": "Пистолет-пулемет SpecOps",
    "RWN_bm_w_msr": "Снайперская винтовка Rattlesnake",
    "RWN_bm_w_olympic": "Пистолет-пулемет Para",
    "RWN_bm_w_p226": "Пистолет Signature .40",
    "RWN_bm_w_p90": "Пистолет-пулемет Kobus 90",
    "RWN_bm_w_packrat": "Пистолет Contractor",
    "RWN_bm_w_peacemaker": "Револьвер Peacemaker .45",
    "RWN_bm_w_polymer": "Пистолет-пулемет Kross Vertex",
    "RWN_bm_w_ppk": "Пистолет Gruber Kurz",
    "RWN_bm_w_r870": "Дробовик Reinfeld 880",
    "RWN_bm_w_r93": "Снайперская винтовка R93",
    "RWN_bm_w_ray": "Ракетница Commando 101",
    "RWN_bm_w_rpg7": "Ракетница HRL-7",
    "RWN_bm_w_s552": "Винтовка Commando 553",
    "RWN_bm_w_saiga": "Дробовик Izhma 12G",
    "RWN_bm_w_saw": "Пила OVE9000",
    "RWN_bm_w_scar": "Винтовка Eagle Heavy",
    "RWN_bm_w_schakal": "Пистолет-пулемет Jackal",
    "RWN_bm_w_serbu": "Дробовик Locomotive 12G",
    "RWN_bm_w_slap": "Гранатомет Compact 40mm",
    "RWN_bm_w_striker": "Дробовик Street Sweeper",
    "RWN_bm_w_usp": "Пистолет Interceptor 45",
    "RWN_bm_w_wa2000": "Снайперская винтовка Lebensauger .308",
    "RWN_bm_w_x_b92fs": "Парные пистолеты Bernetti 9",
    "RWN_bm_wp_c96_nozzle": "Damper.L 44 Nozzle",
    "RWN_bm_wp_c96_sight": "Barrel Sight 44",
    "RWN_bm_wp_fps_upg_o_45rds": "45 Degree Red Dot Sight",
    "RWN_bm_wp_ns_duck": "Donald's Horizontal Leveller",
    "RWN_bm_wp_pis_g26": "Пистолет Chimano 88",
    "RWN_bm_wp_upg_o_spot": "Reconnaissance Sight",
    "RWN_bm_wpn_prj_four": "Сюрикен",
    "RWN_bm_wpn_prj_jav": "Копье",
    "RWN_bm_wpn_prj_target": "Метательный нож"
}