{"RWN_bm_dynamite": "DINAMITA", "RWN_bm_grenade_poison_gas_grenade": "GRANADA VIPER", "RWN_bm_melee_bat": "BATE DE BÉISBOL", "RWN_bm_melee_baton": "BASTÓN PLEGABLE", "RWN_bm_melee_boxing_gloves": "GUANTES DE BOXEO OVERKILL", "RWN_bm_melee_clean": "NAVAJA DE BARBERO ALABAMA", "RWN_bm_melee_dingdong": "MARTILLO DEMOLEDOR DING DONG", "RWN_bm_melee_fairbair": "CUCHILLO DE TRINCHERA", "RWN_bm_melee_fork": "EL MOTHERFORKER", "RWN_bm_melee_great": "ESPADÓN", "RWN_bm_melee_moneybundle": "FAJO DE BILLETES", "RWN_bm_melee_shovel": "PALA K.L.A.S.", "RWN_bm_melee_taser": "BASTÓN ELÉCTRICO BUZZER", "RWN_bm_melee_toothbrush": "LA NAVAJA CASERA DE NOVA", "RWN_bm_melee_zeus": "NUDILLOS DE ACERO ELÉCTRICOS", "RWN_bm_w_ak5": "AK5", "RWN_bm_w_ak74": "AK", "RWN_bm_w_akm_gold": "AK.762 DORADO", "RWN_bm_w_amcar": "AMCAR", "RWN_bm_w_arbiter": "LANZAGRANADAS ARBITER", "RWN_bm_w_aug": "UAR", "RWN_bm_w_b92fs": "BERNETTI 9", "RWN_bm_w_benelli": "M1014", "RWN_bm_w_c96": "BROOMSTICK", "RWN_bm_w_chinchilla": "CASTIGO", "RWN_bm_w_coal": "TATONKA", "RWN_bm_w_colt_1911": "CROSSKILL", "RWN_bm_w_corgi": "UNION", "RWN_bm_w_desertfox": "DESERTFOX", "RWN_bm_w_famas": "CLARION", "RWN_bm_w_g22c": "CHIMANO CUSTOM", "RWN_bm_w_g3": "GEWEHR 3", "RWN_bm_w_galil": "GECKO", "RWN_bm_w_gre_m79": "LANZAGRANADAS GL40", "RWN_bm_w_hailstorm": "HAILSTORM MK 5", "RWN_bm_w_huntsman": "MOSCONI", "RWN_bm_w_judge": "THE JUDGE", "RWN_bm_w_ksg": "RAVEN", "RWN_bm_w_m134": "MINIGUN VULCAN", "RWN_bm_w_m1928": "CHICAGO TYPEWRITER", "RWN_bm_w_m32": "LANZAGRANADAS PIGLET", "RWN_bm_w_m4": "CAR-4", "RWN_bm_w_m45": "SWEDISH K", "RWN_bm_w_m95": "THANATOS", "RWN_bm_w_mg42": "BUZZSAW 42", "RWN_bm_w_model70": "PLATYPUS 70", "RWN_bm_w_mosin": "NAGANT", "RWN_bm_w_mp7": "SPECOPS", "RWN_bm_w_msr": "RATTLESNAKE", "RWN_bm_w_olympic": "PARA", "RWN_bm_w_p226": "SIGNATURE", "RWN_bm_w_p90": "KOBUS 90", "RWN_bm_w_packrat": "CONTRACTOR", "RWN_bm_w_peacemaker": "PEACEMAKER", "RWN_bm_w_polymer": "KROSS VERTEX", "RWN_bm_w_ppk": "GRUBER KURZ", "RWN_bm_w_r870": "REINFELD 880", "RWN_bm_w_r93": "R93", "RWN_bm_w_ray": "LANZACOHETES COMMANDO 101", "RWN_bm_w_rpg7": "LANZACOHETES HRL-7", "RWN_bm_w_s552": "COMMANDO 553", "RWN_bm_w_saiga": "IZHMA", "RWN_bm_w_saw": "SIERRA PORTÁTIL OVE9000", "RWN_bm_w_scar": "EAGLE HEAVY", "RWN_bm_w_schakal": "JACKAL", "RWN_bm_w_serbu": "LOCOMOTIVE", "RWN_bm_w_sko12": "VD-12", "RWN_bm_w_slap": "LANZAGRANADAS COMPACTO", "RWN_bm_w_striker": "STREET SWEEPER", "RWN_bm_w_usp": "INTERCEPTOR", "RWN_bm_w_wa2000": "LEBENSAUGER", "RWN_bm_w_x_b92fs": "BERNETTI 9 DUALES", "RWN_bm_wp_c96_nozzle": "REDUCTOR DAMPER.L 44", "RWN_bm_wp_c96_sight": "MIRA ÓPTICA DE CAÑÓN 44", "RWN_bm_wp_ns_duck": "NIVELADOR HORIZONTAL DE DONALD", "RWN_bm_wp_pis_g26": "CHIMANO COMPACT", "RWN_bm_wp_upg_o_spot": "MIRA DE RECONOCIMIENTO", "RWN_bm_wpn_fps_upg_o_45rds": "MIRA ESTÁNDAR A 45 GRADOS", "RWN_bm_wpn_prj_four": "SHURIKEN", "RWN_bm_wpn_prj_jav": "JABALINA", "RWN_bm_wpn_prj_target": "CUCHILLO DE ASESINO", "RWN_menu_desc": "Configuración para Real Weapon Names", "RWN_menu_langchoice_default": "Automático", "RWN_menu_langchoice_desc": "Escoge el lenguaje de Real Weapon Names", "RWN_menu_langchoice_title": "Idioma del mod", "RWN_menu_parts_melee_desc": "Activar/Desactivar los nombres realistas de las armas Cuerpo a Cuerpo", "RWN_menu_parts_melee_title": "Armas Cuerpo a Cuerpo", "RWN_menu_parts_mods_desc": "Activar/Desactivar los nombres de los accesorios de armas", "RWN_menu_parts_mods_title": "Accesorios de armas", "RWN_menu_parts_throwables_desc": "Activar/Desactivar los nombres de las arrojadizas", "RWN_menu_parts_throwables_title": "Arrojadizas", "RWN_menu_parts_weapons_desc": "Activar/Desactivar los nombres de Armas", "RWN_menu_parts_weapons_title": "Armas"}