{"RWN_bm_dynamite": "Dynamite", "RWN_bm_grenade_poison_gas_grenade": "Grenade Viper", "RWN_bm_melee_bat": "Batte de baseball", "RWN_bm_melee_baton": "Bâton télescopique", "RWN_bm_melee_boxing_gloves": "Gants de boxe OVERKILL", "RWN_bm_melee_clean": "Rasoir d'Alabama", "RWN_bm_melee_dingdong": "Masse Ding dong", "RWN_bm_melee_fairbair": "Couteau de tranchée", "RWN_bm_melee_fork": "L'Enfourcheur", "RWN_bm_melee_great": "Épée à deux mains", "RWN_bm_melee_moneybundle": "Liasse", "RWN_bm_melee_shovel": "Pelle KLAS", "RWN_bm_melee_taser": "Le Coup de foudre", "RWN_bm_melee_toothbrush": "Surin de Nova", "RWN_bm_melee_zeus": "Poings électriques", "RWN_bm_w_ak5": "Fusil AK5", "RWN_bm_w_ak74": "Fusil AK", "RWN_bm_w_akm_gold": "Fusil AK.762 en or", "RWN_bm_w_amcar": "Fusil AMCAR", "RWN_bm_w_arbiter": "Lance-grenades Arbiter", "RWN_bm_w_aug": "Fusil UAR", "RWN_bm_w_b92fs": "Pistolet Bernetti 9", "RWN_bm_w_benelli": "Fusil à pompe M1014", "RWN_bm_w_c96": "Pistolet Broomstick", "RWN_bm_w_chinchilla": "Revolver Castigo .44", "RWN_bm_w_coal": "Mitraillette Tatonka", "RWN_bm_w_colt_1911": "Pistolet Crosskill", "RWN_bm_w_corgi": "Fusil Union 5.56", "RWN_bm_w_desertfox": "Fusil de précision Desertfox", "RWN_bm_w_famas": "Fusil Clarion", "RWN_bm_w_g22c": "Pistolet Chimano Custom", "RWN_bm_w_g3": "Fusil Gewehr 3", "RWN_bm_w_galil": "Fusil Gecko 7.62", "RWN_bm_w_gre_m79": "Lance-grenades GL40", "RWN_bm_w_hailstorm": "Mitragun Hailstorm Mk 5", "RWN_bm_w_huntsman": "Fusil de chasse Mosconi 12G", "RWN_bm_w_judge": "Fusil à pompe Judge", "RWN_bm_w_ksg": "Fusil à pompe Raven", "RWN_bm_w_m134": "Minigun Vulcan", "RWN_bm_w_m1928": "Mitraillette Chicago Typewriter", "RWN_bm_w_m32": "Lance-grenades Piglet", "RWN_bm_w_m4": "Fusil CAR-4", "RWN_bm_w_m45": "Mitraillette Swedish K", "RWN_bm_w_m95": "Fusil de précision Thanatos .50", "RWN_bm_w_mg42": "Mitrailleuse légère Buzzsaw 42", "RWN_bm_w_model70": "Fusil de précision Platypus 70", "RWN_bm_w_mosin": "Fusil de précision Nagant", "RWN_bm_w_mp7": "Mitraillette SpecOps", "RWN_bm_w_msr": "Fusil de précision Rattlesnake", "RWN_bm_w_olympic": "Mitraillette Para", "RWN_bm_w_p226": "Pistolet Signature .40", "RWN_bm_w_p90": "Mitraillette Kobus 90", "RWN_bm_w_packrat": "Pistolet Contractor", "RWN_bm_w_peacemaker": "Revolver Peacemaker .45", "RWN_bm_w_polymer": "Mitraillette Kross Vertex", "RWN_bm_w_ppk": "Pistolet Gruber Kurz", "RWN_bm_w_r870": "Fusil à pompe Reinfeld 880", "RWN_bm_w_r93": "Fusil de précision R93", "RWN_bm_w_ray": "Lance-roquettes Commando 101", "RWN_bm_w_rpg7": "Lance-roquettes HRL-7", "RWN_bm_w_s552": "Fusil Commando 553", "RWN_bm_w_saiga": "Fusil à pompe IZHMA 12G", "RWN_bm_w_saw": "Scie OVE9000", "RWN_bm_w_scar": "Fusil Eagle Heavy", "RWN_bm_w_schakal": "Mitraillette Jackal", "RWN_bm_w_serbu": "Fusil à pompe Locomotive 12G", "RWN_bm_w_sko12": "Fusil à pompe VD-12", "RWN_bm_w_slap": "Lance-grenades Compact 40mm", "RWN_bm_w_striker": "Fusil à pompe Street Sweeper", "RWN_bm_w_usp": "Pistolet Interceptor 45", "RWN_bm_w_wa2000": "Fusil de précision Lebensauger .308", "RWN_bm_w_x_b92fs": "Pistolets Bernetti 9 Akimbo", "RWN_bm_wp_c96_nozzle": "Embout Damper.L 44", "RWN_bm_wp_c96_sight": "Lunette de canon 44", "RWN_bm_wp_ns_duck": "Niveleur horizontal de Donald", "RWN_bm_wp_pis_g26": "Pistolet Chimano compact", "RWN_bm_wp_upg_o_spot": "Lunette de reconnaissance", "RWN_bm_wpn_fps_upg_o_45rds": "Viseur point rouge incliné", "RWN_bm_wpn_prj_four": "Shuriken", "RWN_bm_wpn_prj_jav": "Javelot", "RWN_bm_wpn_prj_target": "Couteau de lancer"}