{"RWN_bm_dynamite": "Dinamite", "RWN_bm_grenade_poison_gas_grenade": "Granata Viper", "RWN_bm_melee_bat": "Mazza da baseball", "RWN_bm_melee_baton": "Manganello telescopico", "RWN_bm_melee_boxing_gloves": "Guantoni da boxe OVERKILL", "RWN_bm_melee_clean": "Rasoio Alabama", "RWN_bm_melee_dingdong": "Martello ding dong", "RWN_bm_melee_fairbair": "Coltello da trincea", "RWN_bm_melee_fork": "Forchettone", "RWN_bm_melee_great": "Spada a due mani", "RWN_bm_melee_moneybundle": "Mazzetta di banconote", "RWN_bm_melee_shovel": "Pala K.L.A.S.", "RWN_bm_melee_taser": "Taser", "RWN_bm_melee_toothbrush": "Spazzolino NOVA", "RWN_bm_melee_zeus": "Tirapugni elettrico", "RWN_bm_w_ak5": "Fucile AK5", "RWN_bm_w_ak74": "Fucile AK", "RWN_bm_w_akm_gold": "Fucile dorato AK.762", "RWN_bm_w_amcar": "Fucile AMCAR", "RWN_bm_w_arbiter": "Lanciagranate Arbiter", "RWN_bm_w_aug": "Fucile UAR", "RWN_bm_w_b92fs": "Pistola Bernetti 9", "RWN_bm_w_benelli": "Fucile a pompa M1014", "RWN_bm_w_c96": "Pistola Broomstick", "RWN_bm_w_chinchilla": "Revolver Castigo .44", "RWN_bm_w_coal": "Pistola mitragliatrice Tatonka", "RWN_bm_w_colt_1911": "Pistola Crosskill", "RWN_bm_w_corgi": "Fucile Union 5.56", "RWN_bm_w_desertfox": "Fucile di precisione Desertfox", "RWN_bm_w_famas": "Fucile Clarion", "RWN_bm_w_g22c": "Pistola Chimano Custom", "RWN_bm_w_g3": "Fucile Gewehr 3", "RWN_bm_w_galil": "Fucile Gecko 7.62", "RWN_bm_w_gre_m79": "Lanciagranate GL40", "RWN_bm_w_hailstorm": "Hailstorm Mk 5", "RWN_bm_w_huntsman": "Fucile a pompa Mosconi cal. 12", "RWN_bm_w_judge": "Fucile a pompa Judge", "RWN_bm_w_ksg": "Fucile a pompa Raven", "RWN_bm_w_m134": "Minigun Vulcan", "RWN_bm_w_m1928": "Pistola mitragliatrice Chicago Typewriter", "RWN_bm_w_m32": "Lanciagranate Piglet", "RWN_bm_w_m4": "Fucile CAR-4", "RWN_bm_w_m45": "Pistola mitragliatrice Svedese K", "RWN_bm_w_m95": "Fucile di precisione Thanatos cal. 50", "RWN_bm_w_mg42": "Mitragliatrice leggera Buzzsaw 42", "RWN_bm_w_model70": "Fucile di precisione Platypus 70", "RWN_bm_w_mosin": "Fucile di precisione Nagant", "RWN_bm_w_mp7": "Pistola mitragliatrice SpecOps", "RWN_bm_w_msr": "Fucile di precisione Rattlesnake", "RWN_bm_w_olympic": "Pistola mitragliatrice Para", "RWN_bm_w_p226": "Pistola Signature .40", "RWN_bm_w_p90": "Pistola mitragliatrice Kobus 90", "RWN_bm_w_packrat": "Pistola Contractor", "RWN_bm_w_peacemaker": "Revolver Peacemaker .45", "RWN_bm_w_polymer": "Pistola mitragliatrice Kross Vertex", "RWN_bm_w_ppk": "Pistola Gruber Kurz", "RWN_bm_w_r870": "Fucile a pompa Reinfeld 880", "RWN_bm_w_r93": "Fucile di precisione R93", "RWN_bm_w_ray": "Lanciarazzi Commando 101", "RWN_bm_w_rpg7": "Lanciarazzi HRL-7", "RWN_bm_w_s552": "Fucile Commando 553", "RWN_bm_w_saiga": "Fucile a pompa IZHMA cal. 12", "RWN_bm_w_saw": "Motosega OVE9000", "RWN_bm_w_scar": "Fucile pesante Eagle", "RWN_bm_w_schakal": "Pistola mitragliatrice Jackal", "RWN_bm_w_serbu": "Fucile a pompa Locomotive cal. 12", "RWN_bm_w_sko12": "Fucile a pompa VD-12", "RWN_bm_w_slap": "Lanciagranate Compact 40mm", "RWN_bm_w_striker": "Fucile a pompa Streetsweeper", "RWN_bm_w_usp": "Pistola Interceptor 45", "RWN_bm_w_wa2000": "Fucile di precisione Lebensauger .308", "RWN_bm_w_x_b92fs": "Doppie pistole Bernetti 9", "RWN_bm_wp_c96_nozzle": "Estensione modello Damper .L 44", "RWN_bm_wp_c96_sight": "Mirino 44", "RWN_bm_wp_ns_duck": "Estensione Orizzontale Donald", "RWN_bm_wp_pis_g26": "Pistola Chimano Compact", "RWN_bm_wp_upg_o_spot": "Mirino da Ricognizione", "RWN_bm_wpn_fps_upg_o_45rds": "Mirino a 45 gradi", "RWN_bm_wpn_prj_four": "Shuriken", "RWN_bm_wpn_prj_jav": "Giavellotto", "RWN_bm_wpn_prj_target": "Coltello da Lancio", "RWN_menu_desc": "Menu impostazioni di Real Weapon Names", "RWN_menu_langchoice_default": "Automatica", "RWN_menu_langchoice_desc": "Seleziona la lingua di Real Weapon Names", "RWN_menu_langchoice_title": "Lingua Mod"}