{"RWN_bm_dynamite": "炸药", "RWN_bm_grenade_poison_gas_grenade": "蝰蛇手雷", "RWN_bm_melee_bat": "棒球棍", "RWN_bm_melee_baton": "可伸缩警棍", "RWN_bm_melee_boxing_gloves": "OVERKILL全集手套", "RWN_bm_melee_clean": "亚拉巴马剃刀", "RWN_bm_melee_dingdong": "叮咚破墙锤", "RWN_bm_melee_fairbair": "战壕军刺", "RWN_bm_melee_fork": "妈了个叉", "RWN_bm_melee_great": "巨剑", "RWN_bm_melee_moneybundle": "钞票", "RWN_bm_melee_shovel": "K.L.A.S.短柄攻击铲", "RWN_bm_melee_taser": "电击器", "RWN_bm_melee_toothbrush": "诺娃的牙刷", "RWN_bm_melee_zeus": "电击指虎", "RWN_bm_w_ak5": "AK5步枪", "RWN_bm_w_ak74": "AK步枪", "RWN_bm_w_akm_gold": "黄金AK.762步枪", "RWN_bm_w_amcar": "AMCAR步枪", "RWN_bm_w_arbiter": "Arbiter榴弹发射器", "RWN_bm_w_aug": "UAR 步枪", "RWN_bm_w_b92fs": "Bernetti 9手枪", "RWN_bm_w_benelli": "M1014霰弹枪", "RWN_bm_w_c96": "Broomstick手枪", "RWN_bm_w_chinchilla": "Castigo .44左轮手枪", "RWN_bm_w_coal": "Tatonka冲锋枪", "RWN_bm_w_colt_1911": "Crosskill手枪", "RWN_bm_w_corgi": "Union 5.56步枪", "RWN_bm_w_desertfox": "Desertfox狙击步枪", "RWN_bm_w_famas": "Clarion步枪", "RWN_bm_w_g22c": "Chimano Custom手枪", "RWN_bm_w_g3": "Gewehr 3步枪", "RWN_bm_w_galil": "Gecko 7.62步枪", "RWN_bm_w_gre_m79": "GL40榴弹发射器", "RWN_bm_w_hailstorm": "Hailstorm Mk 5", "RWN_bm_w_huntsman": "Mosconi 12G霰弹枪", "RWN_bm_w_judge": "The Judge霰弹枪", "RWN_bm_w_ksg": "Raven霰弹枪", "RWN_bm_w_m134": "Vulcan转轮机枪", "RWN_bm_w_m1928": "Chicago Typewriter冲锋枪", "RWN_bm_w_m32": "Piglet榴弹发射器", "RWN_bm_w_m4": "CAR-4步枪", "RWN_bm_w_m45": "Swedish K冲锋枪", "RWN_bm_w_m95": "Thanatos .50 cal狙击步枪", "RWN_bm_w_mg42": "Buzzsaw 42轻机枪", "RWN_bm_w_model70": "Platypus 70狙击步枪", "RWN_bm_w_mosin": "Nagant狙击步枪", "RWN_bm_w_mp7": "SpecOps 冲锋枪", "RWN_bm_w_msr": "Rattlesnake狙击步枪", "RWN_bm_w_olympic": "Para 冲锋枪", "RWN_bm_w_p226": "Signature .40 手枪", "RWN_bm_w_p90": "Kobus 90 冲锋枪", "RWN_bm_w_packrat": "Contractor 手枪", "RWN_bm_w_peacemaker": "Peacemaker .45左轮手枪", "RWN_bm_w_polymer": "Kross Vertex 冲锋枪", "RWN_bm_w_ppk": "Gruber Kurz 手枪", "RWN_bm_w_r870": "Reinfeld 880 霰弹枪", "RWN_bm_w_r93": "R93狙击步枪", "RWN_bm_w_ray": "Commando 101火箭发射器", "RWN_bm_w_rpg7": "HRL-7火箭发射器", "RWN_bm_w_s552": "Commando 553步枪", "RWN_bm_w_saiga": "Izhma 12G霰弹枪", "RWN_bm_w_saw": "OVE9000 Saw", "RWN_bm_w_scar": "Eagle Heavy步枪", "RWN_bm_w_schakal": "Jackal冲锋枪", "RWN_bm_w_serbu": "Locomotive 12G 霰弹枪", "RWN_bm_w_sko12": "VD-12霰弹枪", "RWN_bm_w_slap": "Compact 40mm榴弹发射器", "RWN_bm_w_striker": "Street Sweeper霰弹枪", "RWN_bm_w_usp": "Interceptor 45手枪", "RWN_bm_w_wa2000": "Lebensauger .308狙击步枪", "RWN_bm_w_x_b92fs": "双持 Bernetti 9手枪", "RWN_bm_wp_c96_nozzle": "大型阻尼器44喷嘴", "RWN_bm_wp_c96_sight": "桶式瞄具44", "RWN_bm_wp_ns_duck": "唐纳德的整平器", "RWN_bm_wp_pis_g26": "Chimano 88手枪", "RWN_bm_wp_upg_o_spot": "侦查瞄具", "RWN_bm_wpn_fps_upg_o_45rds": "45度红点瞄具", "RWN_bm_wpn_prj_four": "手里剑", "RWN_bm_wpn_prj_jav": "标枪", "RWN_bm_wpn_prj_target": "飞刀", "RWN_menu_desc": "RWN 的设置菜单", "RWN_menu_langchoice_default": "自动检测", "RWN_menu_langchoice_desc": "为 RWN 选择语言", "RWN_menu_langchoice_title": "选择 Mod 语言", "RWN_menu_parts_melee_desc": "启用或禁用近战武器的改名", "RWN_menu_parts_melee_title": "替换近战武器名称", "RWN_menu_parts_mods_desc": "启用或禁用武器配件的改名", "RWN_menu_parts_mods_title": "替换武器配件名称", "RWN_menu_parts_throwables_desc": "启用或禁用投掷武器的改名", "RWN_menu_parts_throwables_title": "替换投掷道具名称", "RWN_menu_parts_weapons_desc": "启用或禁用枪械的改名", "RWN_menu_parts_weapons_title": "替换武器名称", "RWN_menu_title": "真实武器名称"}