{
    "RWN_bm_dynamite": "Dynamite",
    "RWN_bm_melee_bat": "Baseball Bat",
    "RWN_bm_melee_baton": "Telescopic Baton",
    "RWN_bm_melee_boxing_gloves": "OVERKILL Boxing Gloves",
    "RWN_bm_melee_clean": "Alabama Razor",
    "RWN_bm_melee_dingdong": "Ding Dong Breaching Tool",
    "RWN_bm_melee_fairbair": "Trench Knife",
    "RWN_bm_melee_fork": "The Motherforker",
    "RWN_bm_melee_great": "Great Sword",
    "RWN_bm_melee_moneybundle": "Money Bundle",
    "RWN_bm_melee_shovel": "K.L.A.S. Shovel",
    "RWN_bm_melee_taser": "Buzzer",
    "RWN_bm_melee_toothbrush": "Nova's Shank",
    "RWN_bm_melee_zeus": "Electrical Brass Knuckles",
    "RWN_bm_w_1911": "Crosskill Pistol",
    "RWN_bm_w_ak5": "AK5 Rifle",
    "RWN_bm_w_ak74": "AK Rifle",
    "RWN_bm_w_akm_gold": "Golden AK.762 Rifle",
    "RWN_bm_w_amcar": "AMCAR Rifle",
    "RWN_bm_w_arbiter": "Arbiter Grenade Launcher",
    "RWN_bm_w_aug": "UAR Rifle",
    "RWN_bm_w_b92fs": "Bernetti 9 Pistol",
    "RWN_bm_w_benelli": "M1014 Shotgun",
    "RWN_bm_w_c96": "Broomstick Pistol",
    "RWN_bm_w_coal": "Tatonka Submachine Gun",
    "RWN_bm_w_corgi": "Union 5.56 Rifle",
    "RWN_bm_w_desertfox": "Desertfox Sniper Rifle",
    "RWN_bm_w_famas": "Clarion Rifle",
    "RWN_bm_w_g22c": "Chimano Custom Pistol",
    "RWN_bm_w_g3": "Gewehr 3 Rifle",
    "RWN_bm_w_galil": "Gecko 7.62 Rifle",
    "RWN_bm_w_gre_m79": "GL40 Grenade Launcher",
    "RWN_bm_w_huntsman": "Mosconi 12G Shotgun",
    "RWN_bm_w_judge": "The Judge Shotgun",
    "RWN_bm_w_ksg": "Raven Shotgun",
    "RWN_bm_w_m134": "Vulcan Minigun",
    "RWN_bm_w_m1928": "Chicago Typewriter Submachine Gun",
    "RWN_bm_w_m32": "Piglet Grenade Launcher",
    "RWN_bm_w_m4": "CAR-4 Rifle",
    "RWN_bm_w_m45": "Swedish K Submachine Gun",
    "RWN_bm_w_m95": "Thanatos .50 cal Sniper Rifle",
    "RWN_bm_w_mg42": "Buzzsaw 42 Light Machine Gun",
    "RWN_bm_w_mode70": "Platypus 70 Sniper Rifle",
    "RWN_bm_w_mosin": "Nagant Sniper Rifle",
    "RWN_bm_w_mp7": "SpecOps Submachine Gun",
    "RWN_bm_w_msr": "Rattlesnake Sniper Rifle",
    "RWN_bm_w_olympic": "Para Submachine Gun",
    "RWN_bm_w_p226": "Signature .40 Pistol",
    "RWN_bm_w_p90": "Kobus 90 Submachine Gun",
    "RWN_bm_w_packrat": "Contractor Pistol",
    "RWN_bm_w_peacemaker": "Peacemaker .45 Revolver",
    "RWN_bm_w_polymer": "Kross Vertex Submachine Gun",
    "RWN_bm_w_ppk": "Gruber Kurz Pistol",
    "RWN_bm_w_r870": "Reinfeld 880 Shotgun",
    "RWN_bm_w_r93": "R93 Sniper Rifle",
    "RWN_bm_w_ray": "Commando 101 Rocket Launcher",
    "RWN_bm_w_rpg7": "HRL-7 Rocket Launcher",
    "RWN_bm_w_s552": "Commando 553 Rifle",
    "RWN_bm_w_saiga": "Izhma 12G Shotgun",
    "RWN_bm_w_saw": "OVE9000 Saw",
    "RWN_bm_w_scar": "Eagle Heavy Rifle",
    "RWN_bm_w_schakal": "Jackal Submachine Gun",
    "RWN_bm_w_serbu": "Locomotive 12G Shotgun",
    "RWN_bm_w_slap": "Compact 40mm Grenade Launcher",
    "RWN_bm_w_striker": "Street Sweeper Shotgun",
    "RWN_bm_w_usp": "Interceptor 45 Pistol",
    "RWN_bm_w_wa2000": "Lebensauger .308 Sniper Rifle",
    "RWN_bm_w_x_b92fs": "Akimbo Bernetti 9 Pistols",
    "RWN_bm_wp_c96_nozzle": "Damper.L 44 Nozzle",
    "RWN_bm_wp_c96_sight": "Barrel Sight 44",
    "RWN_bm_wp_fps_upg_o_45rds": "45 Degree Red Dot Sight",
    "RWN_bm_wp_ns_duck": "Donald's Horizontal Leveller",
    "RWN_bm_wp_pis_g26": "Chimano 88 Pistol",
    "RWN_bm_wp_upg_o_spot": "Reconnaissance Sight",
    "RWN_bm_wpn_prj_four": "Shuriken",
    "RWN_bm_wpn_prj_jav": "Javelin",
    "RWN_bm_wpn_prj_target": "Throwing Knife",
    "RWN_menu_desc": "Settings menu for Real Weapon Names",
    "RWN_menu_langchoice_default": "Automatic",
    "RWN_menu_langchoice_desc": "Select the language of Real Weapon Names",
    "RWN_menu_langchoice_english": "English",
    "RWN_menu_langchoice_french": "Français",
    "RWN_menu_langchoice_german": "Deutsch",
    "RWN_menu_langchoice_italian": "Italiano",
    "RWN_menu_langchoice_russian": "Русский язык",
    "RWN_menu_langchoice_spanish": "Español",
    "RWN_menu_langchoice_title": "Mod Language",
    "RWN_menu_parts_melee_desc": "Enables/disables the renaming of melee weapons",
    "RWN_menu_parts_melee_title": "Melee Weapons",
    "RWN_menu_parts_mods_desc": "Enables/disables the renaming of weapon mods",
    "RWN_menu_parts_mods_title": "Weapon Mods",
    "RWN_menu_parts_throwables_desc": "Enables/disables the renaming of throwables",
    "RWN_menu_parts_throwables_title": "Throwables",
    "RWN_menu_parts_weapons_desc": "Enables/disables the renaming of weapons",
    "RWN_menu_parts_weapons_title": "Weapons",
    "RWN_menu_title": "Real Weapon Names"
}