{"bm_w_aa12": "Дробовик AA-12", "bm_w_ak12": "Винтовка AK-12", "bm_w_ak5": "Винтовка АК 5", "bm_w_ak74": "AK-74", "bm_w_akm": "АКМ", "bm_w_akm_gold": "Золотой АКМ", "bm_w_akmsu": "АКМСУ", "bm_w_amcar": "Кольт, модель 733", "bm_w_arbiter": "Гранатомет XM25", "bm_w_asval": "Винтовка AS Val", "bm_w_aug": "Винтовка AUG A2", "bm_w_b682": "Дробовик CZ Redhead Deluxe O/U", "bm_w_b92fs": "Беррета 92FS", "bm_w_baka": "Мини узи", "bm_w_basset": "Дробовик CBRPS Spike X1S Saiga-12K CQB Conversion", "bm_w_benelli": "Дробовик Бенелли M4 Super 90", "bm_w_boot": "Винчестер 1887 года выпуска", "bm_w_breech": "Люгер P08", "bm_w_c96": "Пистолет Маузер C96", "bm_w_china": "Гранатомет China Lake", "bm_w_chinchilla": "Пистолет Smith & Wesson Model 29", "bm_w_ching": "Винтовка M1 Гарант", "bm_w_coach": "Дробовик Ремингтон 1889 года", "bm_w_coal": "Пистолет-пулемет Бизон-2", "bm_w_cobray": "Cobray M11/9", "bm_w_colt_1911": "Кольт М1911", "bm_w_contraband": "Винтовка HK417 with M203 PI Grenade Launcher", "bm_w_corgi": "Винтовка FN F2000", "bm_w_deagle": "Пустынный орел", "bm_w_desertfox": "Винтовка DTA Stealth Recon Scout A1", "bm_w_erma": "MP40", "bm_w_fal": "Винтовка DSA SA58 FAL", "bm_w_famas": "Винтовка Famas F1", "bm_w_flamethrower_mk2": "Огнемет", "bm_w_g22c": "Глок 22C", "bm_w_g3": "Винтовка G3A3", "bm_w_g36": "Винтовка G36", "bm_w_galil": "Винтовка Galil ARM", "bm_w_glock_17": "Глок 17", "bm_w_glock_18c": "Глок 18C", "bm_w_gre_m79": "Гранатомет M79", "bm_w_hajk": "CZ 805 BREN A1", "bm_w_hk21": "H&K HK21E", "bm_w_hs2000": "Пистолет Springfield Armory XDM", "bm_w_hunter": "Пистолет-арбалет Amur Falcon", "bm_w_huntsman": "Двустволка IGA", "bm_w_jowi": "Парные Глок 26", "bm_w_judge": "Дробовик Taurus 4510PLYFS", "bm_w_komodo": "Винтовка IWI X95", "bm_w_ksg": "Дробовик KSG", "bm_w_l85a2": "Винтовка Енфилд", "bm_w_legacy": "Пистолет H&K P7M13", "bm_w_lemming": "Пистолет FN Five-seveN", "bm_w_long": "Английский лук", "bm_w_m134": "Миниган M134", "bm_w_m14": "Винтовка М14", "bm_w_m16": "Винтовка M16A4", "bm_w_m1928": "Пистолет-пулемет Томпсона M1928A1 LTD", "bm_w_m249": "FN M249 Para", "bm_w_m32": "Гранатомет Milkor MGL Mk 1L", "bm_w_m37": "Дробовик Ithaca 37", "bm_w_m4": "Винтовка М4А1", "bm_w_m45": "Carl Gustav M/45B", "bm_w_m95": "Баррет M95", "bm_w_mac10": "MAC-11", "bm_w_mateba": "Пистолет Mateba 2006M", "bm_w_mg42": "MG 42", "bm_w_model70": "Винчестер модель 70", "bm_w_mosin": "Винтовка Мосина-Наганта", "bm_w_mp5": "MP5", "bm_w_mp7": "H&K MP7A2", "bm_w_mp9": "MP9", "bm_w_msr": "Винтовка Remington MSR", "bm_w_olympic": "Olympic Arms K23B", "bm_w_p226": "Пистолет SIG-Sauer P226R", "bm_w_p90": "FN P90", "bm_w_packrat": "Пистолет H&K P30L", "bm_w_par": "FN M240G", "bm_w_peacemaker": "Пистолет Ruger New Vaquero", "bm_w_pl14": "Пистолет лебедева", "bm_w_polymer": "ПП Вектор", "bm_w_ppk": "Вольтер", "bm_w_r870": "Дробовик Ремингтон М870", "bm_w_r93": "Винтовка Blaser R93 LRS2", "bm_w_raging_bull": "Пистолет Taurus Raging Bull", "bm_w_ray": "Ракетная установка M202 FLASH", "bm_w_rota": "Дробовик Crye Precision SIX12", "bm_w_rpg7": "РПГ-7", "bm_w_rpk": "Izhmash RPK", "bm_w_s552": "Винтовка SG 552-2", "bm_w_saiga": "Дробовик Сайга-12К", "bm_w_saw": "Пила OVE9000", "bm_w_scar": "Винтовка SCAR-H STD", "bm_w_schakal": "UMP45", "bm_w_scorpion": "Скорпион Vz.61", "bm_w_serbu": "Дробовик Remington 870 Short-barreled", "bm_w_shepheard": "MPX", "bm_w_shrew": "Пистолет Colt Defender", "bm_w_shuno": "Миниган XM556", "bm_w_siltstone": "СВД Драгунова", "bm_w_slap": "Гранатомет M320", "bm_w_sparrow": "Пистолет IWI Jericho 941 PL", "bm_w_spas12": "Дробовик SPAS-12", "bm_w_sr2": "TsNIITochMash SR-2M Veresk", "bm_w_sterling": "Стерлинг L2A3", "bm_w_striker": "Дробовик Sentinel Arms Striker-12", "bm_w_sub2000": "Винтовка Kel-Tec SUB-2000", "bm_w_system": "Огнемет The Boring Company Not A Flamethrower", "bm_w_tec9": "Intratec TEC-9", "bm_w_tecci": "Винтовка HK416C", "bm_w_tti": "Винтовка Taran Tactical Innovations TR-1 Ultra-light", "bm_w_usp": "Пистолет USP45", "bm_w_uzi": "Узи IMI", "bm_w_vhs": "Винтовка HS Produkt VHS-D2", "bm_w_wa2000": "Вольтер WA 2000", "bm_w_winchester1874": "Винчестер 1873 года выпуска", "bm_w_x_1911": "Парные М1911", "bm_w_x_2006m": "Парные Mateba 2006M", "bm_w_x_akmsu": "Парные AKMSU", "bm_w_x_b92fs": "Парные Беррета 92FS", "bm_w_x_baka": "Парные IMI Micro Uzi", "bm_w_x_basset": "Парные CBRPS Spike X1S Saiga-12K CQB", "bm_w_x_breech": "Парные Люгер P08", "bm_w_x_c96": "Парные Маузер C96", "bm_w_x_chinchilla": "Парные Smith & Wesson Model 29", "bm_w_x_coal": "Парные Izhmash PP-19 Bizon-2", "bm_w_x_cobray": "Парные Cobray M11/9", "bm_w_x_deagle": "Парные Пустынный орел Mark XIX", "bm_w_x_erma": "Парные MP40", "bm_w_x_g17": "Парные Глок 17", "bm_w_x_g18c": "Парные Glock 18C", "bm_w_x_g22c": "Парные Глок 22C", "bm_w_x_hajk": "Парные CZ 805 BREN A1", "bm_w_x_hs2000": "Парные Springfield Armory XDM", "bm_w_x_judge": "Парные Taurus 4510PLYFS", "bm_w_x_legacy": "Парные H&K P7M13", "bm_w_x_m1928": "Парные Thompson M1928A1 LTD", "bm_w_x_m45": "Парные Carl Gustav M/45B", "bm_w_x_mac10": "Парные Ingram MAC-11", "bm_w_x_mp5": "Парные H&K MP5", "bm_w_x_mp7": "Парные H&K MP7A2", "bm_w_x_mp9": "Парные Brügger & Thomet MP9", "bm_w_x_olympic": "Парные Olympic Arms K23B", "bm_w_x_p226": "Парные SIG-Sauer P226R", "bm_w_x_p90": "Парные FN P90 TR", "bm_w_x_packrat": "Парные H&K P30L", "bm_w_x_pl14": "Парные Пистолеты лебедева", "bm_w_x_polymer": "Парные KRISS Vector", "bm_w_x_ppk": "Парные Вольтер PPK", "bm_w_x_rage": "Парные Taurus Raging Bull", "bm_w_x_rota": "Парные Crye Precision SIX12", "bm_w_x_schakal": "Парные H&K UMP45", "bm_w_x_scorpion": "Парные Sa. Vz.61 Skorpion", "bm_w_x_shepheard": "Парные SIG-Sauer MPX", "bm_w_x_shrew": "Парные Colt Defender", "bm_w_x_sparrow": "Парные IWI Jericho 941 PL", "bm_w_x_sr2": "Парные TsNIITochMash SR-2M Veresk", "bm_w_x_sterling": "Парные Sterling L2A3", "bm_w_x_tec9": "Парные Intratec TEC-9", "bm_w_x_usp": "Парные Пистолеты USP45", "bm_w_x_uzi": "Парные IMI Uzi", "bm_wp_pis_g26": "Глок 26", "hud_carry_weapon": "Винтовка АКС-74", "hud_carry_weapon_glock": "Глок 17", "hud_carry_weapon_scar": "Винтовка FN SCAR-H", "menu_akimbo": "Акимбо", "menu_aru_job_2_obj_desc": "Убейте 50 противников, используя пистолет Luger P08", "menu_aru_job_3_obj_desc": "Убейте 100 противников, используя пистолет-пулемет MP40", "menu_aru_job_4_obj_desc": "Убейте 200 противников, используя винтовку M1 Гарант", "menu_assault_rifle": "Штурмовые винтовки", "menu_challenge_frog_1_objective": "Завершите \"СПАСЕНИЕ ХОКСТОНА\" без навыков на сложности OVERKILL или выше, используя золотую винтовку AKMS, пистолет-пулемет Thompson M1928A1 LTD и костюм-двойку.", "menu_challenge_monthly_firestarter_objective": "Завершите \"ПОДЖИГАТЕЛЬ\" без навыков на сложности OVERKILL или выше, используя только карабин Colt Model 733, пистолет Glock 17 и костюм-двойку.", "menu_challenge_monthly_rats_objective": "Завершите \"КРЫСЫ\" без навыков на сложности OVERKILL или выше, используя только Colt Model 733, Glock 17 и костюм-двойку.", "menu_challenge_monthly_shadowraid_objective": "Завершите \"ТЕНЕВОЙ РЕЙД\" без навыков на сложности OVERKILL или выше, используя только карабин Colt Model 733, пистолет Glock 17 и костюм-двойку.", "menu_lmg": "Пулеметы", "menu_pistol": "Пистолеты", "menu_shotgun": "Дробовики", "menu_smg": "Пистолет-пулеметы", "menu_snp": "Снайперские винтовки"}