{"bm_w_aa12": "MPS AA-12 CQB", "bm_w_ak12": "AK-12", "bm_w_ak5": "BOFORS AK 5", "bm_w_ak74": "AKS-74", "bm_w_akm": "AKMS", "bm_w_akm_gold": "AKMS DORADA", "bm_w_akmsu": "AKMSU", "bm_w_amcar": "COLT MODEL 733", "bm_w_arbiter": "ATK XM25", "bm_w_asval": "AS VAL", "bm_w_aug": "STEYR AUG A2", "bm_w_awp": "ACCURACY INTERNATIONAL AW-F", "bm_w_b682": "CZ REDHEAD DELUXE O/U", "bm_w_b92fs": "BERETTA 92FS CENTURION", "bm_w_baka": "IMI MICRO UZI", "bm_w_basset": "CBRPS SPIKE X1S", "bm_w_beer": "BERETTA 93R", "bm_w_benelli": "BENELLI M4 SUPER 90", "bm_w_bessy": "MOSQUETE BROWN BESS", "bm_w_boot": "WINCHESTER MODEL 1887", "bm_w_breech": "LUGER P08", "bm_w_c96": "MAUSER C96", "bm_w_china": "LANZAGRANADAS CHINA LAKE", "bm_w_chinchilla": "S&W MODEL 29", "bm_w_ching": "M1 GARAND", "bm_w_coach": "REMINGTON EXPOSED HAMMER SXS", "bm_w_coal": "PP-19 BIZON-2", "bm_w_cobray": "COBRAY M11/9", "bm_w_colt_1911": "SA 1911 LIGHTWEIGHT OPERATOR", "bm_w_contender": "THOMPSON CENTER ARMS CONTENDER G2", "bm_w_contraband": "H&K HK417", "bm_w_contraband_m203": "LANZAGRANADAS M203 DEL H&K HK417", "bm_w_corgi": "FN F2000 TACTICAL", "bm_w_czech": "CZ 75/ACCUSHADOW 2", "bm_w_deagle": "IMI DESERT EAGLE MARK XIX", "bm_w_desertfox": "DTA STEALTH RECON SCOUT A1", "bm_w_elastic": "ARCO COMPUESTO QUEST RADICAL", "bm_w_erma": "MP40", "bm_w_fal": "DSA SA58 FAL", "bm_w_famas": "FAMAS F1", "bm_w_flamethrower_mk2": "LANZALLAMAS", "bm_w_fmg9": "MAGPUL FDC-9", "bm_w_g22c": "GLOCK 22C", "bm_w_g3": "H&K G3A3", "bm_w_g36": "H&K G36KV", "bm_w_galil": "IMI GALIL ARM", "bm_w_glock_17": "GLOCK 17", "bm_w_glock_18c": "GLOCK 18C", "bm_w_gre_m79": "LANZAGRANADAS M79", "bm_w_groza": "OTS-14-4A GROZA", "bm_w_hailstorm": "MAGPUL PDR METAL STORM", "bm_w_hajk": "CZ 805 BREN A1", "bm_w_hcar": "OHIO ORDNANCE HCAR", "bm_w_hk21": "H&K HK21E", "bm_w_hk51b": "VOLLMER HK51-B", "bm_w_holt": "HUDSON H9", "bm_w_hs2000": "SPRINGFIELD ARMORY XDM", "bm_w_hunter": "PISTOLA-BALLESTA AVALANCHE TACTICAL", "bm_w_huntsman": "STOEGER/IGA", "bm_w_jowi": "GLOCK 26 DUALES", "bm_w_judge": "TAURUS 4510PLYFS", "bm_w_kacchainsaw": "KAC CHAINSAW", "bm_w_komodo": "IWI TAVOR X95", "bm_w_korth": "KORTH NXA", "bm_w_ksg": "KEL-TEC KSG", "bm_w_l85a2": "L85A2", "bm_w_legacy": "H&K P7M13", "bm_w_lemming": "FN FIVE-SEVEN FDE", "bm_w_long": "ARCO INGLÉS", "bm_w_m134": "M134 MINIGUN", "bm_w_m14": "M14 DESIGNATED MARKSMAN RIFLE", "bm_w_m16": "M16A4", "bm_w_m1897": "WINCHESTER MODEL 1897", "bm_w_m1911": "COLT M1911/A1", "bm_w_m1928": "M1928 THOMPSON", "bm_w_m249": "M249 PARA", "bm_w_m32": "LANZAGRANADAS MILKOR MGL MK 1L", "bm_w_m37": "ITHACA 37", "bm_w_m4": "M4A1", "bm_w_m45": "CARL GUSTAV M/45B", "bm_w_m590": "MOSSBERG 590 COMPACT CRUISER", "bm_w_m60": "M60", "bm_w_m95": "BARRETT M95", "bm_w_mac10": "INGRAM MAC-11", "bm_w_mateba": "MATEBA 2006M", "bm_w_maxim9": "SILENCERCO MAXIM 9", "bm_w_mg42": "MG 42", "bm_w_model3": "S&W NO. 3 MODELO RUSO", "bm_w_model70": "WINCHESTER MODEL 70", "bm_w_mosin": "MOSIN NAGANT M91/30", "bm_w_mp5": "H&K MP5A2", "bm_w_mp7": "H&K MP7A1", "bm_w_mp9": "B&T MP9", "bm_w_ms3gl": "LANZAGRANADAS METAL STORM 3GL", "bm_w_msr": "REMINGTON MSR", "bm_w_olympic": "OLYMPIC ARMS K23B", "bm_w_p226": "SIG-SAUER P226R", "bm_w_p90": "FN P90 TR", "bm_w_packrat": "H&K P30L", "bm_w_par": "M240B", "bm_w_peacemaker": "RUGER NEW VAQUERO", "bm_w_pl14": "KALASHNIKOV PL-14 LEBEDEV", "bm_w_pm9": "MINEBEA PM-9", "bm_w_polymer": "KRISS VECTOR", "bm_w_ppk": "WALTHER PPK/S", "bm_w_qbu88": "NORINCO QBU-88", "bm_w_r700": "REMINGTON MODEL 700P", "bm_w_r870": "REMINGTON MODEL 870 FIELD GUN", "bm_w_r93": "BLASER R93 TACTICAL 2", "bm_w_raging_bull": "TAURUS RAGING BULL", "bm_w_ray": "M202 FLASH", "bm_w_rota": "CRYE PRECISION SIX12", "bm_w_rpg7": "RPG-7", "bm_w_rpk": "RPK", "bm_w_rsh12": "RSH-12", "bm_w_s552": "SIG SG 552-2", "bm_w_saiga": "SAIGA-12K", "bm_w_saw": "SIERRA OVE9000", "bm_w_sbl": "MARLIN MODEL 1895 TRAPPER", "bm_w_scar": "FN SCAR-H", "bm_w_schakal": "H&K UMP45", "bm_w_scorpion": "SA. VZ.61 E SKORPION", "bm_w_scout": "STEYR SCOUT", "bm_w_serbu": "REMINGTON MODEL 870 DE CAÑÓN CORTO", "bm_w_shak12": "SHAK-12", "bm_w_shepheard": "SIG-SAUER MPX", "bm_w_shrew": "COLT DEFENDER", "bm_w_shuno": "EMPTY SHELL LLC XM556 MIRCOGUN", "bm_w_siltstone": "SVD DRAGUNOV", "bm_w_sko12": "STD. MANUFACTURING SKO-12", "bm_w_slap": "H&K M320", "bm_w_sparrow": "IWI JERICHO 941 PL", "bm_w_spas12": "FRANCHI SPAS-12", "bm_w_sr2": "SR-2M VERESK", "bm_w_stech": "STECHKIN APS", "bm_w_sterling": "STERLING L2A3", "bm_w_striker": "SENTINEL ARMS STRIKER-12", "bm_w_sub2000": "KEL-TEC SUB-2000", "bm_w_supernova": "BENELLI SUPERNOVA TACTICAL", "bm_w_system": "LANZALLAMAS THE BORING COMPANY", "bm_w_tec9": "INTRATEC TEC-9", "bm_w_tecci": "H&K HK416C", "bm_w_tkb": "TKB-059", "bm_w_tti": "TTI TR-1 ULTRALIGHT", "bm_w_type54": "TOKAREV TT-33", "bm_w_ultima": "BAIKAL MP-155 ULTIMA", "bm_w_usp": "H&K USP45 TACTICAL", "bm_w_uzi": "IMI UZI", "bm_w_vhs": "HS PRODUKT VHS-D2", "bm_w_victor": "SPRINGFIELD ARMORY SAINT VICTOR", "bm_w_vityaz": "PP-19-01 VITYAZ-SN", "bm_w_wa2000": "WALTHER WA 2000", "bm_w_winchester1874": "WINCHESTER MODEL 1873", "bm_w_x_1911": "SA 1911 LIGHTWEIGHT OPERATOR DUALES", "bm_w_x_2006m": "MATEBA 2006M DUALES", "bm_w_x_akmsu": "AKMSU DUALES", "bm_w_x_b92fs": "BERETTA 92FS CENTURION DUALES", "bm_w_x_baka": "IMI MICRO UZI DUALES", "bm_w_x_basset": "CBRPS SPIKE X1S DUALES", "bm_w_x_beer": "BERETTA 93R DUALES", "bm_w_x_breech": "LUGER P08 DUALES", "bm_w_x_c96": "MAUSER C96 DUALES", "bm_w_x_chinchilla": "S&W MODEL 29 DUALES", "bm_w_x_coal": "PP-19 BIZON-2 DUALES", "bm_w_x_cobray": "COBRAY M11/9 DUALES", "bm_w_x_czech": "CZ 75/ACCUSHADOW 2 DUALES", "bm_w_x_deagle": "IMI DESERT EAGLE MARK XIX DUALES", "bm_w_x_erma": "MP40 DUALES", "bm_w_x_g17": "GLOCK 17 DUALES", "bm_w_x_g18c": "GLOCK 18C DUALES", "bm_w_x_g22c": "GLOCK 22C DUALES", "bm_w_x_hajk": "CZ 805 BREN A1 DUALES", "bm_w_x_holt": "HUDSON H9 DUALES", "bm_w_x_hs2000": "SPRINGFIELD ARMORY XDM DUALES", "bm_w_x_judge": "TAURUS 4510PLYFS DUALES", "bm_w_x_korth": "KORTH NXA DUALES", "bm_w_x_legacy": "H&K P7M13 DUALES", "bm_w_x_m1911": "COLT M1911/A1 DUALES", "bm_w_x_m1928": "M1928 THOMPSON DUALES", "bm_w_x_m45": "CARL GUSTAV M/45B DUALES", "bm_w_x_mac10": "INGRAM MAC-11 DUALES", "bm_w_x_maxim9": "SILENCERCO MAXIM 9 DUALES", "bm_w_x_model3": "S&W NO. 3 MODELO RUSO DUALES", "bm_w_x_mp5": "H&K MP5 DUALES", "bm_w_x_mp7": "H&K MP7A1 DUALES", "bm_w_x_mp9": "B&T MP9 DUALES", "bm_w_x_olympic": "OLYMPIC ARMS K23B DUALES", "bm_w_x_p226": "SIG-SAUER P226R DUALES", "bm_w_x_p90": "FN P90 TR DUALES", "bm_w_x_packrat": "H&K P30L DUALES", "bm_w_x_pl14": "KALASHNIKOV PL-14 LEBEDEV DUALES", "bm_w_x_pm9": "MINEBEA PM-9 DUALES", "bm_w_x_polymer": "KRISS VECTOR DUALES", "bm_w_x_ppk": "WALTHER PPK DUALES", "bm_w_x_rage": "TAURUS RAGING BULL DUALES", "bm_w_x_rota": "CRYE PRECISION SIX12 DUALES", "bm_w_x_schakal": "H&K UMP45 DUALES", "bm_w_x_scorpion": "SA. VZ.61 E SKORPION DUALES", "bm_w_x_shepheard": "SIG-SAUER MPX DUALES", "bm_w_x_shrew": "COLT DEFENDER DUALES", "bm_w_x_sko12": "STD. MANUFACTURING SKO-12 DUALES", "bm_w_x_sparrow": "IWI JERICHO 941 PL DUALES", "bm_w_x_sr2": "SR-2M VERESK DUALES", "bm_w_x_stech": "STECHKIN APS DUALES", "bm_w_x_sterling": "STERLING L2A3 DUALES", "bm_w_x_tec9": "INTRATEC TEC-9 DUALES", "bm_w_x_type54": "AKIMBO TOKAREV TT-33", "bm_w_x_usp": "H&K USP45 TACTICAL DUALES", "bm_w_x_uzi": "IMI UZI DUALES", "bm_w_x_vityaz": "PP-19-01 VITYAZ DUALES", "bm_wp_pis_g26": "GLOCK 26", "hud_carry_weapon": "AK-74", "hud_carry_weapon_glock": "GLOCK 17", "hud_carry_weapon_scar": "FN SCAR-H", "menu_akimbo": "DUALES", "menu_aru_job_2_obj_desc": "Mata 50 enemigos usando la LUGER P08", "menu_aru_job_3_obj_desc": "Mata 100 enemigos usando la MP40", "menu_aru_job_4_obj_desc": "Mata 200 enemigos usando el M1 GARAND", "menu_assault_rifle": "FUSILES DE ASALTO", "menu_challenge_frog_1_objective": "Completa el trabajo \"LA FUGA DE HOXTON\" con cada miembro del equipo sin equipar ninguna habilidad, usando el traje de dos piezas, usando el fusil AKM y el subfusil M1928 Thompson en dificultad OVERKILL o más alta.", "menu_challenge_monthly_firestarter_objective": "Completa el trabajo \"PIRÓMANOS\" usando solo el COLT MODEL 773, GLOCK 17, el traje de dos piezas y sin equipar ninguna habilidad en dificultad OVERKILL o más alta.", "menu_challenge_monthly_rats_objective": "Complete the \"RATAS\" usando solo el COLT MODEL 773, GLOCK 17, el traje de dos piezas y sin equipar ninguna habilidad en dificultad OVERKILL o más alta.", "menu_challenge_monthly_shadowraid_objective": "Complete \"INCURSIÓN SOMBRA\" usando solo el COLT MODEL 773, GLOCK 17, el traje de dos piezas y sin equipar ninguna habilidad en dificultad OVERKILL o más alta.", "menu_lmg": "AMETRALLADORAS LIGERAS", "menu_pistol": "PISTOLAS", "menu_shotgun": "ESCOPETAS", "menu_smg": "SUBFUSILES", "menu_snp": "FUSILES DE FRANCOTIRADOR", "trophy_aru_2_desc": "Una hermosa y preservada LUGER P08.", "trophy_aru_3_desc": "Una MP40 bien restaurada y engrasada. Un subfusil muy carismático cuando se trata de matar.", "trophy_aru_4_desc": "El M1 GARAND, un fiel fusil de servicio de las fuerzas armadas de EE.UU, actualmente una verdadera corona para toda colección que se respete a sí misma."}