{"bm_w_aa12": "MPS AA-12 CQB", "bm_w_ak12": "Izhmash AK-12", "bm_w_ak5": "博福斯 Ak 5", "bm_w_ak74": "Izhmash AKS-74", "bm_w_akm": "Izhmash AKMS", "bm_w_akm_gold": "黄金 AKMS", "bm_w_akmsu": "AKMSU", "bm_w_amcar": "柯尔特 M733", "bm_w_arbiter": "H&K XM25", "bm_w_asval": "TsNIITochMash AS Val'巨浪'", "bm_w_aug": "斯泰尔 AUG A2", "bm_w_b682": "CZ “美洲潜鸭” Deluxe 垂直排列式双管霰弹枪", "bm_w_b92fs": "伯莱塔 92FS 百夫长型", "bm_w_baka": "IMI 微型乌兹", "bm_w_basset": "Saiga-12K + CBRPS Spike X1S CQB套件", "bm_w_beer": "伯莱塔 93R", "bm_w_benelli": "伯奈利 M4 Super 90", "bm_w_boot": "温切斯特 M1887", "bm_w_breech": "鲁格 P08", "bm_w_c96": "毛瑟 C96", "bm_w_china": "中国湖榴弹发射器", "bm_w_chinchilla": "史密斯 & 威森 M29", "bm_w_ching": "M1 加兰德", "bm_w_coach": "雷明顿 M1889 水平排列式外置击锤双管猎枪", "bm_w_coal": "Izhmash PP-19 '野牛'-2", "bm_w_cobray": "Cobray M11/9", "bm_w_colt_1911": "1911 特战轻量型", "bm_w_contraband": "H&K HK417 + M203 PI 榴弹发射器", "bm_w_corgi": "FN F2000 战术型 TR", "bm_w_czech": "CZ 75 自动手枪", "bm_w_deagle": "IMI 沙漠之鹰 XIX 型", "bm_w_desertfox": "DTA 隐秘侦察兵(SRS) A1", "bm_w_erma": "MP40", "bm_w_fal": "DSA SA58 FAL", "bm_w_famas": "FAMAS F1", "bm_w_flamethrower_mk2": "火焰喷射器", "bm_w_g22c": "Glock 22C", "bm_w_g3": "H&K G3A3", "bm_w_g36": "H&K G36KV", "bm_w_galil": "IMI Galil ARM", "bm_w_glock_17": "Glock 17", "bm_w_glock_18c": "Glock 18C", "bm_w_gre_m79": "M79 榴弹发射器", "bm_w_groza": "OTs-14-4A '闪电'", "bm_w_hajk": "CZ 805 BREN A1", "bm_w_hk21": "H&K HK21E", "bm_w_holt": "哈德森 H9", "bm_w_hs2000": "春田兵工厂 XDM", "bm_w_hunter": "阿穆尔猎鹰 手弩", "bm_w_huntsman": "Stoeger/IGA", "bm_w_jowi": "双持 格洛克 26", "bm_w_judge": "陶鲁斯 4510PLYFS", "bm_w_komodo": "IWI X95", "bm_w_ksg": "Kel-Tec KSG", "bm_w_l85a2": "恩菲尔德 L85A2", "bm_w_legacy": "H&K P7M13", "bm_w_lemming": "FN Five-seveN FDE", "bm_w_long": "英格兰长弓", "bm_w_m134": "M134 转管机枪", "bm_w_m14": "M14 精确射手步枪", "bm_w_m16": "柯尔特 M16A4", "bm_w_m1897": "温切斯特 M1897", "bm_w_m1911": "柯尔特 M1911/A1", "bm_w_m1928": "汤姆逊 M1928A1 LTD", "bm_w_m249": "FN M249 伞兵型", "bm_w_m32": "Milkor MGL Mk 1L 榴弹发射器", "bm_w_m37": "伊萨卡 M37", "bm_w_m4": "柯尔特 M4A1", "bm_w_m45": "卡尔·古斯塔夫 M/45B", "bm_w_m590": "莫斯伯格 590 巡逻车紧凑型", "bm_w_m60": "M60", "bm_w_m95": "巴雷特 M95", "bm_w_mac10": "英格拉姆 MAC-11", "bm_w_mateba": "Mateba 2006M", "bm_w_mg42": "MG 42", "bm_w_model3": "史密斯 & 威森 3号转轮手枪 俄国型", "bm_w_model70": "温切斯特 M70", "bm_w_mosin": "莫辛-纳甘 M1907 卡宾型", "bm_w_mp5": "H&K MP5", "bm_w_mp7": "H&K MP7A2", "bm_w_mp9": "布鲁加 & 托梅 MP9", "bm_w_msr": "雷明顿 MSR", "bm_w_olympic": "奥林匹克军工 K23B", "bm_w_p226": "西格绍尔 P226R", "bm_w_p90": "FN P90 TR", "bm_w_packrat": "H&K P30L", "bm_w_par": "FN M240G", "bm_w_peacemaker": "鲁格 New Vaquero", "bm_w_pl14": "卡拉什尼科夫集团 PL-14 列别杰夫", "bm_w_pm9": "Minebea PM-9", "bm_w_polymer": "KRISS Vector", "bm_w_ppk": "瓦尔特 PPK", "bm_w_qbu88": "北方工业 QBU-88", "bm_w_r700": "雷明顿 M700P", "bm_w_r870": "雷明顿 M870", "bm_w_r93": "Blaser R93 LRS2", "bm_w_raging_bull": "陶鲁斯 愤怒公牛", "bm_w_ray": "M202 FLASH 火箭发射器", "bm_w_rota": "Crye Precision SIX12", "bm_w_rpg7": "RPG-7", "bm_w_rpk": "Izhmash RPK", "bm_w_rsh12": " RSh-12", "bm_w_s552": "西格绍尔 SG 552-2", "bm_w_saiga": "Izhmash Saiga-12K", "bm_w_saw": "OVE9000 电锯", "bm_w_sbl": "玛林 M1895 Trapper", "bm_w_scar": "FN SCAR-H STD", "bm_w_schakal": "H&K UMP45", "bm_w_scorpion": "Sa. Vz.61 蝎式", "bm_w_serbu": "雷明顿 870 截短式", "bm_w_shak12": "ShAK-12", "bm_w_shepheard": "西格绍尔 MPX", "bm_w_shrew": "柯尔特 Defender", "bm_w_shuno": "Empty Shell LLC XM556 微型转管机枪", "bm_w_siltstone": "SVD 德拉贡诺夫", "bm_w_slap": "H&K M320", "bm_w_sparrow": "IWI 杰里科 941 PL", "bm_w_spas12": "弗兰基 SPAS-12", "bm_w_sr2": "TsNIITochMash SR-2M '希瑟'", "bm_w_stech": "斯捷奇金 APS", "bm_w_sterling": "斯特林 L2A3", "bm_w_striker": "Sentinel Arms 打击者-12", "bm_w_sub2000": "Kel-Tec SUB-2000", "bm_w_system": "无聊公司 这玩意不是喷火器", "bm_w_tec9": "英特拉泰克 TEC-9", "bm_w_tecci": "H&K HK416C", "bm_w_tti": "塔兰战术 TR-1 Ultra-light", "bm_w_type54": "54式‘黑星’手枪", "bm_w_usp": "H&K USP45 战术型", "bm_w_uzi": "IWI 乌兹", "bm_w_vhs": "HS Produkt VHS-D2", "bm_w_vityaz": "Izhmash PP-19-01 '勇士'", "bm_w_wa2000": "瓦尔特 WA2000", "bm_w_winchester1874": "温切斯特 M1873", "bm_w_x_1911": "双持 1911 轻量特战型", "bm_w_x_2006m": "双持 Mateba 2006M", "bm_w_x_akmsu": "双持 AKMSU", "bm_w_x_b92fs": "双持 伯莱塔 92FS 百夫长型", "bm_w_x_baka": "双持 IMI 微型乌兹", "bm_w_x_basset": "双持 CBRPS Spike X1S Saiga-12K CQB", "bm_w_x_beer": "双持 伯莱塔 93R", "bm_w_x_breech": "双持 鲁格 P08", "bm_w_x_c96": "双持 毛瑟 C96", "bm_w_x_chinchilla": "双持 史密斯 & 威森 M29", "bm_w_x_coal": "双持 Izhmash PP-19 '野牛'-2", "bm_w_x_cobray": "双持 Cobray M11/9", "bm_w_x_czech": "双持 CZ 75 自动手枪", "bm_w_x_deagle": "双持 IMI 沙漠之鹰 XIX 型", "bm_w_x_erma": "双持 MP40", "bm_w_x_g17": "双持 Glock 17", "bm_w_x_g18c": "双持 Glock 18C", "bm_w_x_g22c": "双持 Glock 22C", "bm_w_x_hajk": "双持 CZ 805 BREN A1", "bm_w_x_holt": "双持 哈德森 H9", "bm_w_x_hs2000": "双持 春田兵工厂 XDM", "bm_w_x_judge": "双持 陶鲁斯 4510PLYFS", "bm_w_x_legacy": "双持 H&K P7M13", "bm_w_x_m1911": "双持 柯尔特 M1911/A1", "bm_w_x_m1928": "双持 汤姆逊 M1928A1 LTD", "bm_w_x_m45": "双持 卡尔·古斯塔夫 M/45B", "bm_w_x_mac10": "双持 英格拉姆 MAC-11", "bm_w_x_model3": "双持 史密斯 & 威森 3号转轮手枪 俄国型", "bm_w_x_mp5": "双持 H&K MP5", "bm_w_x_mp7": "双持 H&K MP7A2", "bm_w_x_mp9": "双持 布鲁加 & 托梅 MP9", "bm_w_x_olympic": "双持 奥林匹克军工 K23B", "bm_w_x_p226": "双持 西格绍尔 P226R", "bm_w_x_p90": "双持 FN P90 TR", "bm_w_x_packrat": "双持 H&K P30L", "bm_w_x_pl14": "双持 卡拉什尼科夫集团 PL-14 列别杰夫", "bm_w_x_pm9": "双持 Minebea PM-9", "bm_w_x_polymer": "双持 KRISS Vector", "bm_w_x_ppk": "双持 瓦尔特 PPK", "bm_w_x_rage": "双持 陶鲁斯 ‘愤怒公牛’", "bm_w_x_rota": "双持 Crye Precision SIX12", "bm_w_x_schakal": "双持 H&K UMP45", "bm_w_x_scorpion": "双持 Sa. Vz.61 蝎式", "bm_w_x_shepheard": "双持 西格绍尔 MPX", "bm_w_x_shrew": "双持 柯尔特 防卫型", "bm_w_x_sparrow": "双持 IWI 杰里科 941 PL", "bm_w_x_sr2": "双持 TsNIITochMash SR-2M '希瑟'", "bm_w_x_stech": "双持 斯捷奇金 APS", "bm_w_x_sterling": "双持 斯特林 L2A3", "bm_w_x_tec9": "双持 英特拉泰克 TEC-9", "bm_w_x_type54": "双持 54式‘黑星’手枪", "bm_w_x_usp": "双持 H&K USP45 战术型", "bm_w_x_uzi": "双持 IWI 乌兹", "bm_w_x_vityaz": "双持 Izhmash PP-19-01 '勇士'", "bm_wp_pis_g26": "Glock 26", "hud_carry_weapon": "Izhmash AKS-74", "hud_carry_weapon_glock": "Glock 17", "hud_carry_weapon_scar": "FN SCAR-H", "menu_akimbo": "双持", "menu_aru_job_2_obj_desc": "使用 鲁格 P08 击杀 50 名敌人", "menu_aru_job_3_obj_desc": "使用 MP40 击杀 100 名敌人", "menu_aru_job_4_obj_desc": "使用 M1 加兰德 击杀 200 名敌人", "menu_assault_rifle": "突击步枪", "menu_challenge_frog_1_objective": "全队成员在无任何技能，身穿两件套西装，携带黄金 AKMS步枪和汤姆逊 M1928A1 LTD冲锋枪的情况下完成“霍斯顿越狱记”任务，难度为枪林弹雨或以上。", "menu_challenge_monthly_firestarter_objective": "使用柯尔特 M733、Glock 17、与两件套西装，并在无技能的情况下完成“纵火者”任务，难度为枪林弹雨或以上。", "menu_challenge_monthly_rats_objective": "使用柯尔特 M733、Glock 17、与两件套西装，并在无技能的情况下完成“鼠辈”任务，难度为枪林弹雨或以上。", "menu_challenge_monthly_shadowraid_objective": "使用柯尔特 M733、Glock 17、与两件套西装，并在无技能的情况下完成“暗影突袭”任务，难度为枪林弹雨或以上。", "menu_lmg": "轻机枪", "menu_pistol": "手枪", "menu_shotgun": "霰弹枪", "menu_smg": "冲锋枪", "menu_snp": "狙击步枪", "trophy_aru_2_desc": "一把保存完好的鲁格 P08。", "trophy_aru_3_desc": "一把巧妙保存而状态良好的 MP40 冲锋枪。", "trophy_aru_4_desc": "M1 加兰德是美军部队的可靠服役武器，在任何收藏中都是皇冠上的璀璨钻石。"}