{"bm_w_aa12": "MPS AA-12 CQB", "bm_w_ak12": "AK-12", "bm_w_ak5": "Bofors Ak 5", "bm_w_ak74": "AKS-74", "bm_w_akm": "AKMS", "bm_w_akm_gold": "Golden AKMS", "bm_w_akmsu": "AKMSU", "bm_w_amcar": "Colt Model 733", "bm_w_arbiter": "ATK XM25", "bm_w_asval": "AS Val", "bm_w_aug": "Steyr AUG A2", "bm_w_awp": "Accuracy International AW-F", "bm_w_b682": "CZ Redhead Deluxe O/U", "bm_w_b92fs": "Beretta 92FS Centurion", "bm_w_baka": "IMI Micro Uzi", "bm_w_basset": "CBRPS Spike X1S", "bm_w_beer": "Beretta 93R", "bm_w_benelli": "Benelli M4 Super 90", "bm_w_bessy": "Brown Bess Flintlock Musket", "bm_w_boot": "Winchester Model 1887", "bm_w_breech": "Luger P08", "bm_w_c96": "Mauser C96", "bm_w_china": "China Lake Launcher", "bm_w_chinchilla": "S&W Model 29", "bm_w_ching": "M1 Garand", "bm_w_coach": "Remington Exposed Hammer SxS", "bm_w_coal": "PP-19 Bizon-2", "bm_w_cobray": "Cobray M11/9", "bm_w_colt_1911": "SA 1911 Lightweight Operator", "bm_w_contender": "Thompson Center Arms Contender G2", "bm_w_contraband": "H&K HK417", "bm_w_contraband_m203": "H&K HK417 M203 Grenade Launcher", "bm_w_corgi": "FN F2000 Tactical", "bm_w_czech": "CZ 75/AccuShadow 2", "bm_w_deagle": "IMI Desert Eagle Mark XIX", "bm_w_desertfox": "DTA Stealth Recon Scout A1", "bm_w_elastic": "Quest Radical Compound Bow", "bm_w_erma": "MP40", "bm_w_fal": "DSA SA58 FAL", "bm_w_famas": "FAMAS F1", "bm_w_flamethrower_mk2": "Flamethrower", "bm_w_fmg9": "Magpul FDC-9", "bm_w_g22c": "Glock 22C", "bm_w_g3": "H&K G3A3", "bm_w_g36": "H&K G36KV", "bm_w_galil": "IMI Galil ARM", "bm_w_glock_17": "Glock 17", "bm_w_glock_18c": "Glock 18C", "bm_w_gre_m79": "M79 Grenade Launcher", "bm_w_groza": "OTs-14-4A Groza", "bm_w_hailstorm": "Magpul PDR Metal Storm", "bm_w_hajk": "CZ 805 BREN A1", "bm_w_hcar": "Ohio Ordnance HCAR", "bm_w_hk21": "H&K HK21E", "bm_w_hk51b": "Vollmer HK51-B", "bm_w_holt": "Hudson H9", "bm_w_hs2000": "Springfield Armory XDM", "bm_w_hunter": "Pistol Crossbow Avalanche Tactical", "bm_w_huntsman": "Stoeger/IGA", "bm_w_jowi": "Akimbo Glock 26", "bm_w_judge": "Taurus 4510PLYFS", "bm_w_kacchainsaw": "KAC ChainSAW", "bm_w_komodo": "IWI Tavor X95", "bm_w_korth": "Korth NXA", "bm_w_ksg": "Kel-Tec KSG", "bm_w_l85a2": "L85A2", "bm_w_legacy": "H&K P7M13", "bm_w_lemming": "FN Five-seveN FDE", "bm_w_long": "English Bow", "bm_w_m134": "M134 Minigun", "bm_w_m14": "M14 Designated Marksman Rifle", "bm_w_m16": "M16A4", "bm_w_m1897": "Winchester Model 1897", "bm_w_m1911": "Colt M1911/A1", "bm_w_m1928": "M1928 Thompson", "bm_w_m249": "FN M249 Para", "bm_w_m32": "Milkor MGL Mk 1L Grenade Launcher", "bm_w_m37": "Ithaca 37", "bm_w_m4": "M4A1", "bm_w_m45": "Carl Gustav M/45B", "bm_w_m590": "Mossberg 590 Compact Cruiser", "bm_w_m60": "M60", "bm_w_m95": "Barrett M95", "bm_w_mac10": "Ingram MAC-11", "bm_w_mateba": "Mateba 2006M", "bm_w_maxim9": "SilencerCo Maxim 9", "bm_w_mg42": "MG 42", "bm_w_model3": "S&W No. 3 Russian Model", "bm_w_model70": "Winchester Model 70", "bm_w_mosin": "Mosin Nagant M91/30", "bm_w_mp5": "H&K MP5", "bm_w_mp7": "H&K MP7A2", "bm_w_mp9": "B&T MP9", "bm_w_ms3gl": "Metal Storm 3GL Grenade Launcher", "bm_w_msr": "Remington MSR", "bm_w_olympic": "Olympic Arms K23B", "bm_w_p226": "SIG-Sauer P226R", "bm_w_p90": "FN P90 TR", "bm_w_packrat": "H&K P30L", "bm_w_par": "M240B", "bm_w_peacemaker": "Ruger New Vaquero", "bm_w_pl14": "Kalashnikov Concern PL-14 Lebedev", "bm_w_pm9": "Minebea PM-9", "bm_w_polymer": "KRISS Vector", "bm_w_ppk": "Walther PPK/S", "bm_w_qbu88": "Norinco QBU-88", "bm_w_r700": "Remington Model 700P", "bm_w_r870": "Remington Model 870 Field Gun", "bm_w_r93": "Blaser R93 Tactical 2", "bm_w_raging_bull": "Taurus Raging Bull", "bm_w_ray": "M202 FLASH", "bm_w_rota": "Crye Precision SIX12", "bm_w_rpg7": "RPG-7", "bm_w_rpk": "RPK", "bm_w_rsh12": " RSh-12", "bm_w_s552": "SIG SG 552-2", "bm_w_saiga": "Saiga-12K", "bm_w_saw": "OVE9000 Saw", "bm_w_sbl": "Marlin Model 1895 Trapper", "bm_w_scar": "FN SCAR-H", "bm_w_schakal": "H&K UMP45", "bm_w_scorpion": "Sa. Vz.61 E Skorpion", "bm_w_scout": "Steyr Scout", "bm_w_serbu": "Remington 870 Short-barreled", "bm_w_shak12": "ShAK-12", "bm_w_shepheard": "SIG-Sauer MPX", "bm_w_shrew": "Colt Defender", "bm_w_shuno": "Empty Shell LLC XM556 Microgun", "bm_w_siltstone": "SVD Dragunov", "bm_w_sko12": "Standard Manufacturing SKO-12", "bm_w_slap": "H&K M320 Grenade Launcher", "bm_w_sparrow": "IWI Jericho 941 PL", "bm_w_spas12": "Franchi SPAS-12", "bm_w_sr2": "SR-2M Veresk", "bm_w_stech": "Stechkin APS", "bm_w_sterling": "Sterling L2A3", "bm_w_striker": "Sentinel Arms Striker-12", "bm_w_sub2000": "Kel-Tec SUB-2000", "bm_w_supernova": "Benelli Supernova Tactical", "bm_w_system": "The Boring Company Not A Flamethrower", "bm_w_tec9": "Intratec TEC-9", "bm_w_tecci": "H&K HK416C", "bm_w_tkb": "TKB-059", "bm_w_tti": "TTI TR-1 Ultra-light", "bm_w_type54": "Tokarev TT-33", "bm_w_ultima": "Baikal MP-155 Ultima", "bm_w_usp": "H&K USP45 Tactical", "bm_w_uzi": "IMI Uzi", "bm_w_vhs": "HS Produkt VHS-D2", "bm_w_victor": "Springfield Armory SAINT Victor", "bm_w_vityaz": "PP-19-01 Vityaz-SN", "bm_w_wa2000": "Walther WA 2000", "bm_w_winchester1874": "Winchester Model 1873", "bm_w_x_1911": "Akimbo SA 1911 Lightweight Operator", "bm_w_x_2006m": "Akimbo Mateba 2006M", "bm_w_x_akmsu": "Akimbo AKMSU", "bm_w_x_b92fs": "Akimbo Beretta 92FS Centurion", "bm_w_x_baka": "Akimbo IMI Micro Uzi", "bm_w_x_basset": "Akimbo CBRPS Spike X1S", "bm_w_x_beer": "Akimbo Beretta 93R", "bm_w_x_breech": "Akimbo Luger P08", "bm_w_x_c96": "Akimbo Mauser C96", "bm_w_x_chinchilla": "Akimbo S&W Model 29", "bm_w_x_coal": "Akimbo PP-19 Bizon-2", "bm_w_x_cobray": "Akimbo Cobray M11/9", "bm_w_x_czech": "Akimbo CZ 75/Accushadow 2", "bm_w_x_deagle": "Akimbo IMI Desert Eagle Mark XIX", "bm_w_x_erma": "Akimbo MP40", "bm_w_x_g17": "Akimbo Glock 17", "bm_w_x_g18c": "Akimbo Glock 18C", "bm_w_x_g22c": "Akimbo Glock 22C", "bm_w_x_hajk": "Akimbo CZ 805 BREN A1", "bm_w_x_holt": "Akimbo Hudson H9", "bm_w_x_hs2000": "Akimbo Springfield Armory XDM", "bm_w_x_judge": "Akimbo Taurus 4510PLYFS", "bm_w_x_korth": "Akimbo Korth NXA", "bm_w_x_legacy": "Akimbo H&K P7M13", "bm_w_x_m1911": "Akimbo Colt M1911/A1", "bm_w_x_m1928": "Akimbo M1928 Thompson", "bm_w_x_m45": "Akimbo Carl Gustav M/45B", "bm_w_x_mac10": "Akimbo Ingram MAC-11", "bm_w_x_maxim9": "Akimbo SilencerCo Maxim 9", "bm_w_x_model3": "Akimbo S&W No. 3 Russian Model", "bm_w_x_mp5": "Akimbo H&K MP5", "bm_w_x_mp7": "Akimbo H&K MP7A2", "bm_w_x_mp9": "Akimbo B&T MP9", "bm_w_x_olympic": "Akimbo Olympic Arms K23B", "bm_w_x_p226": "Akimbo SIG-Sauer P226R", "bm_w_x_p90": "Akimbo FN P90 TR", "bm_w_x_packrat": "Akimbo H&K P30L", "bm_w_x_pl14": "Akimbo Kalashnikov Concern PL-14 Lebedev", "bm_w_x_pm9": "Akimbo Minebea PM-9", "bm_w_x_polymer": "Akimbo KRISS Vector", "bm_w_x_ppk": "Akimbo Walther PPK", "bm_w_x_rage": "Akimbo Taurus Raging Bull", "bm_w_x_rota": "Akimbo Crye Precision SIX12", "bm_w_x_schakal": "Akimbo H&K UMP45", "bm_w_x_scorpion": "Akimbo Sa. Vz.61 E Skorpion", "bm_w_x_shepheard": "Akimbo SIG-Sauer MPX", "bm_w_x_shrew": "Akimbo Colt Defender", "bm_w_x_sko12": "Akimbo Standard Manufacturing SKO-12", "bm_w_x_sparrow": "Akimbo IWI Jericho 941 PL", "bm_w_x_sr2": "Akimbo SR-2M Veresk", "bm_w_x_stech": "Akimbo Stechkin APS", "bm_w_x_sterling": "Akimbo Sterling L2A3", "bm_w_x_tec9": "Akimbo Intratec TEC-9", "bm_w_x_type54": "Akimbo Tokarev TT-33", "bm_w_x_usp": "Akimbo H&K USP45 Tactical", "bm_w_x_uzi": "Akimbo IMI Uzi", "bm_w_x_vityaz": "Akimbo PP-19-01 Vityaz-SN", "bm_wp_pis_g26": "Glock 26", "hud_carry_weapon": "AKS-74", "hud_carry_weapon_glock": "Glock 17", "hud_carry_weapon_scar": "FN SCAR-H", "menu_akimbo": "Akimbo", "menu_aru_job_2_obj_desc": "Kill 50 enemies using the Luger P08", "menu_aru_job_3_obj_desc": "Kill 100 enemies using the MP40", "menu_aru_job_4_obj_desc": "Kill 200 enemies using the M1 Garand", "menu_assault_rifle": "Assault Rifles", "menu_challenge_frog_1_objective": "In the \"HOXTON BREAKOUT\" job, complete the heist on OVERKILL difficulty or above with each crew member using no skills, wearing Suits, wielding Golden AKMS rifles and M1928 Thompson submachine guns.", "menu_challenge_monthly_firestarter_objective": "Complete the \"FIRESTARTER\" job on OVERKILL or above using only Colt Model 733, Glock 17, the Two-piece Suit and no skills.", "menu_challenge_monthly_rats_objective": "Complete the \"RATS\" job on OVERKILL or above using only Colt Model 733, Glock 17, the Two-piece Suit and no skills.", "menu_challenge_monthly_shadowraid_objective": "Complete \"SHADOW RAID\" on OVERKILL or above using only Colt Model 733, Glock 17, the Two-piece Suit and no skills.", "menu_lmg": "Light Machine Guns", "menu_pistol": "Pistols", "menu_shotgun": "Shotguns", "menu_smg": "Sub-Machine Guns", "menu_snp": "Sniper Rifles", "trophy_aru_2_desc": "A beautifully preserved Luger P08.", "trophy_aru_3_desc": "A well oiled MP40, skillfully resorted.", "trophy_aru_4_desc": "The M1 Garand is a trusted service rifle of the US armed forces. The crown jewel in any respectable collection."}