{"bm_w_akm_gold": "AKMS dorato", "bm_w_arbiter": "XM25", "bm_w_basset": "Conversione CQB per CBRPS Spike X1S Saiga-12K", "bm_w_china": "Lanciagranate China Lake", "bm_w_contraband": "H&K HK417 con lanciagranate M203 PI", "bm_w_flamethrower_mk2": "Lanciafiamme", "bm_w_gre_m79": "Lanciagranate M79", "bm_w_hunter": "Pistola a balestra Amur Falcon", "bm_w_jowi": "Doppie Glock 26", "bm_w_long": "Arco Inglese", "bm_w_m14": "Fucile di precisione M14", "bm_w_m32": "Lanciagranate Milkor MGL Mk 1L", "bm_w_ray": "Lanciarazzi M202 FLASH", "bm_w_saw": "Sega OVE9000", "bm_w_serbu": "Remington 870 a canna corta", "bm_w_x_1911": "Doppie 1911 Lightweight Operator", "bm_w_x_2006m": "Doppie Mateba 2006M", "bm_w_x_akmsu": "Doppie AKMSU", "bm_w_x_b92fs": "Doppie Beretta 92FS Centurion", "bm_w_x_baka": "Doppie IMI Micro Uzi", "bm_w_x_basset": "Doppie CBRPS Spike X1S Saiga-12K CQB", "bm_w_x_beer": "Doppie Beretta 93R", "bm_w_x_breech": "Doppie Luger P08", "bm_w_x_c96": "Doppie Mauser C96", "bm_w_x_chinchilla": "Doppie Smith & Wesson Model 29", "bm_w_x_coal": "Doppie Izhmash PP-19 Bizon-2", "bm_w_x_cobray": "Doppie Cobray M11/9", "bm_w_x_czech": "Doppie CZ 75", "bm_w_x_deagle": "Doppie IMI Desert Eagle Mark XIX", "bm_w_x_erma": "Doppie MP40", "bm_w_x_g17": "Doppie Glock 17", "bm_w_x_g18c": "Doppie Glock 18C", "bm_w_x_g22c": "Doppie Glock 22C", "bm_w_x_hajk": "Doppie CZ 805 BREN A1", "bm_w_x_hs2000": "Doppie Springfield Armory XDM", "bm_w_x_judge": "Doppie Taurus 4510PLYFS", "bm_w_x_legacy": "Doppie H&K P7M13", "bm_w_x_m1928": "Doppie Thompson M1928A1 LTD", "bm_w_x_m45": "Doppie Carl Gustav M/45B", "bm_w_x_mac10": "Doppie Ingram MAC-11", "bm_w_x_mp5": "Doppie H&K MP5", "bm_w_x_mp7": "Doppie H&K MP7A2", "bm_w_x_mp9": "Doppie Brügger & Thomet MP9", "bm_w_x_olympic": "Doppie Olympic Arms K23B", "bm_w_x_p226": "Doppie SIG-Sauer P226R", "bm_w_x_p90": "Doppie FN P90 TR", "bm_w_x_packrat": "Doppie H&K P30L", "bm_w_x_pl14": "Doppie Kalashnikov Concern PL-14 Lebedev", "bm_w_x_polymer": "Doppie KRISS Vector", "bm_w_x_ppk": "Doppie Walther PPK", "bm_w_x_rage": "Doppie Taurus Raging Bull", "bm_w_x_rota": "Doppie Crye Precision SIX12", "bm_w_x_schakal": "Doppie H&K UMP45", "bm_w_x_scorpion": "Doppie Sa. Vz.61 Skorpion", "bm_w_x_shepheard": "Doppie SIG-Sauer MPX", "bm_w_x_shrew": "Doppie Colt Defender", "bm_w_x_sparrow": "Doppie IWI Jericho 941 PL", "bm_w_x_sr2": "Doppie TsNIITochMash SR-2M Veresk", "bm_w_x_stech": "Doppie Stechkin APS", "bm_w_x_sterling": "Doppie Sterling L2A3", "bm_w_x_tec9": "Doppie Intratec TEC-9", "bm_w_x_usp": "Doppie H&K USP45 Tactical", "bm_w_x_uzi": "Doppie IMI Uzi", "menu_akimbo": "Doppie pistole", "menu_aru_job_2_obj_desc": "Uccidi 50 nemici con la Luger P08", "menu_aru_job_3_obj_desc": "Uccidi 100 nemici con l'MP40", "menu_aru_job_4_obj_desc": "Uccidi 200 nemici con l'M1 Garand", "menu_assault_rifle": "Fucili d'assalto", "menu_challenge_frog_1_objective": "Completa il contratto \"EVASIONE DI HOXTON\" in difficoltà OVERKILL o superiore facendo in modo che la squadra non usi nessuna abilità, che indossi l'abito elegante, ed equipaggino il fucile AKMS dorato e la pistola mitragliatrice Thompson M1928A1 LTD.", "menu_challenge_monthly_firestarter_objective": "Completa il contratto \"PIROMANI\" in difficoltà OVERKILL o superiore facendo in modo che la tua squadra usi soltanto il fucile d'assalto Colt Model 733, la pistola Glock 17, l'abito elegante e senza usare abilità.", "menu_challenge_monthly_rats_objective": "Completa il contratto \"SPIE\" in difficoltà OVERKILL o superiore facendo in modo che la tua squadra usi soltanto il fucile d'assalto Colt Model 733, la pistola Glock 17, l'abito elegante e senza usare abilità.", "menu_challenge_monthly_shadowraid_objective": "Completa il contratto \"OMBRE CINESI\" in difficoltà OVERKILL o superiore facendo in modo che la tua squadra usi soltanto il fucile d'assalto Colt Model 733, la pistola Glock 17, l'abito elegante e senza usare abilità.", "menu_lmg": "Mitragliatrici leggere", "menu_pistol": "Pistole", "menu_shotgun": "Fucili a pompa", "menu_smg": "Pistole mitragliatrici", "menu_snp": "Fucili di precisione"}