{"bm_w_akm_gold": "Goldene AKMS", "bm_w_basset": "CBRPS Spike X1S Saiga-12K CQB Umbau", "bm_w_china": "China Lake Granatwerfer", "bm_w_contraband": "H&K HK417 mit M203 PI Granatwerfer", "bm_w_flamethrower_mk2": "Flammenwerfer", "bm_w_gre_m79": "M79 Granatwerfer", "bm_w_hunter": "Amur Falcon Pistolenarmbrust", "bm_w_long": "Englischer Bogen", "bm_w_m32": "Milkor MGL Mk 1L Granatwerfer", "bm_w_mosin": "Mosin Nagant M1907 Karabiner", "bm_w_ray": "M202 FLASH Raketenwerfer", "bm_w_saw": "OVE9000 Säge", "bm_w_serbu": "Remington 870 Kurzer Lauf", "menu_aru_job_2_obj_desc": "Töte 50 Gegner mit der Luger P08", "menu_aru_job_3_obj_desc": "Töte 100 Gegner mit der MP40", "menu_aru_job_4_obj_desc": "Töte 200 Gegner mit dem M1 Garand", "menu_assault_rifle": "Sturmgewehre", "menu_challenge_frog_1_objective": "Im \"HOXTONS AUSBRUCH\" Auftrag, beende den Raub auf OVERKILL oder darüber und jedes Crewmitglied benutzt keine Fähigkeiten, den zwei-teiligen Anzug, Goldenen AKMS Gewehre und Thompson M1928 LTD Maschinenpistolen.", "menu_challenge_monthly_firestarter_objective": "Schließe \"BRANDSTIFTER\" auf OVERKILL oder darüber ab, während du Colt Model 733, Glock 17, den zwei-teiligen Anzug und keine Fähigkeiten benutzt.", "menu_challenge_monthly_rats_objective": "Schließe \"RATTEN\" auf OVERKILL oder darüber ab, während du Colt Model 733, Glock 17, den zwei-teiligen Anzug und keine Fähigkeiten benutzt.", "menu_challenge_monthly_shadowraid_objective": "Schließe \"SCHATTENRAUB\" auf OVERKILL oder darüber ab, während du Colt Model 733, Glock 17, den zwei-teiligen Anzug und keine Skills benutzt.", "menu_lmg": "Maschinengewehr", "menu_pistol": "Pistolen", "menu_shotgun": "Schrotflinten", "menu_smg": "Maschinenpistole", "menu_snp": "Scharfschützengewehre", "trophy_aru_2_desc": "Eine herrlich gepflegte Luger P08.", "trophy_aru_3_desc": "Eine gut geölte MP40, meisterhaft umgebaut.", "trophy_aru_4_desc": "Das M1 Garand ist eine zuverlässige Dienstwaffe der US-Streitkräfte. Das Kronjuwel jeder anständigen Sammlung."}