{
    "bm_w_akm_gold": "AKMS Dorée",
    "bm_w_amcar": "Colt Modèle 733",
    "bm_w_baka": "Micro Uzi IMI",
    "bm_w_boot": "Winchester Modèle 1887",
    "bm_w_china": "Lanceur China Lake",
    "bm_w_chinchilla": "Smith & Wesson Modèle 29",
    "bm_w_coach": "Remington SxS Chien exposé",
    "bm_w_contraband": "H&K HK417 avec M203 PI Lanceur de grenades",
    "bm_w_flamethrower_mk2": "Lance-flammes",
    "bm_w_gre_m79": "M79 Lanceur de grenades",
    "bm_w_hunter": "Amur Falcon Pistol Arbalète",
    "bm_w_long": "Arc Anglais",
    "bm_w_m14": "Fusil M14 de tireur de précision",
    "bm_w_m32": "Milkor MGL Mk 1L Lanceur de grenades",
    "bm_w_model70": "Winchester Modèle 70",
    "bm_w_mosin": "Carabine Mosin Nagant M1907",
    "bm_w_r870": "Remington Modèle 870",
    "bm_w_ray": "M202 FLASH Lance-roquettes",
    "bm_w_saw": "Scie OVE9000",
    "bm_w_serbu": "Remington 870 à canon court",
    "bm_w_winchester1874": "Winchester Modèle 1873",
    "bm_w_x_chinchilla": "Akimbo Smith & Wesson Modèle 29",
    "menu_aru_job_2_obj_desc": "Tuer 50 ennemis en utilisant le Luger P08",
    "menu_aru_job_3_obj_desc": "Tuer 100 ennemis en utilisant le Steyr MP40",
    "menu_aru_job_4_obj_desc": "Tuer 200 ennemis en utilisant le Springfield Armory M1 Garand",
    "menu_assault_rifle": "Fusils d'assaults",
    "menu_challenge_frog_1_objective": "Dans l'Évasion d'Hoxton, compléter la mission avec la dificulté OVERKILL ou plus avec vos coéquipiers utilisant aucune compétences, avec des costumes 2-pièces, des Golden AKMS et des Thompson M1928A1 LTD.",
    "menu_challenge_monthly_firestarter_objective": "Compléter \"PYROMANE\" en OVERKILL ou plus en utilisant uniquement le Colt Model 733, le Glock 17, le costume 2-pieces et aucune compétences.",
    "menu_challenge_monthly_rats_objective": "Compléter \"AMPHET À GOGO\" en OVERKILL ou plus en utilisant uniquement le Colt Model 733, Glock 17, le costume 2-pieces et aucune compétences.",
    "menu_challenge_monthly_shadowraid_objective": "Compléter \"PILLAGE NOCTURNE\" en OVERKILL ou plus en utilisant uniquement le Colt Model 733, le Glock 17, le costume 2-pieces et aucune compétences.",
    "menu_lmg": "Mitrailleuses légères",
    "menu_pistol": "Pistolets",
    "menu_shotgun": "Fusil à pompes",
    "menu_smg": "Mitraillettes",
    "menu_snp": "Fusils de précision"
}